gap,normalized_pct,low_mean,high_mean,population,n_units,n_clusters,effective_clusters,max_cluster_share,populated_groups,n_cells,se,lower,upper,inference_status,design,level,outcome,standardized_gap,city_id
20.9415184732329,445.836909119122,25.6386438221881,4.69712534895525,4255038,37375,37375,10488.6213997462,0.00109658245120255,6,195153,0.637051277304355,19.6928804760341,22.1901564704317,conditional_cluster_HC1,A,fine,hrs_d_pm10_it1,0.262216123506627,bogota_2018
20.9415184732329,445.836909119122,25.6386438221881,4.69712534895525,4255038,37375,37375,10488.6213997462,0.00109658245120255,6,195153,0.637051277304355,19.6928804760341,22.1901564704317,conditional_cluster_HC1,B_native,fine,hrs_d_pm10_it1,0.262216123506627,bogota_2018
20.9415184732329,445.836909119122,25.6386438221881,4.69712534895525,4255038,37375,37375,10488.6213997462,0.00109658245120255,6,195153,,,,descriptive,B_common,fine,hrs_d_pm10_it1,0.262216123506627,bogota_2018
20.9415184732329,445.836909119122,25.6386438221881,4.69712534895525,4255038,37375,37375,10488.6213997462,0.00109658245120255,6,195153,,,,descriptive,baseline_common,fine,hrs_d_pm10_it1,0.262216123506627,bogota_2018
20.9415184732329,445.836909119122,25.6386438221881,4.69712534895525,4255038,37375,37375,10488.6213997462,0.00109658245120255,6,195153,,,,descriptive,A_common,fine,hrs_d_pm10_it1,0.262216123506627,bogota_2018
17.257439556313,146358.476237139,17.2692307692308,0.0117912129177619,4255038,37375,37375,10488.6213997462,0.00109658245120255,6,37375,,,,descriptive,C,fine,hrs_d_pm10_it1,0.216086474717214,bogota_2018
87.1186620670891,198.137384205995,131.087478157098,43.9688160900093,4255038,37375,37375,10488.6213997462,0.00109658245120255,6,195153,1.70811432817614,83.7707110783629,90.4666130558154,conditional_cluster_HC1,A,fine,hrs_d_pm10_it2,0.452413354177877,bogota_2018
87.1186620670891,198.137384205995,131.087478157098,43.9688160900093,4255038,37375,37375,10488.6213997462,0.00109658245120255,6,195153,1.70811432817614,83.7707110783629,90.4666130558154,conditional_cluster_HC1,B_native,fine,hrs_d_pm10_it2,0.452413354177877,bogota_2018
87.1186620670891,198.137384205995,131.087478157098,43.9688160900093,4255038,37375,37375,10488.6213997462,0.00109658245120255,6,195153,,,,descriptive,B_common,fine,hrs_d_pm10_it2,0.452413354177877,bogota_2018
87.1186620670891,198.137384205995,131.087478157098,43.9688160900093,4255038,37375,37375,10488.6213997462,0.00109658245120255,6,195153,,,,descriptive,baseline_common,fine,hrs_d_pm10_it2,0.452413354177877,bogota_2018
87.1186620670891,198.137384205995,131.087478157098,43.9688160900093,4255038,37375,37375,10488.6213997462,0.00109658245120255,6,195153,,,,descriptive,A_common,fine,hrs_d_pm10_it2,0.452413354177877,bogota_2018
146.494549235969,5207.50439991703,149.307692307692,2.81314307172362,4255038,37375,37375,10488.6213997462,0.00109658245120255,6,37375,,,,descriptive,C,fine,hrs_d_pm10_it2,0.760756522380729,bogota_2018
6.02579953929293,22.3124164169872,33.0322851958859,27.006485656593,4255038,37375,37375,10488.6213997462,0.00109658245120255,6,195153,0.118798569444845,5.79295108092491,6.25864799766095,conditional_cluster_HC1,A,fine,avg_pm10,0.568284990286047,bogota_2018
6.02579953929293,22.3124164169871,33.0322851958859,27.006485656593,4255038,37375,37375,10488.6213997462,0.00109658245120255,6,195153,0.118798569444845,5.79295108092491,6.25864799766094,conditional_cluster_HC1,B_native,fine,avg_pm10,0.568284990286046,bogota_2018
6.02579953929293,22.3124164169871,33.0322851958859,27.006485656593,4255038,37375,37375,10488.6213997462,0.00109658245120255,6,195153,,,,descriptive,B_common,fine,avg_pm10,0.568284990286046,bogota_2018
6.02579953929293,22.3124164169872,33.0322851958859,27.006485656593,4255038,37375,37375,10488.6213997462,0.00109658245120255,6,195153,,,,descriptive,baseline_common,fine,avg_pm10,0.568284990286047,bogota_2018
6.02579953929293,22.3124164169872,33.0322851958859,27.006485656593,4255038,37375,37375,10488.6213997462,0.00109658245120255,6,195153,,,,descriptive,A_common,fine,avg_pm10,0.568284990286047,bogota_2018
13.8009170936648,65.952784571193,34.7263672977684,20.9254502041037,4255038,37375,37375,10488.6213997462,0.00109658245120255,6,37375,,,,descriptive,C,fine,avg_pm10,1.30154579244966,bogota_2018
10.7588876522529,429.901336935912,13.2615287765946,2.5026411243417,4251366,37285,37285,10471.9541352848,0.00109752959401755,6,194768,0.235081155712186,10.2981220956133,11.2196532088925,conditional_cluster_HC1,A,fine,hrs_d_pm25_it1,0.421332367752075,bogota_2018
10.7588876522529,429.901336935912,13.2615287765946,2.5026411243417,4251366,37285,37285,10471.9541352848,0.00109752959401755,6,194768,0.235081155712186,10.2981220956133,11.2196532088925,conditional_cluster_HC1,B_native,fine,hrs_d_pm25_it1,0.421332367752075,bogota_2018
10.7588876522529,429.901336935912,13.2615287765946,2.5026411243417,4251366,37285,37285,10471.9541352848,0.00109752959401755,6,194768,,,,descriptive,B_common,fine,hrs_d_pm25_it1,0.421332367752075,bogota_2018
10.7588876522529,429.901336935912,13.2615287765946,2.5026411243417,4251366,37285,37285,10471.9541352848,0.00109752959401755,6,194768,,,,descriptive,baseline_common,fine,hrs_d_pm25_it1,0.421332367752075,bogota_2018
10.7588876522529,429.901336935912,13.2615287765946,2.5026411243417,4251366,37285,37285,10471.9541352848,0.00109752959401755,6,194768,,,,descriptive,A_common,fine,hrs_d_pm25_it1,0.421332367752075,bogota_2018
43.2731014760681,5137.59559655681,44.1153846153846,0.84228313931656,4251366,37285,37285,10471.9541352848,0.00109752959401755,6,37285,,,,descriptive,C,fine,hrs_d_pm25_it1,1.69463227930163,bogota_2018
69.9402772300498,138.857595333546,120.308625509486,50.3683482794357,4251366,37285,37285,10471.9541352848,0.00109752959401755,6,194768,1.21653684670013,67.555831417521,72.3247230425786,conditional_cluster_HC1,A,fine,hrs_d_pm25_it2,0.535292626982061,bogota_2018
69.9402772300498,138.857595333546,120.308625509486,50.3683482794357,4251366,37285,37285,10471.9541352848,0.00109752959401755,6,194768,1.21653684670013,67.555831417521,72.3247230425786,conditional_cluster_HC1,B_native,fine,hrs_d_pm25_it2,0.535292626982061,bogota_2018
69.9402772300498,138.857595333546,120.308625509486,50.3683482794357,4251366,37285,37285,10471.9541352848,0.00109752959401755,6,194768,,,,descriptive,B_common,fine,hrs_d_pm25_it2,0.535292626982061,bogota_2018
69.9402772300498,138.857595333546,120.308625509486,50.3683482794357,4251366,37285,37285,10471.9541352848,0.00109752959401755,6,194768,,,,descriptive,baseline_common,fine,hrs_d_pm25_it2,0.535292626982061,bogota_2018
69.9402772300498,138.857595333546,120.308625509486,50.3683482794357,4251366,37285,37285,10471.9541352848,0.00109752959401755,6,194768,,,,descriptive,A_common,fine,hrs_d_pm25_it2,0.535292626982061,bogota_2018
186.012614460268,649.457455078551,214.653846153846,28.6412316935787,4251366,37285,37285,10471.9541352848,0.00109752959401755,6,37285,,,,descriptive,C,fine,hrs_d_pm25_it2,1.4236600852857,bogota_2018
2.07755051353548,15.2347901006297,15.7144335937271,13.6368830801917,4251366,37285,37285,10471.9541352848,0.00109752959401755,6,194768,0.048335414822519,1.98281176576715,2.17228926130381,conditional_cluster_HC1,A,fine,avg_pm25,0.48524579242993,bogota_2018
2.07755051353548,15.2347901006296,15.7144335937271,13.6368830801917,4251366,37285,37285,10471.9541352848,0.00109752959401755,6,194768,0.048335414822519,1.98281176576715,2.17228926130381,conditional_cluster_HC1,B_native,fine,avg_pm25,0.485245792429929,bogota_2018
2.07755051353548,15.2347901006296,15.7144335937271,13.6368830801917,4251366,37285,37285,10471.9541352848,0.00109752959401755,6,194768,,,,descriptive,B_common,fine,avg_pm25,0.485245792429929,bogota_2018
2.07755051353548,15.2347901006297,15.7144335937271,13.6368830801917,4251366,37285,37285,10471.9541352848,0.00109752959401755,6,194768,,,,descriptive,baseline_common,fine,avg_pm25,0.48524579242993,bogota_2018
2.07755051353548,15.2347901006297,15.7144335937271,13.6368830801917,4251366,37285,37285,10471.9541352848,0.00109752959401755,6,194768,,,,descriptive,A_common,fine,avg_pm25,0.48524579242993,bogota_2018
3.86647613210088,31.6394408966504,16.0869074119413,12.2204312798404,4251366,37285,37285,10471.9541352848,0.00109752959401755,6,37285,,,,descriptive,C,fine,avg_pm25,0.903078535231321,bogota_2018
20.9492216733941,444.721028739572,25.659865047459,4.71064337406493,4255038,37375,2840,1251.13013135341,0.00760580751570256,6,16801,1.76051144497902,17.497210945037,24.4012324017511,conditional_cluster_HC1,A,seccion,hrs_d_pm10_it1,0.262312577987109,bogota_2018
20.7714467299148,452.627110887636,25.360532586743,4.58908585682825,4234229,37317,2721,1235.23781700397,0.0076431860440236,6,16126,1.77471565945852,17.2915194438758,24.2513740159538,conditional_cluster_HC1,B_native,seccion,hrs_d_pm10_it1,0.260086595349063,bogota_2018
20.6921231944799,452.398981315032,25.2659891953122,4.57386600083229,4154476,36584,2719,1215.68183702679,0.00778991141121046,6,16104,,,,descriptive,B_common,seccion,hrs_d_pm10_it1,0.259093357442692,bogota_2018
20.7948424302264,443.365573224837,25.4850673114626,4.69022488123612,4154476,36584,36584,10297.8228663791,0.00112312599711733,6,191036,,,,descriptive,baseline_common,seccion,hrs_d_pm10_it1,0.260379541147157,bogota_2018
20.8029850524791,442.294337674012,25.5064106404892,4.70342558801007,4154476,36584,2719,1215.68183702679,0.00778991141121046,6,16104,,,,descriptive,A_common,seccion,hrs_d_pm10_it1,0.26048149778631,bogota_2018
,,,0,4255038,37375,2840,1251.13013135341,0.00760580751570256,5,2840,,,,missing_endpoint_group,C,seccion,hrs_d_pm10_it1,,bogota_2018
87.0159896614258,197.404264389056,131.096085869444,44.0800962080178,4255038,37375,2840,1251.13013135341,0.00760580751570256,6,16801,4.70481031591366,77.790797895852,96.2411814269996,conditional_cluster_HC1,A,seccion,hrs_d_pm10_it2,0.451880169136629,bogota_2018
86.8294039552971,199.028988303263,130.455915196461,43.6265112411637,4234229,37317,2721,1235.23781700397,0.0076431860440236,6,16126,4.71317279082844,77.5876425997767,96.0711653108175,conditional_cluster_HC1,B_native,seccion,hrs_d_pm10_it2,0.450911216409987,bogota_2018
86.8513946956976,197.795298105486,130.761131442513,43.9097367468154,4154476,36584,2719,1215.68183702679,0.00778991141121046,6,16104,,,,descriptive,B_common,seccion,hrs_d_pm10_it2,0.451025415875284,bogota_2018
87.2468924410545,196.545812709758,131.636997342395,44.3901049013409,4154476,36584,36584,10297.8228663791,0.00112312599711733,6,191036,,,,descriptive,baseline_common,seccion,hrs_d_pm10_it2,0.453079263550411,bogota_2018
87.1419424796495,195.829687133441,131.640784179922,44.4988417002729,4154476,36584,2719,1215.68183702679,0.00778991141121046,6,16104,,,,descriptive,A_common,seccion,hrs_d_pm10_it2,0.452534251001625,bogota_2018
,,,2.30616740088106,4255038,37375,2840,1251.13013135341,0.00760580751570256,5,2840,,,,missing_endpoint_group,C,seccion,hrs_d_pm10_it2,,bogota_2018
6.02939222488556,22.3261567474536,33.0353489288903,27.0059567040047,4255038,37375,2840,1251.13013135341,0.00760580751570256,6,16801,0.328159469936379,5.38593715728965,6.67284729248147,conditional_cluster_HC1,A,seccion,avg_pm10,0.568623811596612,bogota_2018
5.96831421552282,22.1052022805401,32.9679052610068,26.999591045484,4234229,37317,2721,1235.23781700397,0.0076431860440236,6,16126,0.326380962147807,5.32833450397378,6.60829392707186,conditional_cluster_HC1,B_native,seccion,avg_pm10,0.562863627287284,bogota_2018
5.95223295132355,22.0046723799968,33.0020924017846,27.049859450461,4154476,36584,2719,1215.68183702679,0.00778991141121046,6,16104,,,,descriptive,B_common,seccion,avg_pm10,0.561347025048912,bogota_2018
5.99990724572065,22.1901036241952,33.0385698285244,27.0386625828038,4154476,36584,36584,10297.8228663791,0.00112312599711733,6,191036,,,,descriptive,baseline_common,seccion,avg_pm10,0.565843123160322,bogota_2018
6.00415371156816,22.2070452746437,33.0413107818237,27.0371570702555,4154476,36584,2719,1215.68183702679,0.00778991141121046,6,16104,,,,descriptive,A_common,seccion,avg_pm10,0.566243601600928,bogota_2018
,,,21.3726272320995,4255038,37375,2840,1251.13013135341,0.00760580751570256,5,2840,,,,missing_endpoint_group,C,seccion,avg_pm10,,bogota_2018
10.7243523663976,425.233607811229,13.2463431426201,2.52199077622255,4251366,37285,2833,1249.19753113028,0.00761237682194382,6,16760,0.680774210731919,9.38948893042399,12.0592158023711,conditional_cluster_HC1,A,seccion,hrs_d_pm25_it1,0.419979919968369,bogota_2018
10.5688059985127,417.845553635265,13.0981630555793,2.52935705706663,4228451,37222,2713,1232.46770846148,0.00765363013547987,6,16079,0.699317502123001,9.19755689724322,11.9400550997822,conditional_cluster_HC1,B_native,seccion,hrs_d_pm25_it1,0.413888517065539,bogota_2018
10.5146904405692,413.472596714539,13.0577103466329,2.5430199060637,4150804,36494,2712,1213.75747068171,0.00779680273990292,6,16063,,,,descriptive,B_common,seccion,hrs_d_pm25_it1,0.411769279752397,bogota_2018
10.7454043835933,429.366894832867,13.2480203311446,2.50261594755133,4150804,36494,36494,10281.0708315048,0.00112411956816077,6,190651,,,,descriptive,baseline_common,seccion,hrs_d_pm25_it1,0.420804344996097,bogota_2018
10.7099643815596,424.579516673835,13.2324516803963,2.52248729883667,4150804,36494,2712,1213.75747068171,0.00779680273990292,6,16063,,,,descriptive,A_common,seccion,hrs_d_pm25_it1,0.419416467322064,bogota_2018
,,,0.0102790014684288,4251366,37285,2833,1249.19753113028,0.00761237682194382,5,2833,,,,missing_endpoint_group,C,seccion,hrs_d_pm25_it1,,bogota_2018
69.7293019548416,137.928028192416,120.284147745551,50.5548457907089,4251366,37285,2833,1249.19753113028,0.00761237682194382,6,16760,3.38268307341753,63.0965302090713,76.3620737006119,conditional_cluster_HC1,A,seccion,hrs_d_pm25_it2,0.533677913489819,bogota_2018
68.8872398850655,137.970364163626,118.816252033913,49.9290121488473,4228451,37222,2713,1232.46770846148,0.00765363013547987,6,16079,3.42977238019453,62.1620080988983,75.6124716712328,conditional_cluster_HC1,B_native,seccion,hrs_d_pm25_it2,0.52723313466903,bogota_2018
68.9052647620893,136.824290389859,119.265668288214,50.3604035261244,4150804,36494,2712,1213.75747068171,0.00779680273990292,6,16063,,,,descriptive,B_common,seccion,hrs_d_pm25_it2,0.527371089280524,bogota_2018
69.6158350758917,137.449423923249,120.264163085448,50.6483280095558,4150804,36494,36494,10281.0708315048,0.00112411956816077,6,190651,,,,descriptive,baseline_common,seccion,hrs_d_pm25_it2,0.532809487082118,bogota_2018
69.3992619558329,136.516108917947,120.235212750142,50.8359507943091,4150804,36494,2712,1213.75747068171,0.00779680273990292,6,16063,,,,descriptive,A_common,seccion,hrs_d_pm25_it2,0.53115193010692,bogota_2018
,,,23.1666666666667,4251366,37285,2833,1249.19753113028,0.00761237682194382,5,2833,,,,missing_endpoint_group,C,seccion,hrs_d_pm25_it2,,bogota_2018
2.07793774973606,15.2365798925096,15.7157604395747,13.6378226898386,4251366,37285,2833,1249.19753113028,0.00761237682194382,6,16760,0.132270025683561,1.81858241844282,2.3372930810293,conditional_cluster_HC1,A,seccion,avg_pm25,0.485336237757629,bogota_2018
2.0557754779334,15.0951871874729,15.6745233106164,13.618747832683,4228451,37222,2713,1232.46770846148,0.00765363013547987,6,16079,0.130760940595733,1.79937431289933,2.31217664296747,conditional_cluster_HC1,B_native,seccion,avg_pm25,0.480159877869931,bogota_2018
2.05149618104662,15.0371802059884,15.6943211850965,13.6428250040498,4150804,36494,2712,1213.75747068171,0.00779680273990292,6,16063,,,,descriptive,B_common,seccion,avg_pm25,0.479160378317291,bogota_2018
2.07195111977404,15.1923219284551,15.7100976093721,13.638146489598,4150804,36494,36494,10281.0708315048,0.00112411956816077,6,190651,,,,descriptive,baseline_common,seccion,avg_pm25,0.48393796273087,bogota_2018
2.07268919276119,15.1973857625039,15.7111479721328,13.6384587793716,4150804,36494,2712,1213.75747068171,0.00779680273990292,6,16063,,,,descriptive,A_common,seccion,avg_pm25,0.484110351709713,bogota_2018
,,,11.7652372672841,4251366,37285,2833,1249.19753113028,0.00761237682194382,5,2833,,,,missing_endpoint_group,C,seccion,avg_pm25,,bogota_2018
20.9986845082581,442.679652900034,25.7422240792987,4.74353957104056,4255038,37375,749,311.089309211585,0.0112346822754579,6,4411,4.23716857457241,12.6805271856378,29.3168418308785,conditional_cluster_HC1,A,sector,hrs_d_pm10_it1,0.26293191955168,bogota_2018
17.700048039764,459.12528645827,21.5552153681209,3.85516732835685,4100522,35877,675,291.782113862303,0.0116580279291271,6,3982,3.93675884317731,9.97026182690531,25.4298342526227,conditional_cluster_HC1,B_native,sector,hrs_d_pm10_it1,0.221628531321659,bogota_2018
18.1850936844844,460.646672678383,22.1328251591848,3.94773147470035,3973908,34748,674,287.262541122227,0.0120294682212069,6,3974,,,,descriptive,B_common,sector,hrs_d_pm10_it1,0.227701958558797,bogota_2018
18.6943628482901,436.421512354318,22.97791952895,4.28355668065984,3973908,34748,34748,9798.38008587574,0.0011741590394141,6,181796,,,,descriptive,baseline_common,sector,hrs_d_pm10_it1,0.234078697004257,bogota_2018
18.75826301833,433.233799083498,23.0880874821675,4.32982446383752,3973908,34748,674,287.262541122227,0.0120294682212069,6,3974,,,,descriptive,A_common,sector,hrs_d_pm10_it1,0.234878813524016,bogota_2018
,,,0,4255038,37375,749,311.089309211585,0.0112346822754579,5,749,,,,missing_endpoint_group,C,sector,hrs_d_pm10_it1,,bogota_2018
86.1640692936519,192.783424936531,130.858819022276,44.6947497286239,4255038,37375,749,311.089309211585,0.0112346822754579,6,4411,10.2508348521783,66.0402400223034,106.287898565,conditional_cluster_HC1,A,sector,hrs_d_pm10_it2,0.447456086604459,bogota_2018
79.2491164581168,182.600140057144,122.649475534137,43.4003590760205,4100522,35877,675,291.782113862303,0.0116580279291271,6,3982,9.93946825489219,59.7330709647627,98.7651619514709,conditional_cluster_HC1,B_native,sector,hrs_d_pm10_it2,0.41154624900965,bogota_2018
80.8988291613327,183.493264871949,124.987002761485,44.0881736001526,3973908,34748,674,287.262541122227,0.0120294682212069,6,3974,,,,descriptive,B_common,sector,hrs_d_pm10_it2,0.420113323385941,bogota_2018
83.3782595865153,190.2418561522,127.205764885775,43.8275052992596,3973908,34748,34748,9798.38008587574,0.0011741590394141,6,181796,,,,descriptive,baseline_common,sector,hrs_d_pm10_it2,0.432989180389389,bogota_2018
82.3903754483852,184.886392838221,126.953079162594,44.5627037142093,3973908,34748,674,287.262541122227,0.0120294682212069,6,3974,,,,descriptive,A_common,sector,hrs_d_pm10_it2,0.427859028412005,bogota_2018
,,,3.78890229191797,4255038,37375,749,311.089309211585,0.0112346822754579,5,749,,,,missing_endpoint_group,C,sector,hrs_d_pm10_it2,,bogota_2018
5.99988843763437,22.1910070955546,33.0373654290968,27.0374769914625,4255038,37375,749,311.089309211585,0.0112346822754579,6,4411,0.542546380587582,4.93479365343613,7.06498322183261,conditional_cluster_HC1,A,sector,avg_pm10,0.565841349395188,bogota_2018
5.55667686128298,20.673895004635,32.4344222500315,26.8777453887485,4100522,35877,675,291.782113862303,0.0116580279291271,6,3982,0.551116508062105,4.47456516600345,6.63878855656252,conditional_cluster_HC1,B_native,sector,avg_pm10,0.524042666130151,bogota_2018
5.63774361404142,20.9107196604557,32.5987650689986,26.9610214549572,3973908,34748,674,287.262541122227,0.0120294682212069,6,3974,,,,descriptive,B_common,sector,avg_pm10,0.531687961746682,bogota_2018
5.79036783522233,21.4719170158401,32.7575353729448,26.9671675377224,3973908,34748,34748,9798.38008587574,0.0011741590394141,6,181796,,,,descriptive,baseline_common,sector,avg_pm10,0.546081745258004,bogota_2018
5.76440216964418,21.3515909343695,32.7619321774211,26.9975300077769,3973908,34748,674,287.262541122227,0.0120294682212069,6,3974,,,,descriptive,A_common,sector,avg_pm10,0.543632958517816,bogota_2018
,,,22.2970460561786,4255038,37375,749,311.089309211585,0.0112346822754579,5,749,,,,missing_endpoint_group,C,sector,avg_pm10,,bogota_2018
10.722322254696,423.099608240457,13.2565534489263,2.53423119423033,4251366,37285,743,310.574387517453,0.0112443859220778,6,4376,1.63903030549549,7.50463327884504,13.9400112305469,conditional_cluster_HC1,A,sector,hrs_d_pm25_it1,0.419900418090695,bogota_2018
9.46896969755094,434.286614953346,11.6493200402775,2.18035034272658,4096457,35813,669,291.232096552045,0.0116695964341869,6,3947,1.69073811513098,6.14916885024453,12.7887705448573,conditional_cluster_HC1,B_native,sector,hrs_d_pm25_it1,0.370817462900671,bogota_2018
9.70273083187835,435.082895492914,11.9328186915461,2.23008785966774,3971949,34689,669,286.985370652204,0.0120354012601874,6,3945,,,,descriptive,B_common,sector,hrs_d_pm25_it1,0.379971860213665,bogota_2018
9.89771109117552,420.284274101138,12.2527150018842,2.35500391070871,3971949,34689,34689,9789.49022713913,0.00117473814492583,6,181563,,,,descriptive,baseline_common,sector,hrs_d_pm25_it1,0.387607546817139,bogota_2018
9.85850733962635,412.851263477983,12.2464150952126,2.3879077555862,3971949,34689,669,286.985370652204,0.0120354012601874,6,3945,,,,descriptive,A_common,sector,hrs_d_pm25_it1,0.386072275700007,bogota_2018
,,,0.0168878166465621,4251366,37285,743,310.574387517453,0.0112443859220778,5,743,,,,missing_endpoint_group,C,sector,hrs_d_pm25_it1,,bogota_2018
69.0304305360613,135.249807336911,120.069638572864,51.0392080368031,4251366,37285,743,310.574387517453,0.0112443859220778,6,4376,7.00385663823407,55.2806955752589,82.7801654968638,conditional_cluster_HC1,A,sector,hrs_d_pm25_it2,0.528329053969988,bogota_2018
63.2996254214076,131.200570790112,111.546081241079,48.246455819671,4096457,35813,669,291.232096552045,0.0116695964341869,6,3947,7.20913493275316,49.1443331003103,77.4549177425049,conditional_cluster_HC1,B_native,sector,hrs_d_pm25_it2,0.484467950668167,bogota_2018
64.5385454310751,131.662341656103,113.556772373785,49.0182269427102,3971949,34689,669,286.985370652204,0.0120354012601874,6,3945,,,,descriptive,B_common,sector,hrs_d_pm25_it2,0.493950108487104,bogota_2018
66.4691366821962,132.818386001459,116.514268748073,50.0451320658768,3971949,34689,34689,9789.49022713913,0.00117473814492583,6,181563,,,,descriptive,baseline_common,sector,hrs_d_pm25_it2,0.508726018783285,bogota_2018
65.5115353115499,129.130741140865,116.244253743085,50.7327184315355,3971949,34689,669,286.985370652204,0.0120354012601874,6,3945,,,,descriptive,A_common,sector,hrs_d_pm25_it2,0.501396952133908,bogota_2018
,,,32.8709288299156,4251366,37285,743,310.574387517453,0.0112443859220778,5,743,,,,missing_endpoint_group,C,sector,hrs_d_pm25_it2,,bogota_2018
2.06095433079764,15.0944043294625,15.7147182410097,13.6537639102121,4251366,37285,743,310.574387517453,0.0112443859220778,6,4376,0.217281663707954,1.63439430221033,2.48751435938496,conditional_cluster_HC1,A,sector,avg_pm25,0.481369483386435,bogota_2018
1.95330403015042,14.4104673079188,15.5080624457713,13.5547584156209,4096457,35813,669,291.232096552045,0.0116695964341869,6,3947,0.223642863692419,1.5141764315379,2.39243162876294,conditional_cluster_HC1,B_native,sector,avg_pm25,0.456226000663608,bogota_2018
1.98488905986498,14.6048788418442,15.575478077133,13.5905890172681,3971949,34689,669,286.985370652204,0.0120354012601874,6,3945,,,,descriptive,B_common,sector,avg_pm25,0.463603199279435,bogota_2018
2.01538226795659,14.8068030835042,15.6265733980789,13.6111911301223,3971949,34689,34689,9789.49022713913,0.00117473814492583,6,181563,,,,descriptive,baseline_common,sector,avg_pm25,0.470725385155418,bogota_2018
1.99827849588857,14.662777287038,15.626518608729,13.6282401128405,3971949,34689,669,286.985370652204,0.0120354012601874,6,3945,,,,descriptive,A_common,sector,avg_pm25,0.466730520348707,bogota_2018
,,,12.9991281031216,4251366,37285,743,310.574387517453,0.0112443859220778,5,743,,,,missing_endpoint_group,C,sector,avg_pm25,,bogota_2018
22.3626329536859,469.095767444003,27.1298115354785,4.76717858179256,4255038,37375,36,13.3834483637677,0.157779554495166,6,215,,,,descriptive,A,localidad,hrs_d_pm10_it1,0.280010398100412,bogota_2018
1.37944321309742,56.4957593543653,3.82111888727497,2.44167567417755,3401841,25998,17,8.05811054923257,0.210546583452901,6,102,,,,descriptive,B_native,localidad,hrs_d_pm10_it1,0.0172724939883546,bogota_2018
1.65553205366506,62.1938972310797,4.3174203214383,2.66188826777324,2951799,22261,17,7.67650599785278,0.227440283027401,6,102,,,,descriptive,B_common,localidad,hrs_d_pm10_it1,0.0207294995349972,bogota_2018
0.860845592438444,59.6100117937575,2.30497480250613,1.44412921006769,2951799,22261,22261,6612.98519747097,0.00158073093730298,6,120800,,,,descriptive,baseline_common,localidad,hrs_d_pm10_it1,0.0107789506513339,bogota_2018
0.870465734240652,52.4136810105327,2.53122627892693,1.66076054468628,2951799,22261,17,7.67650599785278,0.227440283027401,6,102,,,,descriptive,A_common,localidad,hrs_d_pm10_it1,0.0108994078328025,bogota_2018
,,,,4255038,37375,36,13.3834483637677,0.157779554495166,4,36,,,,missing_endpoint_group,C,localidad,hrs_d_pm10_it1,,bogota_2018
85.5654656619795,177.719967411583,133.711696447526,48.1462307855469,4255038,37375,36,13.3834483637677,0.157779554495166,6,215,,,,descriptive,A,localidad,hrs_d_pm10_it2,0.444347495742269,bogota_2018
27.26414293905,73.9986823387216,64.1082353976848,36.8440924586347,3401841,25998,17,8.05811054923257,0.210546583452901,6,102,,,,descriptive,B_native,localidad,hrs_d_pm10_it2,0.141584616466468,bogota_2018
32.2103550864328,80.8435034870405,72.0532041678017,39.8428490813689,2951799,22261,17,7.67650599785278,0.227440283027401,6,102,,,,descriptive,B_common,localidad,hrs_d_pm10_it2,0.167270644867014,bogota_2018
27.0343069160515,77.3329292941405,61.9926450558431,34.9583381397916,2951799,22261,22261,6612.98519747097,0.00158073093730298,6,120800,,,,descriptive,baseline_common,localidad,hrs_d_pm10_it2,0.140391061795076,bogota_2018
24.4588849820298,60.4410740540825,64.9262085112975,40.4673235292677,2951799,22261,17,7.67650599785278,0.227440283027401,6,102,,,,descriptive,A_common,localidad,hrs_d_pm10_it2,0.127016714118607,bogota_2018
,,,,4255038,37375,36,13.3834483637677,0.157779554495166,4,36,,,,missing_endpoint_group,C,localidad,hrs_d_pm10_it2,,bogota_2018
4.95360205079289,17.5753134940881,33.1386017235394,28.1849996727465,4255038,37375,36,13.3834483637677,0.157779554495166,6,215,,,,descriptive,A,localidad,avg_pm10,0.46716749784977,bogota_2018
2.50411714176252,8.65298816153335,31.4434511038095,28.9393339620469,3401841,25998,17,8.05811054923257,0.210546583452901,6,102,,,,descriptive,B_native,localidad,avg_pm10,0.236159894849177,bogota_2018
2.9094650410777,9.95649318108109,32.131250143147,29.2217851020693,2951799,22261,17,7.67650599785278,0.227440283027401,6,102,,,,descriptive,B_common,localidad,avg_pm10,0.274387706033853,bogota_2018
3.85260795487808,14.3298761685137,30.7377527361235,26.8851447812454,2951799,22261,22261,6612.98519747097,0.00158073093730298,6,120800,,,,descriptive,baseline_common,localidad,avg_pm10,0.363334236384296,bogota_2018
2.6703477626555,9.44280601840064,30.9495240737218,28.2791763110663,2951799,22261,17,7.67650599785278,0.227440283027401,6,102,,,,descriptive,A_common,localidad,avg_pm10,0.251836879482239,bogota_2018
,,,,4255038,37375,36,13.3834483637677,0.157779554495166,4,36,,,,missing_endpoint_group,C,localidad,avg_pm10,,bogota_2018
8.98158304405394,272.04908904038,12.2830398053081,3.30145676125414,4251366,37285,35,13.3622848297308,0.157915832228982,6,209,,,,descriptive,A,localidad,hrs_d_pm25_it1,0.351730752511457,bogota_2018
0.560714920984543,56.2618852746978,1.55733086843611,0.996615947451567,3401841,25998,17,8.05811054923257,0.210546583452901,6,102,,,,descriptive,B_native,localidad,hrs_d_pm25_it1,0.0219583429930942,bogota_2018
0.657836916874181,65.1994862078643,1.66679719422501,1.00896027735083,2951799,22261,17,7.67650599785278,0.227440283027401,6,102,,,,descriptive,B_common,localidad,hrs_d_pm25_it1,0.0257617696865981,bogota_2018
2.2223747105508,172.272200560315,3.51241146826478,1.29003675771398,2951799,22261,22261,6612.98519747097,0.00158073093730298,6,120800,,,,descriptive,baseline_common,localidad,hrs_d_pm25_it1,0.0870311531352991,bogota_2018
1.49705862333321,78.6489158211472,3.400528757286,1.90347013395279,2951799,22261,17,7.67650599785278,0.227440283027401,6,102,,,,descriptive,A_common,localidad,hrs_d_pm25_it1,0.0586268092780541,bogota_2018
,,,,4251366,37285,35,13.3622848297308,0.157915832228982,4,35,,,,missing_endpoint_group,C,localidad,hrs_d_pm25_it1,,bogota_2018
58.1225529202918,98.5085231286272,117.12511541369,59.0025624933981,4251366,37285,35,13.3622848297308,0.157915832228982,6,209,,,,descriptive,A,localidad,hrs_d_pm25_it2,0.444844877255352,bogota_2018
22.4732067097018,59.0169542921364,60.5524450900128,38.079238380311,3401841,25998,17,8.05811054923257,0.210546583452901,6,102,,,,descriptive,B_native,localidad,hrs_d_pm25_it2,0.172000202641155,bogota_2018
26.5443607300406,66.3180973141085,66.5701784254971,40.0258176954566,2951799,22261,17,7.67650599785278,0.227440283027401,6,102,,,,descriptive,B_common,localidad,hrs_d_pm25_it2,0.203159054403033,bogota_2018
38.3830263259927,85.7060125700478,83.1675463089077,44.784519982915,2951799,22261,22261,6612.98519747097,0.00158073093730298,6,120800,,,,descriptive,baseline_common,localidad,hrs_d_pm25_it2,0.293767079675437,bogota_2018
29.6098837173658,54.9724940378671,83.4729733144459,53.8630895970801,2951799,22261,17,7.67650599785278,0.227440283027401,6,102,,,,descriptive,A_common,localidad,hrs_d_pm25_it2,0.226621241256564,bogota_2018
,,,,4251366,37285,35,13.3622848297308,0.157915832228982,4,35,,,,missing_endpoint_group,C,localidad,hrs_d_pm25_it2,,bogota_2018
1.61767073790987,11.4455205371565,15.7513288153936,14.1336580774837,4251366,37285,35,13.3622848297308,0.157915832228982,6,209,,,,descriptive,A,localidad,avg_pm25,0.377833373481718,bogota_2018
1.09353390303415,7.92325849606459,14.895101825844,13.8015679228098,3401841,25998,17,8.05811054923257,0.210546583452901,6,102,,,,descriptive,B_native,localidad,avg_pm25,0.255412670772465,bogota_2018
1.28927785441824,9.28233124250051,15.1788689575141,13.8895911030959,2951799,22261,17,7.67650599785278,0.227440283027401,6,102,,,,descriptive,B_common,localidad,avg_pm25,0.301131861802433,bogota_2018
1.75685344224006,12.9287731510713,15.3455630723915,13.5887096301514,2951799,22261,22261,6612.98519747097,0.00158073093730298,6,120800,,,,descriptive,baseline_common,localidad,avg_pm25,0.410341763152739,bogota_2018
1.20329745334441,8.47199148499049,15.4065394593856,14.2032420060412,2951799,22261,17,7.67650599785278,0.227440283027401,6,102,,,,descriptive,A_common,localidad,avg_pm25,0.281049737406085,bogota_2018
,,,,4251366,37285,35,13.3622848297308,0.157915832228982,4,35,,,,missing_endpoint_group,C,localidad,avg_pm25,,bogota_2018
18.1197913931251,222.881373935987,26.2495830725004,8.12979167937525,4255038,37375,17,1.35820813235244,0.856181072883486,6,102,,,,descriptive,A,municipio,hrs_d_pm10_it1,0.226884285584498,bogota_2018
0,,0,0,224520,2309,4,3.43087918567532,0.350498841973989,6,24,,,,descriptive,B_native,municipio,hrs_d_pm10_it1,0,bogota_2018
0,,0,0,126498,1170,4,2.81150169397901,0.531020253284637,6,24,,,,descriptive,B_common,municipio,hrs_d_pm10_it1,0,bogota_2018
0.393799647227955,243.109273159277,0.555784273363524,0.16198462613557,126498,1170,1170,250.858603313211,0.0323404322597986,6,6017,,,,descriptive,baseline_common,municipio,hrs_d_pm10_it1,0.00493090398704265,bogota_2018
0.174573176394399,66.5078750674104,0.437058147110208,0.262484970715809,126498,1170,4,2.81150169397901,0.531020253284637,6,24,,,,descriptive,A_common,municipio,hrs_d_pm10_it1,0.00218589218546343,bogota_2018
,,,,4255038,37375,17,1.35820813235244,0.856181072883486,2,17,,,,missing_endpoint_group,C,municipio,hrs_d_pm10_it1,,bogota_2018
36.3287991887787,40.3381178966016,126.389518635085,90.0607194463063,4255038,37375,17,1.35820813235244,0.856181072883486,6,102,,,,descriptive,A,municipio,hrs_d_pm10_it2,0.188658015450157,bogota_2018
-1.41706272989727,-12.7612589984441,9.68734891216761,11.1044116420649,224520,2309,4,3.43087918567532,0.350498841973989,6,24,,,,descriptive,B_native,municipio,hrs_d_pm10_it2,-0.00735890666249651,bogota_2018
-0.510897238383508,-3.84284695832178,12.7838616714697,13.2947589098532,126498,1170,4,2.81150169397901,0.531020253284637,6,24,,,,descriptive,B_common,municipio,hrs_d_pm10_it2,-0.00265312537834088,bogota_2018
5.70038916550797,26.5483853929633,27.1720872787155,21.4716981132076,126498,1170,1170,250.858603313211,0.0323404322597986,6,6017,,,,descriptive,baseline_common,municipio,hrs_d_pm10_it2,0.0296025228268621,bogota_2018
1.43035021780051,5.6530288061309,26.7327193875675,25.3023691697669,126498,1170,4,2.81150169397901,0.531020253284637,6,24,,,,descriptive,A_common,municipio,hrs_d_pm10_it2,0.00742790952397608,bogota_2018
,,,,4255038,37375,17,1.35820813235244,0.856181072883486,2,17,,,,missing_endpoint_group,C,municipio,hrs_d_pm10_it2,,bogota_2018
1.20352470126848,3.78392879099856,33.0097443143726,31.8062196131042,4255038,37375,17,1.35820813235244,0.856181072883486,6,102,,,,descriptive,A,municipio,avg_pm10,0.113502783939213,bogota_2018
-1.75950571109727,-6.50915075228813,25.2717580905401,27.0312638016374,224520,2309,4,3.43087918567532,0.350498841973989,6,24,,,,descriptive,B_native,municipio,avg_pm10,-0.165936599685904,bogota_2018
-0.632964882075921,-2.36323840816927,26.1508280644115,26.7837929464874,126498,1170,4,2.81150169397901,0.531020253284637,6,24,,,,descriptive,B_common,municipio,avg_pm10,-0.0596940604340335,bogota_2018
-0.0738055571545786,-0.25264823531882,29.1389681087463,29.2127736659008,126498,1170,1170,250.858603313211,0.0323404322597986,6,6017,,,,descriptive,baseline_common,municipio,avg_pm10,-0.00696050209721506,bogota_2018
-0.447733251170043,-1.51710084441226,29.0646918996774,29.5124251508475,126498,1170,4,2.81150169397901,0.531020253284637,6,24,,,,descriptive,A_common,municipio,avg_pm10,-0.0422251162908356,bogota_2018
,,,,4255038,37375,17,1.35820813235244,0.856181072883486,2,17,,,,missing_endpoint_group,C,municipio,avg_pm10,,bogota_2018
4.2651974846732,60.2152704714529,11.3484463869517,7.08324890227848,4251366,37285,16,1.35588476949223,0.856920575645569,6,96,,,,descriptive,A,municipio,hrs_d_pm25_it1,0.167030813336103,bogota_2018
-0.043902151701071,-6.69333377047098,0.612006446414182,0.655908598115253,224520,2309,4,3.43087918567532,0.350498841973989,6,24,,,,descriptive,B_native,municipio,hrs_d_pm25_it1,-0.00171926672380018,bogota_2018
-0.12041241704664,-27.1954180545679,0.322354878550844,0.442767295597484,126498,1170,4,2.81150169397901,0.531020253284637,6,24,,,,descriptive,B_common,municipio,hrs_d_pm25_it1,-0.00471551060117146,bogota_2018
0.219319318541764,11.4508882382248,2.13462330177028,1.91530398322851,126498,1170,1170,250.858603313211,0.0323404322597986,6,6017,,,,descriptive,baseline_common,municipio,hrs_d_pm25_it1,0.00858883657509178,bogota_2018
0.0775033658687281,3.93949679465784,2.04484513332052,1.96734176745179,126498,1170,4,2.81150169397901,0.531020253284637,6,24,,,,descriptive,A_common,municipio,hrs_d_pm25_it1,0.00303513501634053,bogota_2018
,,,,4251366,37285,16,1.35588476949223,0.856920575645569,2,16,,,,missing_endpoint_group,C,municipio,hrs_d_pm25_it1,,bogota_2018
14.7861901242923,14.8700177019449,114.222454563697,99.4362644394048,4251366,37285,16,1.35588476949223,0.856920575645569,6,96,,,,descriptive,A,municipio,hrs_d_pm25_it2,0.113167102964927,bogota_2018
-5.36460813243561,-27.3458524947544,14.2530217566479,19.6176298890835,224520,2309,4,3.43087918567532,0.350498841973989,6,24,,,,descriptive,B_native,municipio,hrs_d_pm25_it2,-0.0410583900103128,bogota_2018
-2.18456980481884,-10.2731494929207,19.080279950597,21.2648497554158,126498,1170,4,2.81150169397901,0.531020253284637,6,24,,,,descriptive,B_common,municipio,hrs_d_pm25_it2,-0.0167197522795168,bogota_2018
5.77899564975852,22.3149522245608,31.6764100452861,25.8974143955276,126498,1170,1170,250.858603313211,0.0323404322597986,6,6017,,,,descriptive,baseline_common,municipio,hrs_d_pm25_it2,0.0442299328111333,bogota_2018
0.53471530248509,1.76319768998794,30.861167379946,30.3264520774609,126498,1170,4,2.81150169397901,0.531020253284637,6,24,,,,descriptive,A_common,municipio,hrs_d_pm25_it2,0.00409247961676327,bogota_2018
,,,,4251366,37285,16,1.35588476949223,0.856920575645569,2,16,,,,missing_endpoint_group,C,municipio,hrs_d_pm25_it2,,bogota_2018
0.20829225541187,1.33773783459727,15.7787762489796,15.5704839935678,4251366,37285,16,1.35588476949223,0.856920575645569,6,96,,,,descriptive,A,municipio,avg_pm25,0.048650052008771,bogota_2018
-1.18462201089806,-9.34946916023461,11.4858514736985,12.6704734845966,224520,2309,4,3.43087918567532,0.350498841973989,6,24,,,,descriptive,B_native,municipio,avg_pm25,-0.276687783359809,bogota_2018
-0.665877848065678,-5.36081973304474,11.7553166935289,12.4211945415946,126498,1170,4,2.81150169397901,0.531020253284637,6,24,,,,descriptive,B_common,municipio,avg_pm25,-0.155526627122199,bogota_2018
-0.263688237916297,-2.01092098636571,12.8491212510758,13.1128094889921,126498,1170,1170,250.858603313211,0.0323404322597986,6,6017,,,,descriptive,baseline_common,municipio,avg_pm25,-0.0615886868350554,bogota_2018
-0.528093221402926,-3.98367479773152,12.7283408053817,13.2564340267847,126498,1170,4,2.81150169397901,0.531020253284637,6,24,,,,descriptive,A_common,municipio,avg_pm25,-0.123344781283057,bogota_2018
,,,,4251366,37285,16,1.35588476949223,0.856920575645569,2,16,,,,missing_endpoint_group,C,municipio,avg_pm25,,bogota_2018
154.541796067014,43.631980951442,508.735652722304,354.19385665529,1429271,606,606,553.513839547788,0.0056168494288347,6,3621,21.0678990630243,113.166700432425,195.916891701603,conditional_cluster_HC1,A,fine,hrs_d_pm10_it1,1.0382780708773,santiago_2017
154.541796067014,43.631980951442,508.735652722304,354.19385665529,1429271,606,606,553.513839547788,0.0056168494288347,6,3621,21.0678990630243,113.166700432425,195.916891701603,conditional_cluster_HC1,B_native,fine,hrs_d_pm10_it1,1.0382780708773,santiago_2017
154.541796067014,43.631980951442,508.735652722304,354.19385665529,1429271,606,606,553.513839547788,0.0056168494288347,6,3621,,,,descriptive,B_common,fine,hrs_d_pm10_it1,1.0382780708773,santiago_2017
154.541796067014,43.631980951442,508.735652722304,354.19385665529,1429271,606,606,553.513839547788,0.0056168494288347,6,3621,,,,descriptive,baseline_common,fine,hrs_d_pm10_it1,1.0382780708773,santiago_2017
154.541796067014,43.631980951442,508.735652722304,354.19385665529,1429271,606,606,553.513839547788,0.0056168494288347,6,3621,,,,descriptive,A_common,fine,hrs_d_pm10_it1,1.0382780708773,santiago_2017
,,,,1429271,606,606,553.513839547788,0.0056168494288347,4,606,,,,missing_endpoint_group,C,fine,hrs_d_pm10_it1,,santiago_2017
275.284083292139,21.0539918284912,1582.79899796791,1307.51491467577,1429271,606,606,553.513839547788,0.0056168494288347,6,3621,52.1478856541069,172.871225245601,377.696941338677,conditional_cluster_HC1,A,fine,hrs_d_pm10_it2,0.913618195323571,santiago_2017
275.284083292139,21.0539918284912,1582.79899796791,1307.51491467577,1429271,606,606,553.513839547788,0.0056168494288347,6,3621,52.1478856541069,172.871225245601,377.696941338677,conditional_cluster_HC1,B_native,fine,hrs_d_pm10_it2,0.913618195323571,santiago_2017
275.284083292139,21.0539918284912,1582.79899796791,1307.51491467577,1429271,606,606,553.513839547788,0.0056168494288347,6,3621,,,,descriptive,B_common,fine,hrs_d_pm10_it2,0.913618195323571,santiago_2017
275.284083292139,21.0539918284912,1582.79899796791,1307.51491467577,1429271,606,606,553.513839547788,0.0056168494288347,6,3621,,,,descriptive,baseline_common,fine,hrs_d_pm10_it2,0.913618195323571,santiago_2017
275.284083292139,21.0539918284912,1582.79899796791,1307.51491467577,1429271,606,606,553.513839547788,0.0056168494288347,6,3621,,,,descriptive,A_common,fine,hrs_d_pm10_it2,0.913618195323571,santiago_2017
,,,,1429271,606,606,553.513839547788,0.0056168494288347,4,606,,,,missing_endpoint_group,C,fine,hrs_d_pm10_it2,,santiago_2017
4.53278021974071,7.08457850608741,68.5137244050006,63.9809441852599,1429271,606,606,553.513839547788,0.0056168494288347,6,3621,0.87527564242884,2.81383267286931,6.2517277666121,conditional_cluster_HC1,A,fine,avg_pm10,0.869536696094916,santiago_2017
4.53278021974071,7.08457850608741,68.5137244050006,63.9809441852599,1429271,606,606,553.513839547788,0.0056168494288347,6,3621,0.87527564242884,2.81383267286931,6.2517277666121,conditional_cluster_HC1,B_native,fine,avg_pm10,0.869536696094916,santiago_2017
4.53278021974071,7.08457850608741,68.5137244050006,63.9809441852599,1429271,606,606,553.513839547788,0.0056168494288347,6,3621,,,,descriptive,B_common,fine,avg_pm10,0.869536696094916,santiago_2017
4.53278021974071,7.08457850608741,68.5137244050006,63.9809441852599,1429271,606,606,553.513839547788,0.0056168494288347,6,3621,,,,descriptive,baseline_common,fine,avg_pm10,0.869536696094916,santiago_2017
4.53278021974071,7.08457850608741,68.5137244050006,63.9809441852599,1429271,606,606,553.513839547788,0.0056168494288347,6,3621,,,,descriptive,A_common,fine,avg_pm10,0.869536696094916,santiago_2017
,,,,1429271,606,606,553.513839547788,0.0056168494288347,4,606,,,,missing_endpoint_group,C,fine,avg_pm10,,santiago_2017
124.232687452035,87.988615255571,265.424462196062,141.191774744027,1429271,606,606,553.513839547788,0.0056168494288347,6,3621,8.86746796099661,106.817930820377,141.647444083692,conditional_cluster_HC1,A,fine,hrs_d_pm25_it1,0.910928924216583,santiago_2017
124.232687452035,87.988615255571,265.424462196062,141.191774744027,1429271,606,606,553.513839547788,0.0056168494288347,6,3621,8.86746796099661,106.817930820377,141.647444083692,conditional_cluster_HC1,B_native,fine,hrs_d_pm25_it1,0.910928924216583,santiago_2017
124.232687452035,87.988615255571,265.424462196062,141.191774744027,1429271,606,606,553.513839547788,0.0056168494288347,6,3621,,,,descriptive,B_common,fine,hrs_d_pm25_it1,0.910928924216583,santiago_2017
124.232687452035,87.988615255571,265.424462196062,141.191774744027,1429271,606,606,553.513839547788,0.0056168494288347,6,3621,,,,descriptive,baseline_common,fine,hrs_d_pm25_it1,0.910928924216583,santiago_2017
124.232687452035,87.988615255571,265.424462196062,141.191774744027,1429271,606,606,553.513839547788,0.0056168494288347,6,3621,,,,descriptive,A_common,fine,hrs_d_pm25_it1,0.910928924216583,santiago_2017
,,,,1429271,606,606,553.513839547788,0.0056168494288347,4,606,,,,missing_endpoint_group,C,fine,hrs_d_pm25_it1,,santiago_2017
243.56465693931,35.1086901895415,937.309298577535,693.744641638225,1429271,606,606,553.513839547788,0.0056168494288347,6,3621,26.7577358092417,191.015331790154,296.113982088465,conditional_cluster_HC1,A,fine,hrs_d_pm25_it2,0.975998808885512,santiago_2017
243.56465693931,35.1086901895415,937.309298577535,693.744641638225,1429271,606,606,553.513839547788,0.0056168494288347,6,3621,26.7577358092417,191.015331790154,296.113982088465,conditional_cluster_HC1,B_native,fine,hrs_d_pm25_it2,0.975998808885512,santiago_2017
243.56465693931,35.1086901895415,937.309298577535,693.744641638225,1429271,606,606,553.513839547788,0.0056168494288347,6,3621,,,,descriptive,B_common,fine,hrs_d_pm25_it2,0.975998808885512,santiago_2017
243.56465693931,35.1086901895415,937.309298577535,693.744641638225,1429271,606,606,553.513839547788,0.0056168494288347,6,3621,,,,descriptive,baseline_common,fine,hrs_d_pm25_it2,0.975998808885512,santiago_2017
243.56465693931,35.1086901895415,937.309298577535,693.744641638225,1429271,606,606,553.513839547788,0.0056168494288347,6,3621,,,,descriptive,A_common,fine,hrs_d_pm25_it2,0.975998808885512,santiago_2017
,,,,1429271,606,606,553.513839547788,0.0056168494288347,4,606,,,,missing_endpoint_group,C,fine,hrs_d_pm25_it2,,santiago_2017
2.23738907957875,10.052703301909,24.4939802907594,22.2565912111807,1429271,606,606,553.513839547788,0.0056168494288347,6,3621,0.229301297816753,1.78706590791734,2.68771225124016,conditional_cluster_HC1,A,fine,avg_pm25,1.00341409919394,santiago_2017
2.23738907957875,10.052703301909,24.4939802907594,22.2565912111807,1429271,606,606,553.513839547788,0.0056168494288347,6,3621,0.229301297816753,1.78706590791734,2.68771225124016,conditional_cluster_HC1,B_native,fine,avg_pm25,1.00341409919394,santiago_2017
2.23738907957875,10.052703301909,24.4939802907594,22.2565912111807,1429271,606,606,553.513839547788,0.0056168494288347,6,3621,,,,descriptive,B_common,fine,avg_pm25,1.00341409919394,santiago_2017
2.23738907957875,10.052703301909,24.4939802907594,22.2565912111807,1429271,606,606,553.513839547788,0.0056168494288347,6,3621,,,,descriptive,baseline_common,fine,avg_pm25,1.00341409919394,santiago_2017
2.23738907957875,10.052703301909,24.4939802907594,22.2565912111807,1429271,606,606,553.513839547788,0.0056168494288347,6,3621,,,,descriptive,A_common,fine,avg_pm25,1.00341409919394,santiago_2017
,,,,1429271,606,606,553.513839547788,0.0056168494288347,4,606,,,,missing_endpoint_group,C,fine,avg_pm25,,santiago_2017
154.591089498216,43.6514225899016,508.740119074126,354.14902957591,1429271,606,162,100.158033920404,0.0336612161024746,6,972,39.7029239850297,76.1854339463735,232.996745050059,conditional_cluster_HC1,A,distrito,hrs_d_pm10_it1,1.03860924529068,santiago_2017
171.939914831417,49.8042355738502,517.171425465613,345.231510634196,1404378,601,133,90.592240940326,0.0414931022844277,6,798,44.8443031023397,83.2334507977847,260.646378865049,conditional_cluster_HC1,B_native,distrito,hrs_d_pm10_it1,1.15516609500616,santiago_2017
149.745191961317,40.2011573058428,522.234945980299,372.489754018981,1251147,537,133,88.6368686696154,0.0384535150545859,6,798,,,,descriptive,B_common,distrito,hrs_d_pm10_it1,1.00605242717205,santiago_2017
149.324725331689,40.0850215360595,521.844733079123,372.520007747434,1251147,537,537,489.044167725784,0.00641651220839758,6,3209,,,,descriptive,baseline_common,distrito,hrs_d_pm10_it1,1.00322755201084,santiago_2017
149.43293633222,40.1212053973774,521.88669202618,372.45375569396,1251147,537,133,88.6368686696154,0.0384535150545859,6,798,,,,descriptive,A_common,distrito,hrs_d_pm10_it1,1.00395455992545,santiago_2017
,,,,1429271,606,162,100.158033920404,0.0336612161024746,4,162,,,,missing_endpoint_group,C,distrito,hrs_d_pm10_it1,,santiago_2017
276.083628650782,21.1231098062403,1583.10532755432,1307.02169890354,1429271,606,162,100.158033920404,0.0336612161024746,6,972,99.3203605381927,79.9449769842542,472.222280317309,conditional_cluster_HC1,A,distrito,hrs_d_pm10_it2,0.916271742084816,santiago_2017
316.564885571753,24.6907903151528,1598.6821508805,1282.11726530875,1404378,601,133,90.592240940326,0.0414931022844277,6,798,112.006704085634,95.0045539322241,538.125217211283,conditional_cluster_HC1,B_native,distrito,hrs_d_pm10_it2,1.0506217286524,santiago_2017
254.335686620924,18.822176262129,1605.59115824595,1351.25547162502,1251147,537,133,88.6368686696154,0.0384535150545859,6,798,,,,descriptive,B_common,distrito,hrs_d_pm10_it2,0.84409424707057,santiago_2017
252.664985135673,18.6263038177536,1609.1605497299,1356.49556459423,1251147,537,537,489.044167725784,0.00641651220839758,6,3209,,,,descriptive,baseline_common,distrito,hrs_d_pm10_it2,0.838549490331912,santiago_2017
253.199811210686,18.6690753871793,1609.452362339,1356.25255112831,1251147,537,133,88.6368686696154,0.0384535150545859,6,798,,,,descriptive,A_common,distrito,hrs_d_pm10_it2,0.840324481561414,santiago_2017
,,,,1429271,606,162,100.158033920404,0.0336612161024746,4,162,,,,missing_endpoint_group,C,distrito,hrs_d_pm10_it2,,santiago_2017
4.53746461690571,7.09220177687611,68.515686890558,63.9782222736523,1429271,606,162,100.158033920404,0.0336612161024746,6,972,1.65160345882214,1.27586474205851,7.79906449175291,conditional_cluster_HC1,A,distrito,avg_pm10,0.870435317920062,santiago_2017
5.2993930676752,8.32995504206979,68.9179005015213,63.6185074338461,1404378,601,133,90.592240940326,0.0414931022844277,6,798,1.86409879599689,1.61202139808161,8.9867647372688,conditional_cluster_HC1,B_native,distrito,avg_pm10,1.01659831626211,santiago_2017
4.1760428856464,6.44748969085707,68.9461020230541,64.7700591374078,1251147,537,133,88.6368686696154,0.0384535150545859,6,798,,,,descriptive,B_common,distrito,avg_pm10,0.801102713456371,santiago_2017
4.16253660076353,6.42637072887666,68.9352796680026,64.772743067239,1251147,537,537,489.044167725784,0.00641651220839758,6,3209,,,,descriptive,baseline_common,distrito,avg_pm10,0.798511762701155,santiago_2017
4.16630410427769,6.43244884504599,68.9364127307366,64.7701086264589,1251147,537,133,88.6368686696154,0.0384535150545859,6,798,,,,descriptive,A_common,distrito,avg_pm10,0.799234494093239,santiago_2017
,,,,1429271,606,162,100.158033920404,0.0336612161024746,4,162,,,,missing_endpoint_group,C,distrito,avg_pm10,,santiago_2017
124.085640171744,87.8669626531408,265.305544018402,141.219903846658,1429271,606,162,100.158033920404,0.0336612161024746,6,972,16.985176250577,90.5431766722744,157.628103671214,conditional_cluster_HC1,A,distrito,hrs_d_pm25_it1,0.909850708622996,santiago_2017
131.691866739499,95.4916253852272,269.601202985724,137.909336246225,1404378,601,133,90.592240940326,0.0414931022844277,6,798,18.7134456408661,94.6748215888915,168.708911890106,conditional_cluster_HC1,B_native,distrito,hrs_d_pm25_it1,0.965622920645595,santiago_2017
129.172888330419,88.1536578461786,275.704401016841,146.531512686423,1251147,537,133,88.6368686696154,0.0384535150545859,6,798,,,,descriptive,B_common,distrito,hrs_d_pm25_it1,0.947152658596457,santiago_2017
129.276001013296,88.2419657984772,275.777724817286,146.50172380399,1251147,537,537,489.044167725784,0.00641651220839758,6,3209,,,,descriptive,baseline_common,distrito,hrs_d_pm25_it1,0.947908726320766,santiago_2017
129.221767949558,88.2056486859503,275.722326445129,146.500558495571,1251147,537,133,88.6368686696154,0.0384535150545859,6,798,,,,descriptive,A_common,distrito,hrs_d_pm25_it1,0.9475110655487,santiago_2017
,,,,1429271,606,162,100.158033920404,0.0336612161024746,4,162,,,,missing_endpoint_group,C,distrito,hrs_d_pm25_it1,,santiago_2017
244.264120081467,35.2358953044311,937.489360907828,693.225240826361,1429271,606,162,100.158033920404,0.0336612161024746,6,972,49.9762082573192,145.57069961984,342.957540543093,conditional_cluster_HC1,A,distrito,hrs_d_pm25_it2,0.978801658864583,santiago_2017
263.493023607769,39.0701046813877,937.903869845641,674.410846237872,1404378,601,133,90.592240940326,0.0414931022844277,6,798,56.5294071689812,151.672268752151,375.313778463388,conditional_cluster_HC1,B_native,distrito,hrs_d_pm25_it2,1.0558546565108,santiago_2017
241.133340155728,34.0857327380693,948.565220845249,707.431880689522,1251147,537,133,88.6368686696154,0.0384535150545859,6,798,,,,descriptive,B_common,distrito,hrs_d_pm25_it2,0.966256170874652,santiago_2017
239.184373974679,33.5550481908112,951.996266285351,712.811892310672,1251147,537,537,489.044167725784,0.00641651220839758,6,3209,,,,descriptive,baseline_common,distrito,hrs_d_pm25_it2,0.95844638149402,santiago_2017
239.737285262496,33.6435570025972,952.317364842041,712.580079579544,1251147,537,133,88.6368686696154,0.0384535150545859,6,798,,,,descriptive,A_common,distrito,hrs_d_pm25_it2,0.960661976995889,santiago_2017
,,,,1429271,606,162,100.158033920404,0.0336612161024746,4,162,,,,missing_endpoint_group,C,distrito,hrs_d_pm25_it2,,santiago_2017
2.23543528821697,10.0436798171692,24.4925694154478,22.2571341272308,1429271,606,162,100.158033920404,0.0336612161024746,6,972,0.418907783386376,1.40817280788776,3.06269776854619,conditional_cluster_HC1,A,distrito,avg_pm25,1.00253787171201,santiago_2017
2.44700927570323,11.0653909148633,24.5610881594084,22.1140788837052,1404378,601,133,90.592240940326,0.0414931022844277,6,798,0.470376947493219,1.51655718059909,3.37746137080737,conditional_cluster_HC1,B_native,distrito,avg_pm25,1.09742361331327,santiago_2017
2.23700571712663,9.99086109522591,24.6275253710889,22.3905196539623,1251147,537,133,88.6368686696154,0.0384535150545859,6,798,,,,descriptive,B_common,distrito,avg_pm25,1.00324217054144,santiago_2017
2.2294589970537,9.95804137865328,24.6179881493116,22.3885291522579,1251147,537,537,489.044167725784,0.00641651220839758,6,3209,,,,descriptive,baseline_common,distrito,avg_pm25,0.999857651776706,santiago_2017
2.22898856181954,9.95589439367719,24.6176205990892,22.3886320372696,1251147,537,133,88.6368686696154,0.0384535150545859,6,798,,,,descriptive,A_common,distrito,avg_pm25,0.999646673118137,santiago_2017
,,,,1429271,606,162,100.158033920404,0.0336612161024746,4,162,,,,missing_endpoint_group,C,distrito,avg_pm25,,santiago_2017
155.355229282377,43.8500485708248,509.642702947209,354.287473664832,1429271,606,26,14.7688724003849,0.147105762308198,6,156,,,,descriptive,A,comuna,hrs_d_pm10_it1,1.04374306410973,santiago_2017
265.998572115199,112.495694302671,502.450797032828,236.452224917629,1449393,619,12,8.56938346021307,0.197596511091195,6,72,,,,descriptive,B_native,comuna,hrs_d_pm10_it1,1.78709249756696,santiago_2017
137.596325989752,34.5276611114332,536.106742162106,398.510416172353,971812,412,12,8.79644531323735,0.216352545554078,6,72,,,,descriptive,B_common,comuna,hrs_d_pm10_it1,0.924431134775305,santiago_2017
140.785961967636,35.3548516386928,538.994285414701,398.208323447065,971812,412,412,375.17714082827,0.00826085703819257,6,2469,,,,descriptive,baseline_common,comuna,hrs_d_pm10_it1,0.945860477349282,santiago_2017
140.242140767854,35.2298198618354,538.320079621519,398.077938853665,971812,412,12,8.79644531323735,0.216352545554078,6,72,,,,descriptive,A_common,comuna,hrs_d_pm10_it1,0.942206853277468,santiago_2017
,,,,1429271,606,26,14.7688724003849,0.147105762308198,4,26,,,,missing_endpoint_group,C,comuna,hrs_d_pm10_it1,,santiago_2017
277.137649590422,21.1910358088096,1584.94370537185,1307.80605578142,1429271,606,26,14.7688724003849,0.147105762308198,6,156,,,,descriptive,A,comuna,hrs_d_pm10_it2,0.919769847377325,santiago_2017
545.921794575807,53.7013168235632,1562.51100852273,1016.58921394692,1449393,619,12,8.56938346021307,0.197596511091195,6,72,,,,descriptive,B_native,comuna,hrs_d_pm10_it2,1.81181592042447,santiago_2017
208.570015867439,14.7110528077965,1626.34764601028,1417.77763014284,971812,412,12,8.79644531323735,0.216352545554078,6,72,,,,descriptive,B_common,comuna,hrs_d_pm10_it2,0.692206244605859,santiago_2017
210.850674677765,14.8979646104209,1626.14920834644,1415.29853366868,971812,412,412,375.17714082827,0.00826085703819257,6,2469,,,,descriptive,baseline_common,comuna,hrs_d_pm10_it2,0.699775339634965,santiago_2017
209.311421151083,14.781187968572,1625.37771836701,1416.06629721593,971812,412,12,8.79644531323735,0.216352545554078,6,72,,,,descriptive,A_common,comuna,hrs_d_pm10_it2,0.694666834950007,santiago_2017
,,,,1429271,606,26,14.7688724003849,0.147105762308198,4,26,,,,missing_endpoint_group,C,comuna,hrs_d_pm10_it2,,santiago_2017
4.54240102639981,7.09784731431959,68.539283816985,63.9968827905851,1429271,606,26,14.7688724003849,0.147105762308198,6,156,,,,descriptive,A,comuna,avg_pm10,0.871382284019009,santiago_2017
8.74103011854025,14.8329035154036,67.6710306370692,58.930000518529,1449393,619,12,8.56938346021307,0.197596511091195,6,72,,,,descriptive,B_native,comuna,avg_pm10,1.67681777656902,santiago_2017
2.95170430259449,4.50438152934658,68.481328810727,65.5296245081325,971812,412,12,8.79644531323735,0.216352545554078,6,72,,,,descriptive,B_common,comuna,avg_pm10,0.566234205653585,santiago_2017
3.13037214007711,4.77502651413659,68.6875398502368,65.5571677101597,971812,412,412,375.17714082827,0.00826085703819257,6,2469,,,,descriptive,baseline_common,comuna,avg_pm10,0.600508587726305,santiago_2017
3.09151768920219,4.71386301077337,68.6750461484856,65.5835284592834,971812,412,12,8.79644531323735,0.216352545554078,6,72,,,,descriptive,A_common,comuna,avg_pm10,0.593055022981378,santiago_2017
,,,,1429271,606,26,14.7688724003849,0.147105762308198,4,26,,,,missing_endpoint_group,C,comuna,avg_pm10,,santiago_2017
124.49103990602,88.0741089146163,265.839094902191,141.348054996172,1429271,606,26,14.7688724003849,0.147105762308198,6,156,,,,descriptive,A,comuna,hrs_d_pm25_it1,0.912823278494868,santiago_2017
173.249862932431,169.744891209775,275.31470959596,102.064846663529,1449393,619,12,8.56938346021307,0.197596511091195,6,72,,,,descriptive,B_native,comuna,hrs_d_pm25_it1,1.27034450029621,santiago_2017
144.294164531419,89.7631877247606,305.043986578589,160.749822047169,971812,412,12,8.79644531323735,0.216352545554078,6,72,,,,descriptive,B_common,comuna,hrs_d_pm25_it1,1.05802853309509,santiago_2017
142.742646699945,89.4958593181254,302.2390164622,159.496369762255,971812,412,412,375.17714082827,0.00826085703819257,6,2469,,,,descriptive,baseline_common,comuna,hrs_d_pm25_it1,1.04665211922113,santiago_2017
142.160803862001,89.2678086658737,301.412841059536,159.252037197535,971812,412,12,8.79644531323735,0.216352545554078,6,72,,,,descriptive,A_common,comuna,hrs_d_pm25_it1,1.04238579059779,santiago_2017
,,,,1429271,606,26,14.7688724003849,0.147105762308198,4,26,,,,missing_endpoint_group,C,comuna,hrs_d_pm25_it1,,santiago_2017
246.886249666984,35.6526000589631,939.363794807248,692.477545140264,1429271,606,26,14.7688724003849,0.147105762308198,6,156,,,,descriptive,A,comuna,hrs_d_pm25_it2,0.989308911371444,santiago_2017
415.3366152833,74.7324873960358,971.101089015152,555.764473731851,1449393,619,12,8.56938346021307,0.197596511091195,6,72,,,,descriptive,B_native,comuna,hrs_d_pm25_it2,1.66431389059887,santiago_2017
261.951420430926,34.5263937990051,1020.65046660375,758.699046172828,971812,412,12,8.79644531323735,0.216352545554078,6,72,,,,descriptive,B_common,comuna,hrs_d_pm25_it2,1.04967722960789,santiago_2017
257.197179040802,34.1131593417393,1011.15015203943,753.952972998624,971812,412,412,375.17714082827,0.00826085703819257,6,2469,,,,descriptive,baseline_common,comuna,hrs_d_pm25_it2,1.03062629671712,santiago_2017
258.328396416931,34.357972360802,1010.20162602477,751.873229607839,971812,412,12,8.79644531323735,0.216352545554078,6,72,,,,descriptive,A_common,comuna,hrs_d_pm25_it2,1.03515924835947,santiago_2017
,,,,1429271,606,26,14.7688724003849,0.147105762308198,4,26,,,,missing_endpoint_group,C,comuna,hrs_d_pm25_it2,,santiago_2017
2.26746044808276,10.1916470386029,24.5156843072324,22.2482238591497,1429271,606,26,14.7688724003849,0.147105762308198,6,156,,,,descriptive,A,comuna,avg_pm25,1.01690037005062,santiago_2017
3.71708463756662,17.6716567150571,24.7512451438619,21.0341605062953,1449393,619,12,8.56938346021307,0.197596511091195,6,72,,,,descriptive,B_native,comuna,avg_pm25,1.6670212468963,santiago_2017
2.35471326215322,10.3636755544784,25.0755447835113,22.7208315213581,971812,412,12,8.79644531323735,0.216352545554078,6,72,,,,descriptive,B_common,comuna,avg_pm25,1.05603111607586,santiago_2017
2.36229005950207,10.4036468842218,25.0686552965299,22.7063652370278,971812,412,412,375.17714082827,0.00826085703819257,6,2469,,,,descriptive,baseline_common,comuna,avg_pm25,1.05942912376078,santiago_2017
2.37278142303602,10.4583301879906,25.0607381081357,22.6879566850997,971812,412,12,8.79644531323735,0.216352545554078,6,72,,,,descriptive,A_common,comuna,avg_pm25,1.06413424285957,santiago_2017
,,,,1429271,606,26,14.7688724003849,0.147105762308198,4,26,,,,missing_endpoint_group,C,comuna,avg_pm25,,santiago_2017
4.23482247051088,250.328800251665,5.92652652783607,1.69170405732519,3211384.78869041,189,189,170.175156598247,0.00973786692597506,5,941,0.568869874012767,3.11263409322625,5.35701084779552,conditional_cluster_HC1,A,fine,hrs_d_pm10_it1,0.686476184985078,sao_paulo_2010
4.23482247051088,250.328800251665,5.92652652783607,1.69170405732519,3211384.78869041,189,189,170.175156598247,0.00973786692597506,5,941,0.568869874012767,3.11263409322625,5.35701084779552,conditional_cluster_HC1,B_native,fine,hrs_d_pm10_it1,0.686476184985078,sao_paulo_2010
4.23482247051088,250.328800251665,5.92652652783607,1.69170405732519,3211384.78869041,189,189,170.175156598247,0.00973786692597506,5,941,,,,descriptive,B_common,fine,hrs_d_pm10_it1,0.686476184985078,sao_paulo_2010
4.23482247051088,250.328800251665,5.92652652783607,1.69170405732519,3211384.78869041,189,189,170.175156598247,0.00973786692597506,5,941,,,,descriptive,baseline_common,fine,hrs_d_pm10_it1,0.686476184985078,sao_paulo_2010
4.23482247051088,250.328800251665,5.92652652783607,1.69170405732519,3211384.78869041,189,189,170.175156598247,0.00973786692597506,5,941,,,,descriptive,A_common,fine,hrs_d_pm10_it1,0.686476184985078,sao_paulo_2010
,,,,3211384.78869041,189,189,170.175156598247,0.00973786692597506,3,189,,,,missing_endpoint_group,C,fine,hrs_d_pm10_it1,,sao_paulo_2010
29.2124470116709,66.1449197039228,73.3767564437955,44.1643094321247,3211384.78869041,189,189,170.175156598247,0.00973786692597506,5,941,5.21601584968331,18.9230071421311,39.5018868812107,conditional_cluster_HC1,A,fine,hrs_d_pm10_it2,0.554220311155572,sao_paulo_2010
29.2124470116709,66.1449197039228,73.3767564437955,44.1643094321247,3211384.78869041,189,189,170.175156598247,0.00973786692597506,5,941,5.21601584968331,18.9230071421311,39.5018868812107,conditional_cluster_HC1,B_native,fine,hrs_d_pm10_it2,0.554220311155572,sao_paulo_2010
29.2124470116709,66.1449197039228,73.3767564437955,44.1643094321247,3211384.78869041,189,189,170.175156598247,0.00973786692597506,5,941,,,,descriptive,B_common,fine,hrs_d_pm10_it2,0.554220311155572,sao_paulo_2010
29.2124470116709,66.1449197039228,73.3767564437955,44.1643094321247,3211384.78869041,189,189,170.175156598247,0.00973786692597506,5,941,,,,descriptive,baseline_common,fine,hrs_d_pm10_it2,0.554220311155572,sao_paulo_2010
29.2124470116709,66.1449197039228,73.3767564437955,44.1643094321247,3211384.78869041,189,189,170.175156598247,0.00973786692597506,5,941,,,,descriptive,A_common,fine,hrs_d_pm10_it2,0.554220311155572,sao_paulo_2010
,,,,3211384.78869041,189,189,170.175156598247,0.00973786692597506,3,189,,,,missing_endpoint_group,C,fine,hrs_d_pm10_it2,,sao_paulo_2010
1.09446190237115,4.30758865621053,26.5022245677594,25.4077626653882,3211384.78869041,189,189,170.175156598247,0.00973786692597506,5,941,0.319734929477441,0.463732735539841,1.72519106920247,conditional_cluster_HC1,A,fine,avg_pm10,0.423577681030833,sao_paulo_2010
1.09446190237115,4.30758865621053,26.5022245677594,25.4077626653882,3211384.78869041,189,189,170.175156598247,0.00973786692597506,5,941,0.319734929477441,0.463732735539841,1.72519106920247,conditional_cluster_HC1,B_native,fine,avg_pm10,0.423577681030833,sao_paulo_2010
1.09446190237115,4.30758865621053,26.5022245677594,25.4077626653882,3211384.78869041,189,189,170.175156598247,0.00973786692597506,5,941,,,,descriptive,B_common,fine,avg_pm10,0.423577681030833,sao_paulo_2010
1.09446190237115,4.30758865621053,26.5022245677594,25.4077626653882,3211384.78869041,189,189,170.175156598247,0.00973786692597506,5,941,,,,descriptive,baseline_common,fine,avg_pm10,0.423577681030833,sao_paulo_2010
1.09446190237115,4.30758865621053,26.5022245677594,25.4077626653882,3211384.78869041,189,189,170.175156598247,0.00973786692597506,5,941,,,,descriptive,A_common,fine,avg_pm10,0.423577681030833,sao_paulo_2010
,,,,3211384.78869041,189,189,170.175156598247,0.00973786692597506,3,189,,,,missing_endpoint_group,C,fine,avg_pm10,,sao_paulo_2010
4.97625531511378,38.3485320589339,17.9526459301868,12.9763906150731,2856619.31561217,153,153,140.748107664706,0.0109472191654862,5,762,2.00652673118052,1.01197263632141,8.94053799390615,conditional_cluster_HC1,A,fine,hrs_d_pm25_it1,0.289614510818817,sao_paulo_2010
4.97625531511378,38.3485320589339,17.9526459301868,12.9763906150731,2856619.31561217,153,153,140.748107664706,0.0109472191654862,5,762,2.00652673118052,1.01197263632141,8.94053799390615,conditional_cluster_HC1,B_native,fine,hrs_d_pm25_it1,0.289614510818817,sao_paulo_2010
4.97625531511378,38.3485320589339,17.9526459301868,12.9763906150731,2856619.31561217,153,153,140.748107664706,0.0109472191654862,5,762,,,,descriptive,B_common,fine,hrs_d_pm25_it1,0.289614510818817,sao_paulo_2010
4.97625531511378,38.3485320589339,17.9526459301868,12.9763906150731,2856619.31561217,153,153,140.748107664706,0.0109472191654862,5,762,,,,descriptive,baseline_common,fine,hrs_d_pm25_it1,0.289614510818817,sao_paulo_2010
4.97625531511378,38.3485320589339,17.9526459301868,12.9763906150731,2856619.31561217,153,153,140.748107664706,0.0109472191654862,5,762,,,,descriptive,A_common,fine,hrs_d_pm25_it1,0.289614510818817,sao_paulo_2010
,,,,2856619.31561217,153,153,140.748107664706,0.0109472191654862,3,153,,,,missing_endpoint_group,C,fine,hrs_d_pm25_it1,,sao_paulo_2010
18.8701075347867,15.9077352877771,137.492319895121,118.622212360334,2856619.31561217,153,153,140.748107664706,0.0109472191654862,5,762,12.8870559550992,-6.59077066311836,44.3309857326918,conditional_cluster_HC1,A,fine,hrs_d_pm25_it2,0.160724245382805,sao_paulo_2010
18.8701075347868,15.9077352877771,137.492319895121,118.622212360334,2856619.31561217,153,153,140.748107664706,0.0109472191654862,5,762,12.8870559550992,-6.59077066311833,44.3309857326919,conditional_cluster_HC1,B_native,fine,hrs_d_pm25_it2,0.160724245382806,sao_paulo_2010
18.8701075347868,15.9077352877771,137.492319895121,118.622212360334,2856619.31561217,153,153,140.748107664706,0.0109472191654862,5,762,,,,descriptive,B_common,fine,hrs_d_pm25_it2,0.160724245382806,sao_paulo_2010
18.8701075347868,15.9077352877771,137.492319895121,118.622212360334,2856619.31561217,153,153,140.748107664706,0.0109472191654862,5,762,,,,descriptive,baseline_common,fine,hrs_d_pm25_it2,0.160724245382806,sao_paulo_2010
18.8701075347867,15.9077352877771,137.492319895121,118.622212360334,2856619.31561217,153,153,140.748107664706,0.0109472191654862,5,762,,,,descriptive,A_common,fine,hrs_d_pm25_it2,0.160724245382805,sao_paulo_2010
,,,,2856619.31561217,153,153,140.748107664706,0.0109472191654862,3,153,,,,missing_endpoint_group,C,fine,hrs_d_pm25_it2,,sao_paulo_2010
0.0302348934830317,0.215069048277639,14.088461181814,14.058226288331,2856619.31561217,153,153,140.748107664706,0.0109472191654862,5,762,0.303274389247802,-0.568942475815733,0.629412262781797,conditional_cluster_HC1,A,fine,avg_pm25,0.0119998387825119,sao_paulo_2010
0.0302348934830299,0.215069048277639,14.088461181814,14.058226288331,2856619.31561217,153,153,140.748107664706,0.0109472191654862,5,762,0.303274389247802,-0.568942475815735,0.629412262781795,conditional_cluster_HC1,B_native,fine,avg_pm25,0.0119998387825112,sao_paulo_2010
0.0302348934830299,0.215069048277639,14.088461181814,14.058226288331,2856619.31561217,153,153,140.748107664706,0.0109472191654862,5,762,,,,descriptive,B_common,fine,avg_pm25,0.0119998387825112,sao_paulo_2010
0.0302348934830334,0.215069048277661,14.088461181814,14.058226288331,2856619.31561217,153,153,140.748107664706,0.0109472191654862,5,762,,,,descriptive,baseline_common,fine,avg_pm25,0.0119998387825126,sao_paulo_2010
0.0302348934830317,0.215069048277639,14.088461181814,14.058226288331,2856619.31561217,153,153,140.748107664706,0.0109472191654862,5,762,,,,descriptive,A_common,fine,avg_pm25,0.0119998387825119,sao_paulo_2010
,,,,2856619.31561217,153,153,140.748107664706,0.0109472191654862,3,153,,,,missing_endpoint_group,C,fine,avg_pm25,,sao_paulo_2010
0.860321758340747,21.6514237985298,4.83383299873855,3.9735112403978,3211384.78869041,189,11,2.31393816168198,0.644237871091291,5,55,,,,descriptive,A,municipio,hrs_d_pm10_it1,0.139460485684578,sao_paulo_2010
1.0589968067301,18.2086897404307,6.87488373668696,5.81588692995686,1134538.04332875,86,6,5.16295493658486,0.293221138646997,5,30,,,,descriptive,B_native,municipio,hrs_d_pm10_it1,0.171666248787935,sao_paulo_2010
0.0658466764607244,1.10832276707038,6.00695683111148,5.94111015465075,746182.288595823,57,6,5.3460627572737,0.238346749282406,5,30,,,,descriptive,B_common,municipio,hrs_d_pm10_it1,0.0106739244833684,sao_paulo_2010
0.280437520401822,5.2970840454537,5.57462424644615,5.29418672604432,746182.288595823,57,57,46.6779685468853,0.0419093808554689,5,283,,,,descriptive,baseline_common,municipio,hrs_d_pm10_it1,0.0454596811254034,sao_paulo_2010
0.0163818745126543,0.301004769078239,5.458778871351,5.44239699683835,746182.288595823,57,6,5.3460627572737,0.238346749282406,5,30,,,,descriptive,A_common,municipio,hrs_d_pm10_it1,0.00265554619979017,sao_paulo_2010
,,,,3211384.78869041,189,11,2.31393816168199,0.644237871091291,2,11,,,,missing_endpoint_group,C,municipio,hrs_d_pm10_it1,,sao_paulo_2010
7.76264153651754,13.2282629148264,66.4448856565452,58.6822441200277,3211384.78869041,189,11,2.31393816168198,0.644237871091291,5,55,,,,descriptive,A,municipio,hrs_d_pm10_it2,0.147273304630698,sao_paulo_2010
1.76127675793529,1.66089640309814,107.80502245152,106.043745693585,1134538.04332875,86,6,5.16295493658486,0.293221138646997,5,30,,,,descriptive,B_native,municipio,hrs_d_pm10_it2,0.033415049154355,sao_paulo_2010
-1.37911201211611,-1.44428306572265,94.1085416789606,95.4876536910767,746182.288595823,57,6,5.3460627572737,0.238346749282406,5,30,,,,descriptive,B_common,municipio,hrs_d_pm10_it2,-0.0261645964875183,sao_paulo_2010
-1.04962047619682,-1.18293581467162,87.6805086803202,88.730129156517,746182.288595823,57,57,46.6779685468853,0.0419093808554689,5,283,,,,descriptive,baseline_common,municipio,hrs_d_pm10_it2,-0.0199134631440035,sao_paulo_2010
-1.24443083767562,-1.39998937659009,87.6441606391143,88.8885914767899,746182.288595823,57,6,5.3460627572737,0.238346749282406,5,30,,,,descriptive,A_common,municipio,hrs_d_pm10_it2,-0.023609417101985,sao_paulo_2010
,,,,3211384.78869041,189,11,2.31393816168199,0.644237871091291,2,11,,,,missing_endpoint_group,C,municipio,hrs_d_pm10_it2,,sao_paulo_2010
0.26118153442696,1.00387632546233,26.2784834472573,26.0173019128304,3211384.78869041,189,11,2.31393816168198,0.644237871091291,5,55,,,,descriptive,A,municipio,avg_pm10,0.101082247304328,sao_paulo_2010
-0.165716756241554,-0.588741829040107,27.9818936338241,28.1476103900657,1134538.04332875,86,6,5.16295493658486,0.293221138646997,5,30,,,,descriptive,B_native,municipio,avg_pm10,-0.0641355529732686,sao_paulo_2010
-0.175655081339013,-0.635317549029058,27.4727361219992,27.6483912033382,746182.288595823,57,6,5.3460627572737,0.238346749282406,5,30,,,,descriptive,B_common,municipio,avg_pm10,-0.0679818747949709,sao_paulo_2010
-0.176310478011356,-0.642574055462708,27.26184649588,27.4381569738913,746182.288595823,57,57,46.6779685468853,0.0419093808554689,5,283,,,,descriptive,baseline_common,municipio,avg_pm10,-0.0682355258375745,sao_paulo_2010
-0.156372744680247,-0.570039625942687,27.2755350672812,27.4319078119614,746182.288595823,57,6,5.3460627572737,0.238346749282406,5,30,,,,descriptive,A_common,municipio,avg_pm10,-0.0605192418526267,sao_paulo_2010
,,,,3211384.78869041,189,11,2.31393816168199,0.644237871091291,2,11,,,,missing_endpoint_group,C,municipio,avg_pm10,,sao_paulo_2010
1.47050777220217,9.4055065151925,17.10504877036,15.6345409981578,2856619.31561217,153,9,2.10449565967351,0.675965253894437,5,45,,,,descriptive,A,municipio,hrs_d_pm25_it1,0.0855825037369214,sao_paulo_2010
-8.58167218187011,-26.2388851641081,24.1242607424787,32.7059329243488,848104.879456181,56,4,3.53332536179532,0.392251648306171,5,20,,,,descriptive,B_native,municipio,hrs_d_pm25_it1,-0.499447201475219,sao_paulo_2010
-6.64815430411206,-22.23065755984,23.2571882896313,29.9053425937433,498064.977619388,31,4,3.46278847530554,0.357082169698007,5,20,,,,descriptive,B_common,municipio,hrs_d_pm25_it1,-0.386917839763091,sao_paulo_2010
-8.76768419967236,-30.7950394068339,19.7034084456148,28.4710926452871,498064.977619388,31,31,26.4946015214883,0.062787064189575,5,153,,,,descriptive,baseline_common,municipio,hrs_d_pm25_it1,-0.510272968267891,sao_paulo_2010
-5.54917219851693,-21.2063617525488,20.6183159508822,26.1674881493991,498064.977619388,31,4,3.46278847530554,0.357082169698007,5,20,,,,descriptive,A_common,municipio,hrs_d_pm25_it1,-0.322957864891246,sao_paulo_2010
,,,,2856619.31561217,153,9,2.10449565967351,0.675965253894436,2,9,,,,missing_endpoint_group,C,municipio,hrs_d_pm25_it1,,sao_paulo_2010
16.2793401714014,13.2321892969716,139.307660021142,123.028319849741,2856619.31561217,153,9,2.10449565967351,0.675965253894437,5,45,,,,descriptive,A,municipio,hrs_d_pm25_it2,0.138657644613579,sao_paulo_2010
-57.4331028198773,-23.4239440609521,187.756617025888,245.189719845766,848104.879456181,56,4,3.53332536179532,0.392251648306171,5,20,,,,descriptive,B_native,municipio,hrs_d_pm25_it2,-0.489180683983959,sao_paulo_2010
-45.9479677856941,-20.1908858740722,181.619896607504,227.567864393198,498064.977619388,31,4,3.46278847530554,0.357082169698007,5,20,,,,descriptive,B_common,municipio,hrs_d_pm25_it2,-0.391357200037948,sao_paulo_2010
-62.3814014010548,-27.2075706997051,166.898169677046,229.2795710781,498064.977619388,31,31,26.4946015214883,0.062787064189575,5,153,,,,descriptive,baseline_common,municipio,hrs_d_pm25_it2,-0.531327320081418,sao_paulo_2010
-42.9789568454395,-19.8158862800886,173.912461675798,216.891418521238,498064.977619388,31,4,3.46278847530554,0.357082169698007,5,20,,,,descriptive,A_common,municipio,hrs_d_pm25_it2,-0.366068947598156,sao_paulo_2010
,,,,2856619.31561217,153,9,2.10449565967351,0.675965253894436,2,9,,,,missing_endpoint_group,C,municipio,hrs_d_pm25_it2,,sao_paulo_2010
0.176052491248887,1.25715791950514,14.1800601435404,14.0040076522915,2856619.31561217,153,9,2.10449565967351,0.675965253894437,5,45,,,,descriptive,A,municipio,avg_pm25,0.069872960307661,sao_paulo_2010
-1.37327577221107,-8.31611519806004,15.1401531486801,16.5134289208912,848104.879456181,56,4,3.53332536179532,0.392251648306171,5,20,,,,descriptive,B_native,municipio,avg_pm25,-0.545035420075507,sao_paulo_2010
-1.1520233211019,-7.17605675782398,14.9016863969248,16.0537097180268,498064.977619388,31,4,3.46278847530554,0.357082169698007,5,20,,,,descriptive,B_common,municipio,avg_pm25,-0.457223179392878,sao_paulo_2010
-1.45598976712351,-9.1665629499427,14.4277146821282,15.8837044492517,498064.977619388,31,31,26.4946015214883,0.062787064189575,5,153,,,,descriptive,baseline_common,municipio,avg_pm25,-0.577863536521948,sao_paulo_2010
-1.01690321552061,-6.52106008223973,14.5772364288935,15.5941396444141,498064.977619388,31,4,3.46278847530554,0.357082169698007,5,20,,,,descriptive,A_common,municipio,avg_pm25,-0.403595754372794,sao_paulo_2010
,,,,2856619.31561217,153,9,2.10449565967351,0.675965253894436,2,9,,,,missing_endpoint_group,C,municipio,avg_pm25,,sao_paulo_2010
