city_id,level,pollutant,contributing_stations_3km,covered_units_3km,covered_adults_3km,adult_coverage_share_3km,mean_eligible_stations_3km,median_nearest_active_km_3km,mean_hourly_neff_3km,contributing_stations_20km,covered_units_20km,covered_adults_20km,adult_coverage_share_20km,mean_eligible_stations_20km,median_nearest_active_km_20km,mean_hourly_neff_20km
bogota_2018,fine,pm10,45,42213,4344885,0.76312419547105,1.07574694908122,2.19370735980808,1.26218916824107,48,56892,5666551,0.995258142153514,23.2664644410156,2.19370735980808,10.5005760110521
bogota_2018,fine,pm25,44,42111,4341174,0.762472405172942,1.07395847945013,2.19745902194214,1.28164330890629,47,56892,5666551,0.995258142153514,22.7136344508346,2.19745902194214,10.6648503322019
bogota_2018,localidad,pm10,19,17,3473437,0.61006535642356,0.65,3.94432598512376,1.24727084069159,46,39,5666042,0.99516874272971,17.45,3.94432598512376,9.04381364261469
bogota_2018,localidad,pm25,19,17,3473437,0.61006535642356,0.65,3.94432598512376,1.28169275959273,45,39,5666042,0.99516874272971,17.175,3.94432598512376,9.30003605296447
bogota_2018,municipio,pm10,5,4,227361,0.0399330891856731,0.238095238095238,4.31792942382671,1.00512235463734,46,20,1098445,0.192927996228714,11.8571428571429,4.31792942382671,6.54996905398551
bogota_2018,municipio,pm25,5,4,227361,0.0399330891856731,0.238095238095238,4.31792942382671,1.00542399816705,45,20,1098445,0.192927996228714,11.7142857142857,4.31792942382671,6.79965699959656
bogota_2018,seccion,pm10,45,2754,4323455,0.759360286527788,1.05334023821854,2.26078483385081,1.2751960923287,48,3740,5666551,0.995258142153514,22.0196789228379,2.26078483385081,10.2655285589236
bogota_2018,seccion,pm25,44,2746,4317614,0.758334388621227,1.05126877265665,2.26459091594587,1.29761090658077,47,3740,5666551,0.995258142153514,21.5300362506473,2.26459091594587,10.4518838187912
bogota_2018,sector,pm10,45,691,4187130,0.735416521399921,0.803968253968254,2.69455842262027,1.25987772746735,48,1138,5666551,0.995258142153514,17.2190476190476,2.69455842262027,8.85563378235934
bogota_2018,sector,pm25,44,685,4183017,0.73469412487712,0.799206349206349,2.71158220687586,1.28633347386525,47,1138,5666551,0.995258142153514,16.8714285714286,2.71158220687586,9.04215780264671
santiago_2017,comuna,pm10,8,12,1490547,0.369143818899617,0.394736842105263,3.82266964835088,1.20345203864805,10,38,4037849,1,7.26315789473684,3.82266964835088,5.01245853837201
santiago_2017,comuna,pm25,8,12,1490547,0.369143818899617,0.394736842105263,3.82266964835088,1.19824807101766,10,38,4037849,1,7.26315789473684,3.82266964835088,4.95635205310476
santiago_2017,distrito,pm10,9,133,1444417,0.357719419423559,0.432276657060519,3.63507901717466,1.09521394114441,10,347,4037849,1,7.64265129682997,3.63507901717466,5.29571861643804
santiago_2017,distrito,pm25,9,133,1444417,0.357719419423559,0.432276657060519,3.63507901717466,1.09273646032646,10,347,4037849,1,7.64265129682997,3.63507901717466,5.23562855983205
santiago_2017,fine,pm10,9,606,1470691,0.364226349227027,0.410271903323263,3.65604440029927,1.08961767486936,10,1655,4037849,1,7.51057401812689,3.65604440029927,5.22770705095375
santiago_2017,fine,pm25,9,606,1470691,0.364226349227027,0.410271903323263,3.65604440029927,1.08730674296487,10,1655,4037849,1,7.51057401812689,3.65604440029927,5.1685939414944
sao_paulo_2010,fine,pm10,21,189,3829397.35116674,0.317763959099729,0.317535545023697,4.48759336968962,1.03702601027584,26,602,11725453.3856282,0.972979857763083,8.81358609794629,4.48759336968962,5.04429635835054
sao_paulo_2010,fine,pm25,22,153,3415763.42913653,0.283440555015736,0.265402843601896,5.03382697297048,1.05858104038858,23,601,11710072.1450022,0.971703520138918,9.12006319115324,5.03382697297048,4.91043125611028
sao_paulo_2010,municipio,pm10,6,6,1337013.71109424,0.110945595676689,0.153846153846154,11.3737456502727,1,26,30,11591592.3881432,0.961872052375137,4.38461538461539,11.3737456502727,3.35012784786398
sao_paulo_2010,municipio,pm25,4,4,1005766.52927311,0.08345865549169,0.102564102564103,11.3737456502727,1,23,29,11576211.1475173,0.960595714750973,4.28205128205128,11.3737456502727,3.11500210159935
