gap,normalized_pct,q1,q5,population,n_units,n_clusters,effective_clusters,max_cluster_share,populated_groups,n_cells,se,lower,upper,inference_status,design,level,outcome,standardized_gap,city_id
16.5432112658347,165.943746251546,26.5123795168382,9.96916825100341,4255038,37375,37375,10488.6213997462,0.00109658245120255,5,161767,0.691480711984101,15.1878900820096,17.8985324496598,conditional_cluster_HC1,A,fine,hrs_d_pm10_it1,0.207143370908035,bogota_2018
16.5432112658347,165.943746251546,26.5123795168382,9.96916825100341,4255038,37375,37375,10488.6213997462,0.00109658245120255,5,161767,0.691480711984101,15.1878900820096,17.8985324496598,conditional_cluster_HC1,B_native,fine,hrs_d_pm10_it1,0.207143370908035,bogota_2018
16.5432112658347,165.943746251546,26.5123795168382,9.96916825100341,4255038,37375,37375,10488.6213997462,0.00109658245120255,5,161767,,,,descriptive,B_common,fine,hrs_d_pm10_it1,0.207143370908035,bogota_2018
16.5432112658347,165.943746251546,26.5123795168382,9.96916825100341,4255038,37375,37375,10488.6213997462,0.00109658245120255,5,161767,,,,descriptive,baseline_common,fine,hrs_d_pm10_it1,0.207143370908035,bogota_2018
16.5432112658347,165.943746251546,26.5123795168382,9.96916825100341,4255038,37375,37375,10488.6213997462,0.00109658245120255,5,161767,,,,descriptive,A_common,fine,hrs_d_pm10_it1,0.207143370908035,bogota_2018
43.7380987295329,3643.16311538179,44.9386515827627,1.20055285322983,4255038,37375,37375,10488.6213997462,0.00109658245120255,5,37375,,,,descriptive,C,fine,hrs_d_pm10_it1,0.547660128517782,bogota_2018
94.4261144579143,188.934980265156,144.404215032723,49.9781005748085,4255038,37375,37375,10488.6213997462,0.00109658245120255,5,161767,1.78503182103345,90.9274030710027,97.9248258448259,conditional_cluster_HC1,A,fine,hrs_d_pm10_it2,0.490361469635417,bogota_2018
94.4261144579143,188.934980265156,144.404215032723,49.9781005748085,4255038,37375,37375,10488.6213997462,0.00109658245120255,5,161767,1.78503182103345,90.9274030710027,97.9248258448259,conditional_cluster_HC1,B_native,fine,hrs_d_pm10_it2,0.490361469635417,bogota_2018
94.4261144579143,188.934980265156,144.404215032723,49.9781005748085,4255038,37375,37375,10488.6213997462,0.00109658245120255,5,161767,,,,descriptive,B_common,fine,hrs_d_pm10_it2,0.490361469635417,bogota_2018
94.4261144579143,188.934980265156,144.404215032723,49.9781005748085,4255038,37375,37375,10488.6213997462,0.00109658245120255,5,161767,,,,descriptive,baseline_common,fine,hrs_d_pm10_it2,0.490361469635417,bogota_2018
94.4261144579143,188.934980265156,144.404215032723,49.9781005748085,4255038,37375,37375,10488.6213997462,0.00109658245120255,5,161767,,,,descriptive,A_common,fine,hrs_d_pm10_it2,0.490361469635417,bogota_2018
184.699407515423,756.698468659759,209.107994973325,24.4085874579021,4255038,37375,37375,10488.6213997462,0.00109658245120255,5,37375,,,,descriptive,C,fine,hrs_d_pm10_it2,0.959157044955189,bogota_2018
7.26357281014485,26.4722907614749,34.7019719860693,27.4383991759244,4255038,37375,37375,10488.6213997462,0.00109658245120255,5,161767,0.143238086586569,6.98282222706017,7.54432339322954,conditional_cluster_HC1,A,fine,avg_pm10,0.685017710419805,bogota_2018
7.26357281014485,26.4722907614749,34.7019719860693,27.4383991759244,4255038,37375,37375,10488.6213997462,0.00109658245120255,5,161767,0.143238086586569,6.98282222706017,7.54432339322954,conditional_cluster_HC1,B_native,fine,avg_pm10,0.685017710419805,bogota_2018
7.26357281014485,26.4722907614749,34.7019719860693,27.4383991759244,4255038,37375,37375,10488.6213997462,0.00109658245120255,5,161767,,,,descriptive,B_common,fine,avg_pm10,0.685017710419805,bogota_2018
7.26357281014485,26.4722907614749,34.7019719860693,27.4383991759244,4255038,37375,37375,10488.6213997462,0.00109658245120255,5,161767,,,,descriptive,baseline_common,fine,avg_pm10,0.685017710419805,bogota_2018
7.26357281014485,26.4722907614749,34.7019719860693,27.4383991759244,4255038,37375,37375,10488.6213997462,0.00109658245120255,5,161767,,,,descriptive,A_common,fine,avg_pm10,0.685017710419805,bogota_2018
12.110118920928,47.3338722377121,37.69458591765,25.584466996722,4255038,37375,37375,10488.6213997462,0.00109658245120255,5,37375,,,,descriptive,C,fine,avg_pm10,1.14208890761573,bogota_2018
10.7971991709707,295.134509227141,14.455598590017,3.65839941904625,4251366,37285,37285,10471.9541352848,0.00109752959401755,5,161372,0.230060467084987,10.3462743026799,11.2481240392616,conditional_cluster_HC1,A,fine,hrs_d_pm25_it1,0.422832697843371,bogota_2018
10.7971991709707,295.134509227141,14.455598590017,3.65839941904625,4251366,37285,37285,10471.9541352848,0.00109752959401755,5,161372,0.230060467084987,10.3462743026799,11.2481240392616,conditional_cluster_HC1,B_native,fine,hrs_d_pm25_it1,0.422832697843371,bogota_2018
10.7971991709707,295.134509227141,14.455598590017,3.65839941904625,4251366,37285,37285,10471.9541352848,0.00109752959401755,5,161372,,,,descriptive,B_common,fine,hrs_d_pm25_it1,0.422832697843371,bogota_2018
10.7971991709707,295.134509227141,14.455598590017,3.65839941904625,4251366,37285,37285,10471.9541352848,0.00109752959401755,5,161372,,,,descriptive,baseline_common,fine,hrs_d_pm25_it1,0.422832697843371,bogota_2018
10.7971991709707,295.134509227141,14.455598590017,3.65839941904625,4251366,37285,37285,10471.9541352848,0.00109752959401755,5,161372,,,,descriptive,A_common,fine,hrs_d_pm25_it1,0.422832697843371,bogota_2018
24.2799117230536,2871.28548075069,25.1255229270187,0.845611203965189,4251366,37285,37285,10471.9541352848,0.00109752959401755,5,37285,,,,descriptive,C,fine,hrs_d_pm25_it1,0.950833675909179,bogota_2018
89.3318544714033,186.63060900568,137.197451088882,47.8655966174791,4251366,37285,37285,10471.9541352848,0.00109752959401755,5,161372,1.29061029183943,86.8022226609648,91.8614862818418,conditional_cluster_HC1,A,fine,hrs_d_pm25_it2,0.683707370731315,bogota_2018
89.3318544714033,186.63060900568,137.197451088882,47.8655966174791,4251366,37285,37285,10471.9541352848,0.00109752959401755,5,161372,1.29061029183943,86.8022226609648,91.8614862818418,conditional_cluster_HC1,B_native,fine,hrs_d_pm25_it2,0.683707370731315,bogota_2018
89.3318544714033,186.63060900568,137.197451088882,47.8655966174791,4251366,37285,37285,10471.9541352848,0.00109752959401755,5,161372,,,,descriptive,B_common,fine,hrs_d_pm25_it2,0.683707370731315,bogota_2018
89.3318544714033,186.63060900568,137.197451088882,47.8655966174791,4251366,37285,37285,10471.9541352848,0.00109752959401755,5,161372,,,,descriptive,baseline_common,fine,hrs_d_pm25_it2,0.683707370731315,bogota_2018
89.3318544714033,186.63060900568,137.197451088882,47.8655966174791,4251366,37285,37285,10471.9541352848,0.00109752959401755,5,161372,,,,descriptive,A_common,fine,hrs_d_pm25_it2,0.683707370731315,bogota_2018
150.558601933373,473.773393594936,182.337212545284,31.7786106119113,4251366,37285,37285,10471.9541352848,0.00109752959401755,5,37285,,,,descriptive,C,fine,hrs_d_pm25_it2,1.15231041018858,bogota_2018
2.95573469232712,21.8832415944058,16.4625758957927,13.5068412034656,4251366,37285,37285,10471.9541352848,0.00109752959401755,5,161372,0.0590051540907417,2.84008296096286,3.07138642369138,conditional_cluster_HC1,A,fine,avg_pm25,0.690360024291373,bogota_2018
2.95573469232712,21.8832415944058,16.4625758957927,13.5068412034656,4251366,37285,37285,10471.9541352848,0.00109752959401755,5,161372,0.0590051540907417,2.84008296096286,3.07138642369138,conditional_cluster_HC1,B_native,fine,avg_pm25,0.690360024291373,bogota_2018
2.95573469232712,21.8832415944058,16.4625758957927,13.5068412034656,4251366,37285,37285,10471.9541352848,0.00109752959401755,5,161372,,,,descriptive,B_common,fine,avg_pm25,0.690360024291373,bogota_2018
2.95573469232712,21.8832415944058,16.4625758957927,13.5068412034656,4251366,37285,37285,10471.9541352848,0.00109752959401755,5,161372,,,,descriptive,baseline_common,fine,avg_pm25,0.690360024291373,bogota_2018
2.95573469232712,21.8832415944058,16.4625758957927,13.5068412034656,4251366,37285,37285,10471.9541352848,0.00109752959401755,5,161372,,,,descriptive,A_common,fine,avg_pm25,0.690360024291373,bogota_2018
4.01533353014047,30.8868197293629,17.0154855863369,13.0001520561965,4251366,37285,37285,10471.9541352848,0.00109752959401755,5,37285,,,,descriptive,C,fine,avg_pm25,0.937846607343251,bogota_2018
16.520299054091,165.544034844358,26.4996976289917,9.97939857490072,4255038,37375,2840,1251.13013135341,0.00760580751570256,5,13968,1.60458053795041,13.3740376382308,19.6665604699512,conditional_cluster_HC1,A,seccion,hrs_d_pm10_it1,0.206856479040471,bogota_2018
16.6757608171278,171.011572497241,26.4270078079693,9.75124699084142,4234229,37317,2721,1235.23781700397,0.0076431860440236,5,13408,1.64639976852318,13.4474400167354,19.9040816175203,conditional_cluster_HC1,B_native,seccion,hrs_d_pm10_it1,0.208803070492716,bogota_2018
16.3443980994437,166.260962588087,26.1749667699361,9.83056867049247,4154476,36584,2719,1215.68183702679,0.00778991141121046,5,13387,,,,descriptive,B_common,seccion,hrs_d_pm10_it1,0.20465396127617,bogota_2018
16.5934021179415,168.073456784899,26.4661104178474,9.87270829990589,4154476,36584,36584,10297.8228663791,0.00112312599711733,5,158223,,,,descriptive,baseline_common,seccion,hrs_d_pm10_it1,0.207771828232739,bogota_2018
16.5701879500854,167.664868275637,26.4531098290114,9.88292187892603,4154476,36584,2719,1215.68183702679,0.00778991141121046,5,13387,,,,descriptive,A_common,seccion,hrs_d_pm10_it1,0.207481155466414,bogota_2018
43.6641187004528,4262.60702843781,44.6884711309994,1.0243524305466,4255038,37375,2840,1251.13013135341,0.00760580751570256,5,2840,,,,descriptive,C,seccion,hrs_d_pm10_it1,0.546733798535212,bogota_2018
94.2860382730632,188.430721199375,144.323546845405,50.0375085723421,4255038,37375,2840,1251.13013135341,0.00760580751570256,5,13968,4.82218693946048,84.8306944315699,103.741382114557,conditional_cluster_HC1,A,seccion,hrs_d_pm10_it2,0.489634044131796,bogota_2018
94.3529387263109,189.645021640818,144.105332915183,49.7523941888717,4234229,37317,2721,1235.23781700397,0.0076431860440236,5,13408,4.97278058058901,84.602128934529,104.103748518093,conditional_cluster_HC1,B_native,seccion,hrs_d_pm10_it2,0.489981462902145,bogota_2018
94.0105989393769,187.238539594324,144.219599256866,50.2090003174896,4154476,36584,2719,1215.68183702679,0.00778991141121046,5,13387,,,,descriptive,B_common,seccion,hrs_d_pm10_it2,0.488203668252865,bogota_2018
95.0691688842017,189.532631534914,145.22895831692,50.1597894327178,4154476,36584,36584,10297.8228663791,0.00112312599711733,5,158223,,,,descriptive,baseline_common,seccion,hrs_d_pm10_it2,0.493700896607925,bogota_2018
94.9280726672458,189.030049952625,145.146581677341,50.2185090100949,4154476,36584,2719,1215.68183702679,0.00778991141121046,5,13387,,,,descriptive,A_common,seccion,hrs_d_pm10_it2,0.492968174005669,bogota_2018
191.386926731864,773.112988771471,216.142289726863,24.7553629949991,4255038,37375,2840,1251.13013135341,0.00760580751570256,5,2840,,,,descriptive,C,seccion,hrs_d_pm10_it2,0.993885803731456,bogota_2018
7.26507789152189,26.4791318596903,34.7020721631569,27.436994271635,4255038,37375,2840,1251.13013135341,0.00760580751570256,5,13968,0.414513420442903,6.45230000331343,8.07785577973036,conditional_cluster_HC1,A,seccion,avg_pm10,0.685159652605262,bogota_2018
7.19112395126819,26.2181376256492,34.6191741581338,27.4280502068656,4234229,37317,2721,1235.23781700397,0.0076431860440236,5,13408,0.416678773099667,6.37408499390349,8.00816290863289,conditional_cluster_HC1,B_native,seccion,avg_pm10,0.678185156699011,bogota_2018
7.16453473431252,26.0630944347258,34.6537292820124,27.4891945476998,4154476,36584,2719,1215.68183702679,0.00778991141121046,5,13387,,,,descriptive,B_common,seccion,avg_pm10,0.675677563673249,bogota_2018
7.24640392754844,26.3853106273369,34.7101849301518,27.4637810026033,4154476,36584,36584,10297.8228663791,0.00112312599711733,5,158223,,,,descriptive,baseline_common,seccion,avg_pm10,0.683398536363997,bogota_2018
7.248112154245,26.3931443609381,34.7102138846179,27.4621017303729,4154476,36584,2719,1215.68183702679,0.00778991141121046,5,13387,,,,descriptive,A_common,seccion,avg_pm10,0.683559636909299,bogota_2018
12.493764171349,48.3441471979042,38.3371493492981,25.843385177949,4255038,37375,2840,1251.13013135341,0.00760580751570256,5,2840,,,,descriptive,C,seccion,avg_pm10,1.17826997138779,bogota_2018
10.7619149233842,292.898894980055,14.4361913060646,3.67427638268045,4251366,37285,2833,1249.19753113028,0.00761237682194382,5,13933,0.647883179621814,9.49154428709105,12.0322855596773,conditional_cluster_HC1,A,seccion,hrs_d_pm25_it1,0.421450919720902,bogota_2018
10.6703543499074,294.29885007932,14.2960410785615,3.62568672865407,4228451,37222,2713,1232.46770846148,0.00765363013547987,5,13368,0.673868338071638,9.34900696456461,11.9917017352503,conditional_cluster_HC1,B_native,seccion,hrs_d_pm25_it1,0.417865285735068,bogota_2018
10.5411579881291,287.933488182109,14.2021277678799,3.66096977975073,4150804,36494,2712,1213.75747068171,0.00779680273990292,5,13352,,,,descriptive,B_common,seccion,hrs_d_pm25_it1,0.412805784160887,bogota_2018
10.8157881578196,297.19484208715,14.455080173072,3.6392920152524,4150804,36494,36494,10281.0708315048,0.00112411956816077,5,157828,,,,descriptive,baseline_common,seccion,hrs_d_pm25_it1,0.423560667322774,bogota_2018
10.7795470575618,294.876966016067,14.4351554298259,3.65560837226412,4150804,36494,2712,1213.75747068171,0.00779680273990292,5,13352,,,,descriptive,A_common,seccion,hrs_d_pm25_it1,0.422141417575484,bogota_2018
25.1616290971272,2667.23895373146,26.1049877362895,0.943358639162276,4251366,37285,2833,1249.19753113028,0.00761237682194382,5,2833,,,,descriptive,C,seccion,hrs_d_pm25_it1,0.985362902434637,bogota_2018
89.0732556570008,185.580472429451,137.07036143593,47.9971057789295,4251366,37285,2833,1249.19753113028,0.00761237682194382,5,13933,3.74582216822448,81.7284400467762,96.4180712672253,conditional_cluster_HC1,A,seccion,hrs_d_pm25_it2,0.681728167271188,bogota_2018
88.0025969391258,185.915274965206,135.337382612651,47.3347856735256,4228451,37222,2713,1232.46770846148,0.00765363013547987,5,13368,3.77625389965167,80.5979706422825,95.4072232359691,conditional_cluster_HC1,B_native,seccion,hrs_d_pm25_it2,0.673533808592748,bogota_2018
88.0100207475155,184.156718566352,135.800848816493,47.7908280689773,4150804,36494,2712,1213.75747068171,0.00779680273990292,5,13352,,,,descriptive,B_common,seccion,hrs_d_pm25_it2,0.673590627210754,bogota_2018
89.0127529980209,185.234313996654,137.066891066429,48.0541380684082,4150804,36494,36494,10281.0708315048,0.00112411956816077,5,157828,,,,descriptive,baseline_common,seccion,hrs_d_pm25_it2,0.681265106091745,bogota_2018
88.7496637384987,184.173702470473,136.937685452797,48.1880217142984,4150804,36494,2712,1213.75747068171,0.00779680273990292,5,13352,,,,descriptive,A_common,seccion,hrs_d_pm25_it2,0.679251534707159,bogota_2018
154.648508097902,460.11835158724,188.259101451638,33.6105933537363,4251366,37285,2833,1249.19753113028,0.00761237682194382,5,2833,,,,descriptive,C,seccion,hrs_d_pm25_it2,1.18361278275024,bogota_2018
2.9554053644014,21.8805261456908,16.4624176945571,13.5070123301557,4251366,37285,2833,1249.19753113028,0.00761237682194382,5,13933,0.173896186220337,2.61442937415169,3.29638135465111,conditional_cluster_HC1,A,seccion,avg_pm25,0.690283104385337,bogota_2018
2.92724196944617,21.716162058268,16.4067967894549,13.4795548200087,4228451,37222,2713,1232.46770846148,0.00765363013547987,5,13368,0.171069627394486,2.59180195527942,3.26268198361292,conditional_cluster_HC1,B_native,seccion,avg_pm25,0.683705084349949,bogota_2018
2.92816588378103,21.6854929695306,16.4310449186053,13.5028790348242,4150804,36494,2712,1213.75747068171,0.00779680273990292,5,13352,,,,descriptive,B_common,seccion,avg_pm25,0.683920879605293,bogota_2018
2.95249468374409,21.8644607152366,16.4561192286047,13.5036245448606,4150804,36494,36494,10281.0708315048,0.00112411956816077,5,157828,,,,descriptive,baseline_common,seccion,avg_pm25,0.689603267465434,bogota_2018
2.95239054280399,21.8636789266936,16.4560216229302,13.5036310801262,4150804,36494,2712,1213.75747068171,0.00779680273990292,5,13352,,,,descriptive,A_common,seccion,avg_pm25,0.689578943651079,bogota_2018
4.11771884418877,31.3572193877844,17.2493642023638,13.1316453581751,4251366,37285,2833,1249.19753113028,0.00761237682194382,5,2833,,,,descriptive,C,seccion,avg_pm25,0.961760366611616,bogota_2018
16.7035919757953,169.018287013405,26.586304829506,9.88271285371065,4255038,37375,749,311.089309211585,0.0112346822754579,5,3708,3.78602283121991,9.27109714278111,24.1360868088096,conditional_cluster_HC1,A,sector,hrs_d_pm10_it1,0.209151554226014,bogota_2018
14.3271601387769,176.973269459656,22.422823502245,8.09566336346804,4100522,35877,675,291.782113862303,0.0116580279291271,5,3346,3.4573662456501,7.53865644753734,21.1156638300165,conditional_cluster_HC1,B_native,sector,hrs_d_pm10_it1,0.17939541477141,bogota_2018
14.7202715556292,176.408490705356,23.0646950563186,8.34442350068943,3973908,34748,674,287.262541122227,0.0120294682212069,5,3339,,,,descriptive,B_common,sector,hrs_d_pm10_it1,0.184317701183685,bogota_2018
15.5165565069673,175.810636364076,24.3422776509571,8.82572114398981,3973908,34748,34748,9798.38008587574,0.0011741590394141,5,150153,,,,descriptive,baseline_common,sector,hrs_d_pm10_it1,0.194288265324648,bogota_2018
15.6923341814815,179.697719200903,24.424962648478,8.7326284669965,3973908,34748,674,287.262541122227,0.0120294682212069,5,3339,,,,descriptive,A_common,sector,hrs_d_pm10_it1,0.196489239455012,bogota_2018
45.1505077999504,3606.76999862585,46.4023344431007,1.25182664315031,4255038,37375,749,311.089309211585,0.0112346822754579,5,749,,,,descriptive,C,sector,hrs_d_pm10_it1,0.565345399608503,bogota_2018
93.4484184361521,185.488742652994,143.827981691359,50.3795632552064,4255038,37375,749,311.089309211585,0.0112346822754579,5,3708,10.2874228254245,73.2527618319464,113.644075040358,conditional_cluster_HC1,A,sector,hrs_d_pm10_it2,0.485284225264617,bogota_2018
88.3815360990415,184.077788713746,136.39468136584,48.0131452667986,4100522,35877,675,291.782113862303,0.0116580279291271,5,3346,10.19949644976,68.354927872304,108.408144325779,conditional_cluster_HC1,B_native,sector,hrs_d_pm10_it2,0.458971548061292,bogota_2018
89.83879461008,182.988614964089,138.934086482588,49.0952918725084,3973908,34748,674,287.262541122227,0.0120294682212069,5,3339,,,,descriptive,B_common,sector,hrs_d_pm10_it2,0.466539194249148,bogota_2018
93.7963759775512,194.31891084969,142.06567491887,48.2692989413186,3973908,34748,34748,9798.38008587574,0.0011741590394141,5,150153,,,,descriptive,baseline_common,sector,hrs_d_pm10_it2,0.487091193308899,bogota_2018
92.7919468626457,190.651524300612,141.462917211844,48.6709703491984,3973908,34748,674,287.262541122227,0.0120294682212069,5,3339,,,,descriptive,A_common,sector,hrs_d_pm10_it2,0.481875122100661,bogota_2018
189.2880336463,675.786631592433,217.2980629658,28.0100293194997,4255038,37375,749,311.089309211585,0.0112346822754579,5,749,,,,descriptive,C,sector,hrs_d_pm10_it2,0.982986103961395,bogota_2018
7.23803925656206,26.3637562260242,34.6925460973485,27.4545068407864,4255038,37375,749,311.089309211585,0.0112346822754579,5,3708,0.685552427729317,5.89220350648638,8.58387500663775,conditional_cluster_HC1,A,sector,avg_pm10,0.682609675576438,bogota_2018
6.87588189082237,25.2903733463281,34.0636256092071,27.1877437183848,4100522,35877,675,291.782113862303,0.0116580279291271,5,3346,0.711137213835303,5.47957115655388,8.27219262509087,conditional_cluster_HC1,B_native,sector,avg_pm10,0.648455105095066,bogota_2018
6.93878359187032,25.4164081339889,34.2391934503004,27.3004098584301,3973908,34748,674,287.262541122227,0.0120294682212069,5,3339,,,,descriptive,B_common,sector,avg_pm10,0.654387279296335,bogota_2018
7.13599115287401,26.0912014955445,34.4861733746188,27.3501822217448,3973908,34748,34748,9798.38008587574,0.0011741590394141,5,150153,,,,descriptive,baseline_common,sector,avg_pm10,0.67298565718105,bogota_2018
7.11142702507102,25.9863114575379,34.4774771730161,27.3660501479451,3973908,34748,674,287.262541122227,0.0120294682212069,5,3339,,,,descriptive,A_common,sector,avg_pm10,0.670669047569515,bogota_2018
13.0334627743655,50.4233295845954,38.8815431802801,25.8480804059145,4255038,37375,749,311.089309211585,0.0112346822754579,5,749,,,,descriptive,C,sector,avg_pm10,1.2291682154088,bogota_2018
10.8179879022683,295.822669947595,14.4749043597476,3.6569164574793,4251366,37285,743,310.574387517453,0.0112443859220778,5,3678,1.5648186418379,7.74598875974744,13.8899870447891,conditional_cluster_HC1,A,sector,hrs_d_pm25_it1,0.423646812244718,bogota_2018
9.83355753556159,332.328978534865,12.792540402152,2.95898286659042,4096457,35813,669,291.232096552045,0.0116695964341869,5,3316,1.61630841629154,6.65990101129412,13.0072140598291,conditional_cluster_HC1,B_native,sector,hrs_d_pm25_it1,0.385095208147921,bogota_2018
10.0607737622416,330.522025661101,13.104677944457,3.04390418221548,3971949,34689,669,286.985370652204,0.0120354012601874,5,3314,,,,descriptive,B_common,sector,hrs_d_pm25_it1,0.393993298161781,bogota_2018
10.1944546737593,305.401495459655,13.532504691627,3.33805001786771,3971949,34689,34689,9789.49022713913,0.00117473814492583,5,149910,,,,descriptive,baseline_common,sector,hrs_d_pm25_it1,0.399228420675698,bogota_2018
10.2236212445174,306.518789288852,13.559019139125,3.33539789460769,3971949,34689,669,286.985370652204,0.0120354012601874,5,3314,,,,descriptive,A_common,sector,hrs_d_pm25_it1,0.400370622426837,bogota_2018
27.6513366395289,3407.81463379588,28.4627462850333,0.811409645504361,4251366,37285,743,310.574387517453,0.0112443859220778,5,743,,,,descriptive,C,sector,hrs_d_pm25_it1,1.08286316526438,bogota_2018
88.3468613599069,182.501595554382,136.755677234386,48.4088158744788,4251366,37285,743,310.574387517453,0.0112443859220778,5,3678,7.9862396778113,72.6685451728073,104.025177547006,conditional_cluster_HC1,A,sector,hrs_d_pm25_it2,0.676168659546659,bogota_2018
83.8021950555827,190.389552542008,127.818368178891,44.0161731233085,4096457,35813,669,291.232096552045,0.0116695964341869,5,3316,8.25225260736843,67.5987186254049,100.005671485761,conditional_cluster_HC1,B_native,sector,hrs_d_pm25_it2,0.641385749596263,bogota_2018
85.1577755400514,189.719222085599,130.043989284713,44.8862137446617,3971949,34689,669,286.985370652204,0.0120354012601874,5,3314,,,,descriptive,B_common,sector,hrs_d_pm25_it2,0.651760776224054,bogota_2018
86.836725997363,185.122246613065,133.744500501022,46.9077745036585,3971949,34689,34689,9789.49022713913,0.00117473814492583,5,149910,,,,descriptive,baseline_common,sector,hrs_d_pm25_it2,0.664610736739809,bogota_2018
85.8299018031446,180.815381282891,133.298154334638,47.4682525314931,3971949,34689,669,286.985370652204,0.0120354012601874,5,3314,,,,descriptive,A_common,sector,hrs_d_pm25_it2,0.656904939891742,bogota_2018
159.655418585076,442.697675716499,195.719628392971,36.0642098078957,4251366,37285,743,310.574387517453,0.0112443859220778,5,743,,,,descriptive,C,sector,hrs_d_pm25_it2,1.22193350971744,bogota_2018
2.93602646970201,21.7159461080913,16.4561671768484,13.5201407071464,4251366,37285,743,310.574387517453,0.0112443859220778,5,3678,0.299642877783641,2.34777768546419,3.52427525393984,conditional_cluster_HC1,A,sector,avg_pm25,0.685756847597088,bogota_2018
2.86342113999754,21.3920988684599,16.2488358092393,13.3854146692418,4096457,35813,669,291.232096552045,0.0116695964341869,5,3316,0.308776578429827,2.25713165168119,3.46971062831389,conditional_cluster_HC1,B_native,sector,avg_pm25,0.668798689170832,bogota_2018
2.89577389476527,21.5663926368569,16.3230259323471,13.4272520375819,3971949,34689,669,286.985370652204,0.0120354012601874,5,3314,,,,descriptive,B_common,sector,avg_pm25,0.676355202488934,bogota_2018
2.9188110267729,21.6702511447262,16.3880182236782,13.4692071969053,3971949,34689,34689,9789.49022713913,0.00117473814492583,5,149910,,,,descriptive,baseline_common,sector,avg_pm25,0.681735900240215,bogota_2018
2.89882528112156,21.500033389256,16.3817126266368,13.4828873455153,3971949,34689,669,286.985370652204,0.0120354012601874,5,3314,,,,descriptive,A_common,sector,avg_pm25,0.677067903518737,bogota_2018
4.10508186375614,31.0447327653642,17.3282005640597,13.2231187003035,4251366,37285,743,310.574387517453,0.0112443859220778,5,743,,,,descriptive,C,sector,avg_pm25,0.958808793812782,bogota_2018
17.6993381866658,186.238046382931,27.2029485017533,9.50361031508753,4255038,37375,36,13.3834483637677,0.157779554495166,5,180,,,,descriptive,A,localidad,hrs_d_pm10_it1,0.221619643001171,bogota_2018
2.49795088071973,126.785860524346,4.46816338737385,1.97021250665413,3401841,25998,17,8.05811054923257,0.210546583452901,5,85,,,,descriptive,B_native,localidad,hrs_d_pm10_it1,0.0312777221713652,bogota_2018
2.93360932250454,133.251863461262,5.13516151569949,2.20155219319495,2951799,22261,17,7.67650599785278,0.227440283027401,5,85,,,,descriptive,B_common,localidad,hrs_d_pm10_it1,0.0367327548579284,bogota_2018
1.35844937326106,95.4018418770116,2.7823730067401,1.42392363347903,2951799,22261,22261,6612.98519747097,0.00158073093730298,5,101365,,,,descriptive,baseline_common,localidad,hrs_d_pm10_it1,0.0170096227306449,bogota_2018
1.31669007885629,81.2504968001477,2.93722180568986,1.62053172683357,2951799,22261,17,7.67650599785278,0.227440283027401,5,85,,,,descriptive,A_common,localidad,hrs_d_pm10_it1,0.0164867399075494,bogota_2018
25.0115317352494,1587.7975805176,26.5867660120957,1.5752342768463,4255038,37375,36,13.3834483637677,0.157779554495166,5,36,,,,descriptive,C,localidad,hrs_d_pm10_it1,0.313178192066776,bogota_2018
91.874805472841,171.960964740991,145.302515425052,53.4277099522114,4255038,37375,36,13.3834483637677,0.157779554495166,5,180,,,,descriptive,A,localidad,hrs_d_pm10_it2,0.477112342202855,bogota_2018
47.044427795468,159.511432800887,76.5372528359102,29.4928250404421,3401841,25998,17,8.05811054923257,0.210546583452901,5,85,,,,descriptive,B_native,localidad,hrs_d_pm10_it2,0.244305030280842,bogota_2018
55.0321048606214,169.412080824356,87.516272809469,32.4841679488476,2951799,22261,17,7.67650599785278,0.227440283027401,5,85,,,,descriptive,B_common,localidad,hrs_d_pm10_it2,0.285785600429553,bogota_2018
44.2037423032153,138.659118177673,76.0831764754233,31.879434172208,2951799,22261,22261,6612.98519747097,0.00158073093730298,5,101365,,,,descriptive,baseline_common,localidad,hrs_d_pm10_it2,0.229553150244796,bogota_2018
40.3239180334699,109.723725964699,77.074327007408,36.750408973938,2951799,22261,17,7.67650599785278,0.227440283027401,5,85,,,,descriptive,A_common,localidad,hrs_d_pm10_it2,0.209404949275588,bogota_2018
217.1998788493,774.479906499912,245.244490081487,28.0446112321863,4255038,37375,36,13.3834483637677,0.157779554495166,5,36,,,,descriptive,C,localidad,hrs_d_pm10_it2,1.12793428394904,bogota_2018
6.10326494207128,21.5653111014616,34.4045721356301,28.3013071935588,4255038,37375,36,13.3834483637677,0.157779554495166,5,180,,,,descriptive,A,localidad,avg_pm10,0.57559064746537,bogota_2018
4.03054547611045,14.0441259584684,32.729700468238,28.6991549921275,3401841,25998,17,8.05811054923257,0.210546583452901,5,85,,,,descriptive,B_native,localidad,avg_pm10,0.380115282926863,bogota_2018
4.62793393745671,15.9482806396908,33.6463218252337,29.018387887777,2951799,22261,17,7.67650599785278,0.227440283027401,5,85,,,,descriptive,B_common,localidad,avg_pm10,0.436454179323837,bogota_2018
5.81036182916679,21.5351707338354,32.7911640757806,26.9808022466138,2951799,22261,22261,6612.98519747097,0.00158073093730298,5,101365,,,,descriptive,baseline_common,localidad,avg_pm10,0.547967351737346,bogota_2018
4.29989545144875,15.3353211921162,32.3390567939533,28.0391613425046,2951799,22261,17,7.67650599785278,0.227440283027401,5,85,,,,descriptive,A_common,localidad,avg_pm10,0.40551731416281,bogota_2018
14.809580249594,55.0497962543342,41.7117329499829,26.902152700389,4255038,37375,36,13.3834483637677,0.157779554495166,5,36,,,,descriptive,C,localidad,avg_pm10,1.39667144806289,bogota_2018
9.31120781210649,226.354484574581,13.4247590985351,4.11355128642859,4251366,37285,35,13.3622848297308,0.157915832228982,5,175,,,,descriptive,A,localidad,hrs_d_pm25_it1,0.364639297379869,bogota_2018
0.856141736272293,91.4779434480363,1.7920413684701,0.935899632197811,3401841,25998,17,8.05811054923257,0.210546583452901,5,85,,,,descriptive,B_native,localidad,hrs_d_pm25_it1,0.0335276504908426,bogota_2018
1.00399627091143,105.588519383521,1.95485369061318,0.950857419701753,2951799,22261,17,7.67650599785278,0.227440283027401,5,85,,,,descriptive,B_common,localidad,hrs_d_pm25_it1,0.0393178309607859,bogota_2018
3.71175974232131,387.383912886545,4.66992026960381,0.958160527282504,2951799,22261,22261,6612.98519747097,0.00158073093730298,5,101365,,,,descriptive,baseline_common,localidad,hrs_d_pm25_it1,0.145357454349065,bogota_2018
2.62565374799528,170.298993578287,4.16744427348553,1.54179052549025,2951799,22261,17,7.67650599785278,0.227440283027401,5,85,,,,descriptive,A_common,localidad,hrs_d_pm25_it1,0.102824097276293,bogota_2018
24.6046216352005,5435.2244738226,25.0573098682937,0.45268823309327,4251366,37285,35,13.3622848297308,0.157915832228982,5,35,,,,descriptive,C,localidad,hrs_d_pm25_it1,0.96354974847536,bogota_2018
75.7363671994571,135.428870747868,131.659721489591,55.9233542901336,4251366,37285,35,13.3622848297308,0.157915832228982,5,175,,,,descriptive,A,localidad,hrs_d_pm25_it2,0.579653392321083,bogota_2018
38.8239074936796,122.537113855862,70.5072940791899,31.6833865855103,3401841,25998,17,8.05811054923257,0.210546583452901,5,85,,,,descriptive,B_native,localidad,hrs_d_pm25_it2,0.297141393415456,bogota_2018
45.5499718949542,136.383490795899,78.9484218313332,33.398449936379,2951799,22261,17,7.67650599785278,0.227440283027401,5,85,,,,descriptive,B_common,localidad,hrs_d_pm25_it2,0.348619780765369,bogota_2018
66.3484958913866,179.783425291565,103.253174831498,36.9046789401111,2951799,22261,22261,6612.98519747097,0.00158073093730298,5,101365,,,,descriptive,baseline_common,localidad,hrs_d_pm25_it2,0.507802686357517,bogota_2018
52.5349780204696,113.915703294016,98.6523933559803,46.1174153355107,2951799,22261,17,7.67650599785278,0.227440283027401,5,85,,,,descriptive,A_common,localidad,hrs_d_pm25_it2,0.402079996058974,bogota_2018
174.181150932284,612.200035262584,202.632823735206,28.4516728029221,4251366,37285,35,13.3622848297308,0.157915832228982,5,35,,,,descriptive,C,localidad,hrs_d_pm25_it2,1.33310718152604,bogota_2018
2.35587011419399,16.8714799460459,16.3194946553008,13.9636245411068,4251366,37285,35,13.3622848297308,0.157915832228982,5,175,,,,descriptive,A,localidad,avg_pm25,0.550251872566336,bogota_2018
1.85075092327186,13.6154074274276,15.4438140257656,13.5930631024937,3401841,25998,17,8.05811054923257,0.210546583452901,5,85,,,,descriptive,B_native,localidad,avg_pm25,0.432273050644233,bogota_2018
2.15503646640696,15.7557844126408,15.8327843332664,13.6777478668595,2951799,22261,17,7.67650599785278,0.227440283027401,5,85,,,,descriptive,B_common,localidad,avg_pm25,0.503343899964905,bogota_2018
2.92418676290658,21.8365819818747,16.3154160557226,13.391229292816,2951799,22261,22261,6612.98519747097,0.00158073093730298,5,101365,,,,descriptive,baseline_common,localidad,avg_pm25,0.682991491054055,bogota_2018
2.10697322523158,15.0934729027823,16.0664723994951,13.9594991742635,2951799,22261,17,7.67650599785278,0.227440283027401,5,85,,,,descriptive,A_common,localidad,avg_pm25,0.492117946420599,bogota_2018
5.292727580804,39.5220509393184,18.6845618986394,13.3918343178353,4251366,37285,35,13.3622848297308,0.157915832228982,5,35,,,,descriptive,C,localidad,avg_pm25,1.23620281303891,bogota_2018
12.3251085924771,95.0992519311069,25.2853667882049,12.9602581957278,4255038,37375,17,1.35820813235244,0.856181072883486,5,85,,,,descriptive,A,municipio,hrs_d_pm10_it1,0.15432702270604,bogota_2018
0,,0,0,224520,2309,4,3.43087918567532,0.350498841973989,5,20,,,,descriptive,B_native,municipio,hrs_d_pm10_it1,0,bogota_2018
0,,0,0,126498,1170,4,2.81150169397901,0.531020253284637,5,20,,,,descriptive,B_common,municipio,hrs_d_pm10_it1,0,bogota_2018
0.0332813997759864,15.2530312552054,0.251476715966848,0.218195316190862,126498,1170,1170,250.858603313211,0.0323404322597986,5,5592,,,,descriptive,baseline_common,municipio,hrs_d_pm10_it1,0.00041672812051753,bogota_2018
-0.100527806697645,-33.1492066497674,0.2027307531821,0.303258559879744,126498,1170,4,2.81150169397901,0.531020253284637,5,20,,,,descriptive,A_common,municipio,hrs_d_pm10_it1,-0.001258744050035,bogota_2018
132.571453803802,2311.76130102632,138.306105289876,5.73465148607453,4255038,37375,17,1.35820813235244,0.856181072883486,2,17,,,,descriptive,C,municipio,hrs_d_pm10_it1,1.65997383372669,bogota_2018
27.476133622564,28.0997284893197,125.256913365711,97.7807797431468,4255038,37375,17,1.35820813235244,0.856181072883486,5,85,,,,descriptive,A,municipio,hrs_d_pm10_it2,0.142685499031781,bogota_2018
-0.55686948874345,-5.00217684320934,10.5756735259927,11.1325430147361,224520,2309,4,3.43087918567532,0.350498841973989,5,20,,,,descriptive,B_native,municipio,hrs_d_pm10_it2,-0.00289186251560809,bogota_2018
1.65466094815624,12.2312188602628,15.1828380420349,13.5281770938787,126498,1170,4,2.81150169397901,0.531020253284637,5,20,,,,descriptive,B_common,municipio,hrs_d_pm10_it2,0.00859277096112917,bogota_2018
6.42546944573855,26.9754037625718,30.2452035349604,23.8197340892218,126498,1170,1170,250.858603313211,0.0323404322597986,5,5592,,,,descriptive,baseline_common,municipio,hrs_d_pm10_it2,0.0333679158419056,bogota_2018
2.65094499672245,9.96737619027837,29.2471619560867,26.5962169593642,126498,1170,4,2.81150169397901,0.531020253284637,5,20,,,,descriptive,A_common,municipio,hrs_d_pm10_it2,0.013766544265621,bogota_2018
249.898618176708,287.316286743216,336.875455100697,86.9768369239892,4255038,37375,17,1.35820813235244,0.856181072883486,2,17,,,,descriptive,C,municipio,hrs_d_pm10_it2,1.29774114261163,bogota_2018
1.11820761117047,3.49710707245625,33.0934256414574,31.975218030287,4255038,37375,17,1.35820813235244,0.856181072883486,5,85,,,,descriptive,A,municipio,avg_pm10,0.105456644766905,bogota_2018
-1.14391113504525,-4.30813569991266,25.4084357436393,26.5523468786846,224520,2309,4,3.43087918567532,0.350498841973989,5,20,,,,descriptive,B_native,municipio,avg_pm10,-0.10788070927822,bogota_2018
0.208925739246638,0.787358097427204,26.7439597891069,26.5350340498603,126498,1170,4,2.81150169397901,0.531020253284637,5,20,,,,descriptive,B_common,municipio,avg_pm10,0.0197035033980258,bogota_2018
0.99293139621,3.39302907836676,30.2567948432025,29.2638634469925,126498,1170,1170,250.858603313211,0.0323404322597986,5,5592,,,,descriptive,baseline_common,municipio,avg_pm10,0.0936420146688322,bogota_2018
0.672184879529983,2.28086828300531,30.1427546857049,29.4705698061749,126498,1170,4,2.81150169397901,0.531020253284637,5,20,,,,descriptive,A_common,municipio,avg_pm10,0.0633928452553446,bogota_2018
8.59824297354807,27.1010194660607,40.3248833101445,31.7266403365964,4255038,37375,17,1.35820813235244,0.856181072883486,2,17,,,,descriptive,C,municipio,avg_pm10,0.810888645205942,bogota_2018
3.12260836216807,37.8433713317771,11.3740094722642,8.25140111009617,4251366,37285,16,1.35588476949223,0.856920575645569,5,80,,,,descriptive,A,municipio,hrs_d_pm25_it1,0.12228550174694,bogota_2018
0.0471088727060631,7.67580787069817,0.660840658332144,0.613731785626081,224520,2309,4,3.43087918567532,0.350498841973989,5,20,,,,descriptive,B_native,municipio,hrs_d_pm25_it1,0.0018448461886504,bogota_2018
-0.0181647962523312,-4.66339402357777,0.371353999725262,0.389518795977593,126498,1170,4,2.81150169397901,0.531020253284637,5,20,,,,descriptive,B_common,municipio,hrs_d_pm25_it1,-0.000711357610758776,bogota_2018
0.19211264339792,9.63619850110689,2.1857685791474,1.99365593574948,126498,1170,1170,250.858603313211,0.0323404322597986,5,5592,,,,descriptive,baseline_common,municipio,hrs_d_pm25_it1,0.00752338694614085,bogota_2018
0.15327712423513,7.50524023462473,2.19554518552916,2.04226806129403,126498,1170,4,2.81150169397901,0.531020253284637,5,20,,,,descriptive,A_common,municipio,hrs_d_pm25_it1,0.00600253629962325,bogota_2018
33.1566329743129,518.209571580356,39.5549387549639,6.39830578065104,4251366,37285,16,1.35588476949223,0.856920575645569,2,16,,,,descriptive,C,municipio,hrs_d_pm25_it1,1.29845790097348,bogota_2018
13.8335630961942,13.6008842952025,115.544325396215,101.71076230002,4251366,37285,16,1.35588476949223,0.856920575645569,5,80,,,,descriptive,A,municipio,hrs_d_pm25_it2,0.105876107781602,bogota_2018
-2.86183191753742,-15.3969741258269,15.7251442905798,18.5869762081172,224520,2309,4,3.43087918567532,0.350498841973989,5,20,,,,descriptive,B_native,municipio,hrs_d_pm25_it2,-0.0219032235185583,bogota_2018
2.38604581832697,11.4058906676444,23.3054627043363,20.9194168860093,126498,1170,4,2.81150169397901,0.531020253284637,5,20,,,,descriptive,B_common,municipio,hrs_d_pm25_it2,0.0182617625319197,bogota_2018
5.93031216010937,21.1873466520885,33.9201886533266,27.9898764932173,126498,1170,1170,250.858603313211,0.0323404322597986,5,5592,,,,descriptive,baseline_common,municipio,hrs_d_pm25_it2,0.0453880439244914,bogota_2018
1.97690637434277,6.38777544853597,32.9251823472539,30.9482759729111,126498,1170,4,2.81150169397901,0.531020253284637,5,20,,,,descriptive,A_common,municipio,hrs_d_pm25_it2,0.0151303862142093,bogota_2018
101.575105876887,103.036519980295,200.156760125606,98.5816542487191,4251366,37285,16,1.35588476949223,0.856920575645569,2,16,,,,descriptive,C,municipio,hrs_d_pm25_it2,0.777411920773154,bogota_2018
0.348631515298621,2.24672351057624,15.865962137312,15.5173306220134,4251366,37285,16,1.35588476949223,0.856920575645569,5,80,,,,descriptive,A,municipio,avg_pm25,0.0814285740851794,bogota_2018
-0.537291212397427,-4.35174329067597,11.8092829421173,12.3465741545147,224520,2309,4,3.43087918567532,0.350498841973989,5,20,,,,descriptive,B_native,municipio,avg_pm25,-0.125493122033288,bogota_2018
0.33047537654101,2.70504156929139,12.5474919389734,12.2170165624324,126498,1170,4,2.81150169397901,0.531020253284637,5,20,,,,descriptive,B_common,municipio,avg_pm25,0.0771879118815385,bogota_2018
0.604596909042851,4.64347947572099,13.624938922054,13.0203420130112,126498,1170,1170,250.858603313211,0.0323404322597986,5,5592,,,,descriptive,baseline_common,municipio,avg_pm25,0.141213464759481,bogota_2018
0.397227854916951,3.02617856283669,13.5236130522463,13.1263851973294,126498,1170,4,2.81150169397901,0.531020253284637,5,20,,,,descriptive,A_common,municipio,avg_pm25,0.09277904146186,bogota_2018
0.962210987852826,6.16090387379797,16.5802275575491,15.6180165696962,4251366,37285,16,1.35588476949223,0.856920575645569,2,16,,,,descriptive,C,municipio,avg_pm25,0.22474006299412,bogota_2018
100.636798366031,24.56716595927,510.276227402646,409.639429036615,1429271,606,606,553.513839547788,0.0056168494288347,5,2755,12.7397302106077,75.6173337176612,125.656263014401,conditional_cluster_HC1,A,fine,hrs_d_pm10_it1,0.675295924255326,santiago_2017
100.636798366031,24.56716595927,510.276227402646,409.639429036615,1429271,606,606,553.513839547788,0.0056168494288347,5,2755,12.7397302106077,75.6173337176612,125.656263014401,conditional_cluster_HC1,B_native,fine,hrs_d_pm10_it1,0.675295924255326,santiago_2017
100.636798366031,24.56716595927,510.276227402646,409.639429036615,1429271,606,606,553.513839547788,0.0056168494288347,5,2755,,,,descriptive,B_common,fine,hrs_d_pm10_it1,0.675295924255326,santiago_2017
100.636798366031,24.56716595927,510.276227402646,409.639429036615,1429271,606,606,553.513839547788,0.0056168494288347,5,2755,,,,descriptive,baseline_common,fine,hrs_d_pm10_it1,0.675295924255326,santiago_2017
100.636798366031,24.56716595927,510.276227402646,409.639429036615,1429271,606,606,553.513839547788,0.0056168494288347,5,2755,,,,descriptive,A_common,fine,hrs_d_pm10_it1,0.675295924255326,santiago_2017
176.779213346128,50.2524802988888,528.561279215695,351.782065869567,1429271,606,606,553.513839547788,0.0056168494288347,5,606,,,,descriptive,C,fine,hrs_d_pm10_it1,1.18622893617409,santiago_2017
147.117806715191,10.282587131837,1577.86480480951,1430.74699809432,1429271,606,606,553.513839547788,0.0056168494288347,5,2755,30.8517718605171,86.5282335732842,207.707379857098,conditional_cluster_HC1,A,fine,hrs_d_pm10_it2,0.487291622203803,santiago_2017
147.117806715191,10.282587131837,1577.86480480951,1430.74699809432,1429271,606,606,553.513839547788,0.0056168494288347,5,2755,30.8517718605171,86.5282335732842,207.707379857098,conditional_cluster_HC1,B_native,fine,hrs_d_pm10_it2,0.487291622203803,santiago_2017
147.117806715191,10.282587131837,1577.86480480951,1430.74699809432,1429271,606,606,553.513839547788,0.0056168494288347,5,2755,,,,descriptive,B_common,fine,hrs_d_pm10_it2,0.487291622203803,santiago_2017
147.117806715191,10.282587131837,1577.86480480951,1430.74699809432,1429271,606,606,553.513839547788,0.0056168494288347,5,2755,,,,descriptive,baseline_common,fine,hrs_d_pm10_it2,0.487291622203803,santiago_2017
147.117806715191,10.282587131837,1577.86480480951,1430.74699809432,1429271,606,606,553.513839547788,0.0056168494288347,5,2755,,,,descriptive,A_common,fine,hrs_d_pm10_it2,0.487291622203803,santiago_2017
274.096219277801,20.6092543228621,1604.06291765438,1329.96669837658,1429271,606,606,553.513839547788,0.0056168494288347,5,606,,,,descriptive,C,fine,hrs_d_pm10_it2,0.907876444830233,santiago_2017
2.11075338689301,3.18699342166413,68.3409932281428,66.2302398412498,1429271,606,606,553.513839547788,0.0056168494288347,5,2755,0.523408378175041,1.08283543275084,3.13867134103517,conditional_cluster_HC1,A,fine,avg_pm10,0.404205783657699,santiago_2017
2.11075338689301,3.18699342166413,68.3409932281428,66.2302398412498,1429271,606,606,553.513839547788,0.0056168494288347,5,2755,0.523408378175041,1.08283543275084,3.13867134103517,conditional_cluster_HC1,B_native,fine,avg_pm10,0.404205783657699,santiago_2017
2.11075338689301,3.18699342166413,68.3409932281428,66.2302398412498,1429271,606,606,553.513839547788,0.0056168494288347,5,2755,,,,descriptive,B_common,fine,avg_pm10,0.404205783657699,santiago_2017
2.11075338689301,3.18699342166413,68.3409932281428,66.2302398412498,1429271,606,606,553.513839547788,0.0056168494288347,5,2755,,,,descriptive,baseline_common,fine,avg_pm10,0.404205783657699,santiago_2017
2.11075338689301,3.18699342166413,68.3409932281428,66.2302398412498,1429271,606,606,553.513839547788,0.0056168494288347,5,2755,,,,descriptive,A_common,fine,avg_pm10,0.404205783657699,santiago_2017
4.47369885706486,6.97204503312818,68.6399346717757,64.1662358147108,1429271,606,606,553.513839547788,0.0056168494288347,5,606,,,,descriptive,C,fine,avg_pm10,0.856705934287393,santiago_2017
103.167650571705,61.1564977447753,271.862154632834,168.69450406113,1429271,606,606,553.513839547788,0.0056168494288347,5,2755,6.83245896155729,89.7494334961357,116.585867647274,conditional_cluster_HC1,A,fine,hrs_d_pm25_it1,0.756487150850781,santiago_2017
103.167650571705,61.1564977447753,271.862154632834,168.69450406113,1429271,606,606,553.513839547788,0.0056168494288347,5,2755,6.83245896155729,89.7494334961357,116.585867647274,conditional_cluster_HC1,B_native,fine,hrs_d_pm25_it1,0.756487150850781,santiago_2017
103.167650571705,61.1564977447753,271.862154632834,168.69450406113,1429271,606,606,553.513839547788,0.0056168494288347,5,2755,,,,descriptive,B_common,fine,hrs_d_pm25_it1,0.756487150850781,santiago_2017
103.167650571705,61.1564977447753,271.862154632834,168.69450406113,1429271,606,606,553.513839547788,0.0056168494288347,5,2755,,,,descriptive,baseline_common,fine,hrs_d_pm25_it1,0.756487150850781,santiago_2017
103.167650571705,61.1564977447753,271.862154632834,168.69450406113,1429271,606,606,553.513839547788,0.0056168494288347,5,2755,,,,descriptive,A_common,fine,hrs_d_pm25_it1,0.756487150850781,santiago_2017
172.159866361724,138.880161583145,296.122759549067,123.962893187343,1429271,606,606,553.513839547788,0.0056168494288347,5,606,,,,descriptive,C,fine,hrs_d_pm25_it1,1.26237949660696,santiago_2017
180.381224717218,23.5773520580416,945.442645835092,765.061421117875,1429271,606,606,553.513839547788,0.0056168494288347,5,2755,17.2411170408817,146.52151880731,214.240930627125,conditional_cluster_HC1,A,fine,hrs_d_pm25_it2,0.722230859523782,santiago_2017
180.381224717218,23.5773520580416,945.442645835092,765.061421117875,1429271,606,606,553.513839547788,0.0056168494288347,5,2755,17.2411170408817,146.52151880731,214.240930627125,conditional_cluster_HC1,B_native,fine,hrs_d_pm25_it2,0.722230859523782,santiago_2017
180.381224717218,23.5773520580416,945.442645835092,765.061421117875,1429271,606,606,553.513839547788,0.0056168494288347,5,2755,,,,descriptive,B_common,fine,hrs_d_pm25_it2,0.722230859523782,santiago_2017
180.381224717218,23.5773520580416,945.442645835092,765.061421117875,1429271,606,606,553.513839547788,0.0056168494288347,5,2755,,,,descriptive,baseline_common,fine,hrs_d_pm25_it2,0.722230859523782,santiago_2017
180.381224717218,23.5773520580416,945.442645835092,765.061421117875,1429271,606,606,553.513839547788,0.0056168494288347,5,2755,,,,descriptive,A_common,fine,hrs_d_pm25_it2,0.722230859523782,santiago_2017
305.594091206099,45.5693517207285,976.207298694612,670.613207488513,1429271,606,606,553.513839547788,0.0056168494288347,5,606,,,,descriptive,C,fine,hrs_d_pm25_it2,1.22357237291838,santiago_2017
1.60978824265762,7.0207905975308,24.5386624242032,22.9288741815456,1429271,606,606,553.513839547788,0.0056168494288347,5,2755,0.150874243884577,1.31348739885508,1.90608908646015,conditional_cluster_HC1,A,fine,avg_pm25,0.721689910970238,santiago_2017
1.60978824265762,7.02079059753078,24.5386624242032,22.9288741815456,1429271,606,606,553.513839547788,0.0056168494288347,5,2755,0.150874243884577,1.31348739885508,1.90608908646015,conditional_cluster_HC1,B_native,fine,avg_pm25,0.721689910970236,santiago_2017
1.60978824265762,7.02079059753078,24.5386624242032,22.9288741815456,1429271,606,606,553.513839547788,0.0056168494288347,5,2755,,,,descriptive,B_common,fine,avg_pm25,0.721689910970236,santiago_2017
1.60978824265762,7.02079059753078,24.5386624242032,22.9288741815456,1429271,606,606,553.513839547788,0.0056168494288347,5,2755,,,,descriptive,baseline_common,fine,avg_pm25,0.721689910970236,santiago_2017
1.60978824265762,7.0207905975308,24.5386624242032,22.9288741815456,1429271,606,606,553.513839547788,0.0056168494288347,5,2755,,,,descriptive,A_common,fine,avg_pm25,0.721689910970238,santiago_2017
2.87986376490605,13.1438884433505,24.7901514040481,21.9102876391421,1429271,606,606,553.513839547788,0.0056168494288347,5,606,,,,descriptive,C,fine,avg_pm25,1.29108200012087,santiago_2017
100.835176733076,24.6217134643713,510.372786205254,409.537609472179,1429271,606,162,100.158033920404,0.0336612161024746,5,740,24.4245364145836,52.6014045842699,149.068948881881,conditional_cluster_HC1,A,distrito,hrs_d_pm10_it1,0.676627088450737,santiago_2017
119.017255369942,29.420301954544,523.558498875295,404.541243505354,1404378,601,133,90.592240940326,0.0414931022844277,5,601,28.626531507512,62.3911465466281,175.643364193256,conditional_cluster_HC1,B_native,distrito,hrs_d_pm10_it1,0.798632992824877,santiago_2017
105.322784098293,25.0247242992621,526.197687009406,420.874902911113,1251147,537,133,88.6368686696154,0.0384535150545859,5,601,,,,descriptive,B_common,distrito,hrs_d_pm10_it1,0.70673995981184,santiago_2017
104.827602099813,24.9021822382175,525.785095290646,420.957493190833,1251147,537,537,489.044167725784,0.00641651220839758,5,2419,,,,descriptive,baseline_common,distrito,hrs_d_pm10_it1,0.70341717539533,santiago_2017
105.056359027146,24.9634407232223,525.897220637291,420.840861610145,1251147,537,133,88.6368686696154,0.0384535150545859,5,601,,,,descriptive,A_common,distrito,hrs_d_pm10_it1,0.704952186675314,santiago_2017
187.623964829286,51.7435267557593,550.227707931127,362.603743101841,1429271,606,162,100.158033920404,0.0336612161024746,5,162,,,,descriptive,C,distrito,hrs_d_pm10_it1,1.25899969791376,santiago_2017
148.063158419104,10.3524406598805,1578.28781059125,1430.22465217214,1429271,606,162,100.158033920404,0.0336612161024746,5,740,59.8802278549708,29.8111999151671,266.315116923041,conditional_cluster_HC1,A,distrito,hrs_d_pm10_it2,0.490422867670538,santiago_2017
185.098152689189,13.0629516760141,1602.06850732244,1416.97035463326,1404378,601,133,90.592240940326,0.0414931022844277,5,601,70.2842272986165,46.0690040642636,324.127301314113,conditional_cluster_HC1,B_native,distrito,hrs_d_pm10_it2,0.613092195327898,santiago_2017
147.377988682852,10.1155756255775,1604.31918647492,1456.94119779207,1251147,537,133,88.6368686696154,0.0384535150545859,5,601,,,,descriptive,B_common,distrito,hrs_d_pm10_it2,0.488153411105638,santiago_2017
145.826306181398,9.97434003152446,1607.84089281575,1462.01458663436,1251147,537,537,489.044167725784,0.00641651220839758,5,2419,,,,descriptive,baseline_common,distrito,hrs_d_pm10_it2,0.483013843706142,santiago_2017
146.696012607636,10.036878377617,1608.26610530479,1461.57009269715,1251147,537,133,88.6368686696154,0.0384535150545859,5,601,,,,descriptive,A_common,distrito,hrs_d_pm10_it2,0.485894532758987,santiago_2017
273.68426564936,20.0016028766967,1641.99593215196,1368.3116665026,1429271,606,162,100.158033920404,0.0336612161024746,5,162,,,,descriptive,C,distrito,hrs_d_pm10_it2,0.906511949556969,santiago_2017
2.11881626479422,3.1993737612001,68.3447849368459,66.2259686720517,1429271,606,162,100.158033920404,0.0336612161024746,5,740,1.00262297062477,0.138828309428221,4.09880422016022,conditional_cluster_HC1,A,distrito,avg_pm10,0.40574981144457,santiago_2017
2.76287367237545,4.17990341512231,68.8618572608419,66.0989835884665,1404378,601,133,90.592240940326,0.0414931022844277,5,601,1.17991422656711,0.428886707233262,5.09686063751764,conditional_cluster_HC1,B_native,distrito,avg_pm10,0.529085740107994,santiago_2017
2.0762404700979,3.11084516681994,68.8182465410825,66.7420060709846,1251147,537,133,88.6368686696154,0.0384535150545859,5,601,,,,descriptive,B_common,distrito,avg_pm10,0.3975966171553,santiago_2017
2.0577270551945,3.08290710398094,68.8040475180257,66.7463204628311,1251147,537,537,489.044167725784,0.00641651220839758,5,2419,,,,descriptive,baseline_common,distrito,avg_pm10,0.394051328811491,santiago_2017
2.06674147256327,3.09663079222449,68.808358773301,66.7416173007377,1251147,537,133,88.6368686696154,0.0384535150545859,5,601,,,,descriptive,A_common,distrito,avg_pm10,0.395777574833116,santiago_2017
4.31288722600657,6.66766677234083,68.9964920500735,64.6836048240669,1429271,606,162,100.158033920404,0.0336612161024746,5,162,,,,descriptive,C,distrito,avg_pm10,0.825910772826646,santiago_2017
103.180011059831,61.1705817841413,271.855881143807,168.675870083976,1429271,606,162,100.158033920404,0.0336612161024746,5,740,13.4897042445327,76.540433962389,129.819588157272,conditional_cluster_HC1,A,distrito,hrs_d_pm25_it1,0.756577785370357,santiago_2017
114.562298039593,69.1606910790528,280.20884704334,165.646549003747,1404378,601,133,90.592240940326,0.0414931022844277,5,601,14.7163958386231,85.4518124739158,143.67278360527,conditional_cluster_HC1,B_native,distrito,hrs_d_pm25_it1,0.840039546879619,santiago_2017
112.886951542958,65.6936294548401,284.725457772181,171.838506229223,1251147,537,133,88.6368686696154,0.0384535150545859,5,601,,,,descriptive,B_common,distrito,hrs_d_pm25_it1,0.827754900569424,santiago_2017
112.914561545671,65.701969622632,284.773277797574,171.858716251903,1251147,537,537,489.044167725784,0.00641651220839758,5,2419,,,,descriptive,baseline_common,distrito,hrs_d_pm25_it1,0.82795735368502,santiago_2017
112.936788106758,65.7250592399512,284.768946818771,171.832158712013,1251147,537,133,88.6368686696154,0.0384535150545859,5,601,,,,descriptive,A_common,distrito,hrs_d_pm25_it1,0.828120332174661,santiago_2017
190.853182826933,152.633609040352,315.893260190548,125.040077363615,1429271,606,162,100.158033920404,0.0336612161024746,5,162,,,,descriptive,C,distrito,hrs_d_pm25_it1,1.39945011549141,santiago_2017
181.176772149732,23.6958128954395,945.770808020947,764.594035871215,1429271,606,162,100.158033920404,0.0336612161024746,5,740,33.6984375440678,114.628825008315,247.724719291149,conditional_cluster_HC1,A,distrito,hrs_d_pm25_it2,0.72541616279954,santiago_2017
207.029680679061,27.7032428609763,954.341761499353,747.312080820292,1404378,601,133,90.592240940326,0.0414931022844277,5,601,39.0212224094316,129.841845820501,284.217515537621,conditional_cluster_HC1,B_native,distrito,hrs_d_pm25_it2,0.828928977825596,santiago_2017
191.559738523984,24.8997055111799,960.885056198822,769.325317674838,1251147,537,133,88.6368686696154,0.0384535150545859,5,601,,,,descriptive,B_common,distrito,hrs_d_pm25_it2,0.766988664264914,santiago_2017
190.008847193084,24.5374216158381,964.372389409921,774.363542216837,1251147,537,537,489.044167725784,0.00641651220839758,5,2419,,,,descriptive,baseline_common,distrito,hrs_d_pm25_it2,0.760779029195078,santiago_2017
190.646307776517,24.6303209263685,964.677260708259,774.030952931742,1251147,537,133,88.6368686696154,0.0384535150545859,5,601,,,,descriptive,A_common,distrito,hrs_d_pm25_it2,0.76333136636768,santiago_2017
352.226151452969,52.947141686536,1017.46725840122,665.241106948249,1429271,606,162,100.158033920404,0.0336612161024746,5,162,,,,descriptive,C,distrito,hrs_d_pm25_it2,1.41028311848661,santiago_2017
1.6096994866141,7.02040312545169,24.5385749065785,22.9288754199644,1429271,606,162,100.158033920404,0.0336612161024746,5,740,0.287746561382232,1.04145524882272,2.17794372440548,conditional_cluster_HC1,A,distrito,avg_pm25,0.721650120431677,santiago_2017
1.87279442983022,8.2107794580967,24.6817669444122,22.808972514582,1404378,601,133,90.592240940326,0.0414931022844277,5,601,0.328522216285826,1.22294501424888,2.52264384541156,conditional_cluster_HC1,B_native,distrito,avg_pm25,0.839599153177062,santiago_2017
1.71756778957913,7.47063151413603,24.7084994976834,22.9909317081043,1251147,537,133,88.6368686696154,0.0384535150545859,5,601,,,,descriptive,B_common,distrito,avg_pm25,0.770008944220093,santiago_2017
1.70867791347992,7.43297115975217,24.6964963343561,22.9878184208762,1251147,537,537,489.044167725784,0.00641651220839758,5,2419,,,,descriptive,baseline_common,distrito,avg_pm25,0.766023492145984,santiago_2017
1.70870896183792,7.43313435219577,24.6964403935073,22.9877314316694,1251147,537,133,88.6368686696154,0.0384535150545859,5,601,,,,descriptive,A_common,distrito,avg_pm25,0.766037411546145,santiago_2017
3.31722007867185,15.2440500335794,25.0779731027351,21.7607530240633,1429271,606,162,100.158033920404,0.0336612161024746,5,162,,,,descriptive,C,distrito,avg_pm25,1.48715476968144,santiago_2017
101.142184323676,24.6972570960549,510.670189519979,409.528005196303,1429271,606,26,14.7688724003849,0.147105762308198,5,124,,,,descriptive,A,comuna,hrs_d_pm10_it1,0.678687179570625,santiago_2017
192.684614329569,60.7891853195501,509.656479171457,316.971864841888,1449393,619,12,8.56938346021307,0.197596511091195,5,55,,,,descriptive,B_native,comuna,hrs_d_pm10_it1,1.29295781300797,santiago_2017
91.5025753408614,20.6063747581962,535.552421151155,444.049845810294,971812,412,12,8.79644531323735,0.216352545554078,5,55,,,,descriptive,B_common,comuna,hrs_d_pm10_it1,0.614003199523552,santiago_2017
94.0172013568851,21.1852069919734,537.804233470879,443.787032113994,971812,412,412,375.17714082827,0.00826085703819257,5,1838,,,,descriptive,baseline_common,comuna,hrs_d_pm10_it1,0.630876914975735,santiago_2017
93.8768544379856,21.1596521769947,537.536578391534,443.659723953549,971812,412,12,8.79644531323735,0.216352545554078,5,55,,,,descriptive,A_common,comuna,hrs_d_pm10_it1,0.629935155064317,santiago_2017
216.77665049868,56.7880132403543,598.50624118039,381.72959068171,1429271,606,26,14.7688724003849,0.147105762308198,5,26,,,,descriptive,C,comuna,hrs_d_pm10_it1,1.45462088353649,santiago_2017
148.300303814149,10.3659181584258,1578.95315624484,1430.65285243069,1429271,606,26,14.7688724003849,0.147105762308198,5,124,,,,descriptive,A,comuna,hrs_d_pm10_it2,0.4912083535803,santiago_2017
369.551119796135,30.7534676330672,1571.20787020038,1201.65675040424,1449393,619,12,8.56938346021307,0.197596511091195,5,55,,,,descriptive,B_native,comuna,hrs_d_pm10_it2,1.22404737178627,santiago_2017
109.558797809126,7.26504640278183,1617.58492365983,1508.0261258507,971812,412,12,8.79644531323735,0.216352545554078,5,55,,,,descriptive,B_common,comuna,hrs_d_pm10_it2,0.362886624692965,santiago_2017
111.145099708963,7.38329567100131,1616.50401612751,1505.35891641855,971812,412,412,375.17714082827,0.00826085703819257,5,1838,,,,descriptive,baseline_common,comuna,hrs_d_pm10_it2,0.368140860351689,santiago_2017
109.812124273149,7.29153933266555,1615.83327101783,1506.02114674468,971812,412,12,8.79644531323735,0.216352545554078,5,55,,,,descriptive,A_common,comuna,hrs_d_pm10_it2,0.363725706421799,santiago_2017
312.228100147763,21.9919982032608,1731.96312041285,1419.73502026509,1429271,606,26,14.7688724003849,0.147105762308198,5,26,,,,descriptive,C,comuna,hrs_d_pm10_it2,1.03417894010042,santiago_2017
2.11544976649583,3.19371735110909,68.3533015839459,66.23785181745,1429271,606,26,14.7688724003849,0.147105762308198,5,124,,,,descriptive,A,comuna,avg_pm10,0.405105132586617,santiago_2017
5.76871526784354,9.30675359708817,67.7528992012014,61.9841839333579,1449393,619,12,8.56938346021307,0.197596511091195,5,55,,,,descriptive,B_native,comuna,avg_pm10,1.10469943576361,santiago_2017
1.26735311733445,1.89241054124485,68.2376584349515,66.9703053176171,971812,412,12,8.79644531323735,0.216352545554078,5,55,,,,descriptive,B_common,comuna,avg_pm10,0.242696026520301,santiago_2017
1.42299688254629,2.12332767886174,68.4402969777027,67.0173000951564,971812,412,412,375.17714082827,0.00826085703819257,5,1838,,,,descriptive,baseline_common,comuna,avg_pm10,0.272501550216032,santiago_2017
1.38489396476795,2.06575434742553,68.4254869807715,67.0405930160035,971812,412,12,8.79644531323735,0.216352545554078,5,55,,,,descriptive,A_common,comuna,avg_pm10,0.265204904461074,santiago_2017
5.23696395938677,7.99430252525162,70.7456677249092,65.5087037655225,1429271,606,26,14.7688724003849,0.147105762308198,5,26,,,,descriptive,C,comuna,avg_pm10,1.00286993939494,santiago_2017
103.095898377178,61.099891951808,271.829254662805,168.733356285628,1429271,606,26,14.7688724003849,0.147105762308198,5,124,,,,descriptive,A,comuna,hrs_d_pm25_it1,0.755961020683967,santiago_2017
145.273853046845,104.379534972511,284.452335768678,139.178482721832,1449393,619,12,8.56938346021307,0.197596511091195,5,55,,,,descriptive,B_native,comuna,hrs_d_pm25_it1,1.06523510592248,santiago_2017
119.695706792145,62.5599523123411,311.02530722813,191.329600435985,971812,412,12,8.79644531323735,0.216352545554078,5,55,,,,descriptive,B_common,comuna,hrs_d_pm25_it1,0.877680781703235,santiago_2017
117.904169605492,62.2103489339655,307.429178910043,189.525009304551,971812,412,412,375.17714082827,0.00826085703819257,5,1838,,,,descriptive,baseline_common,comuna,hrs_d_pm25_it1,0.864544155498568,santiago_2017
117.718308706512,62.1768904252675,307.046382049133,189.328073342621,971812,412,12,8.79644531323735,0.216352545554078,5,55,,,,descriptive,A_common,comuna,hrs_d_pm25_it1,0.863181311805364,santiago_2017
215.172879682498,165.234993621286,345.395222399846,130.222342717348,1429271,606,26,14.7688724003849,0.147105762308198,5,26,,,,descriptive,C,comuna,hrs_d_pm25_it1,1.57777673320414,santiago_2017
182.8574343361,23.943886045404,946.548983775289,763.691549439189,1429271,606,26,14.7688724003849,0.147105762308198,5,124,,,,descriptive,A,comuna,hrs_d_pm25_it2,0.732145389177353,santiago_2017
316.285830788715,47.1075576844445,987.697906335899,671.412075547184,1449393,619,12,8.56938346021307,0.197596511091195,5,55,,,,descriptive,B_native,comuna,hrs_d_pm25_it2,1.26638117566747,santiago_2017
188.518422672942,22.5304418162328,1025.24601199663,836.727589323692,971812,412,12,8.79644531323735,0.216352545554078,5,55,,,,descriptive,B_common,comuna,hrs_d_pm25_it2,0.754811498018122,santiago_2017
183.560768023031,22.1059611997694,1013.92849718084,830.367729157805,971812,412,412,375.17714082827,0.00826085703819257,5,1838,,,,descriptive,baseline_common,comuna,hrs_d_pm25_it2,0.734961476572483,santiago_2017
185.772652504807,22.4240788034834,1014.22430990778,828.451657402974,971812,412,12,8.79644531323735,0.216352545554078,5,55,,,,descriptive,A_common,comuna,hrs_d_pm25_it2,0.743817671184449,santiago_2017
386.918560118534,56.5197606954973,1071.4907440014,684.572183882864,1429271,606,26,14.7688724003849,0.147105762308198,5,26,,,,descriptive,C,comuna,hrs_d_pm25_it2,1.54918852933944,santiago_2017
1.63279707640482,7.12467151139367,24.5503038525934,22.9175067761886,1429271,606,26,14.7688724003849,0.147105762308198,5,124,,,,descriptive,A,comuna,avg_pm25,0.732005083325535,santiago_2017
2.82823987301662,12.8271187456593,24.8771499135017,22.0489100404851,1449393,619,12,8.56938346021307,0.197596511091195,5,55,,,,descriptive,B_native,comuna,avg_pm25,1.26793830894811,santiago_2017
1.65304596429335,7.05933235847724,25.069509170028,23.4164632057347,971812,412,12,8.79644531323735,0.216352545554078,5,55,,,,descriptive,B_common,comuna,avg_pm25,0.741082934505138,santiago_2017
1.65465106255661,7.07227000656581,25.0509730499872,23.3963219874306,971812,412,412,375.17714082827,0.00826085703819257,5,1838,,,,descriptive,baseline_common,comuna,avg_pm25,0.741802521834713,santiago_2017
1.67513522097169,7.16502785628166,25.0544612274028,23.3793260064311,971812,412,12,8.79644531323735,0.216352545554078,5,55,,,,descriptive,A_common,comuna,avg_pm25,0.750985847983541,santiago_2017
3.86794780405772,17.6642050020484,25.7650431084272,21.8970953043695,1429271,606,26,14.7688724003849,0.147105762308198,5,26,,,,descriptive,C,comuna,avg_pm25,1.73405348130726,santiago_2017
3.27278655684133,136.630340033373,5.66814512510804,2.39535856826671,3211384.78869041,189,189,170.175156598247,0.00973786692597507,5,874,0.543739499474715,2.20017193185348,4.34540118182918,conditional_cluster_HC1,A,fine,hrs_d_pm10_it1,0.530527559409083,sao_paulo_2010
3.27278655684133,136.630340033373,5.66814512510804,2.39535856826671,3211384.78869041,189,189,170.175156598247,0.00973786692597507,5,874,0.543739499474715,2.20017193185348,4.34540118182918,conditional_cluster_HC1,B_native,fine,hrs_d_pm10_it1,0.530527559409083,sao_paulo_2010
3.27278655684133,136.630340033373,5.66814512510804,2.39535856826671,3211384.78869041,189,189,170.175156598247,0.00973786692597507,5,874,,,,descriptive,B_common,fine,hrs_d_pm10_it1,0.530527559409083,sao_paulo_2010
3.27278655684133,136.630340033373,5.66814512510804,2.39535856826671,3211384.78869041,189,189,170.175156598247,0.00973786692597507,5,874,,,,descriptive,baseline_common,fine,hrs_d_pm10_it1,0.530527559409083,sao_paulo_2010
3.27278655684133,136.630340033373,5.66814512510804,2.39535856826671,3211384.78869041,189,189,170.175156598247,0.00973786692597507,5,874,,,,descriptive,A_common,fine,hrs_d_pm10_it1,0.530527559409083,sao_paulo_2010
6.56221513811938,581.521424491254,7.69067143598671,1.12845629786733,3211384.78869041,189,189,170.175156598247,0.00973786692597507,5,189,,,,descriptive,C,fine,hrs_d_pm10_it1,1.0637528360248,sao_paulo_2010
20.4896481120026,39.9291869760471,71.8046125872221,51.3149644752196,3211384.78869041,189,189,170.175156598247,0.00973786692597507,5,874,4.48484169335165,11.6425682222916,29.3367280017135,conditional_cluster_HC1,A,fine,hrs_d_pm10_it2,0.388730842971334,sao_paulo_2010
20.4896481120026,39.9291869760471,71.8046125872221,51.3149644752196,3211384.78869041,189,189,170.175156598247,0.00973786692597507,5,874,4.48484169335165,11.6425682222916,29.3367280017135,conditional_cluster_HC1,B_native,fine,hrs_d_pm10_it2,0.388730842971334,sao_paulo_2010
20.4896481120026,39.9291869760471,71.8046125872221,51.3149644752196,3211384.78869041,189,189,170.175156598247,0.00973786692597507,5,874,,,,descriptive,B_common,fine,hrs_d_pm10_it2,0.388730842971334,sao_paulo_2010
20.4896481120026,39.9291869760471,71.8046125872221,51.3149644752196,3211384.78869041,189,189,170.175156598247,0.00973786692597507,5,874,,,,descriptive,baseline_common,fine,hrs_d_pm10_it2,0.388730842971334,sao_paulo_2010
20.4896481120026,39.9291869760471,71.8046125872221,51.3149644752196,3211384.78869041,189,189,170.175156598247,0.00973786692597507,5,874,,,,descriptive,A_common,fine,hrs_d_pm10_it2,0.388730842971334,sao_paulo_2010
44.894336527446,107.913551927206,86.4964668675998,41.6021303401538,3211384.78869041,189,189,170.175156598247,0.00973786692597507,5,189,,,,descriptive,C,fine,hrs_d_pm10_it2,0.85173806731848,sao_paulo_2010
0.749609008952369,2.91258295450589,26.4865243401601,25.7369153312078,3211384.78869041,189,189,170.175156598247,0.00973786692597507,5,874,0.246050891803963,0.264233594263545,1.23498442364119,conditional_cluster_HC1,A,fine,avg_pm10,0.290113018099546,sao_paulo_2010
0.749609008952369,2.91258295450589,26.4865243401601,25.7369153312078,3211384.78869041,189,189,170.175156598247,0.00973786692597507,5,874,0.246050891803963,0.264233594263545,1.23498442364119,conditional_cluster_HC1,B_native,fine,avg_pm10,0.290113018099546,sao_paulo_2010
0.749609008952369,2.91258295450589,26.4865243401601,25.7369153312078,3211384.78869041,189,189,170.175156598247,0.00973786692597507,5,874,,,,descriptive,B_common,fine,avg_pm10,0.290113018099546,sao_paulo_2010
0.749609008952369,2.91258295450589,26.4865243401601,25.7369153312078,3211384.78869041,189,189,170.175156598247,0.00973786692597507,5,874,,,,descriptive,baseline_common,fine,avg_pm10,0.290113018099546,sao_paulo_2010
0.749609008952369,2.91258295450589,26.4865243401601,25.7369153312078,3211384.78869041,189,189,170.175156598247,0.00973786692597507,5,874,,,,descriptive,A_common,fine,avg_pm10,0.290113018099546,sao_paulo_2010
1.78086300164554,7.03284670369238,27.1029420498146,25.3220790481691,3211384.78869041,189,189,170.175156598247,0.00973786692597507,5,189,,,,descriptive,C,fine,avg_pm10,0.689228029624749,sao_paulo_2010
4.1896427144703,30.3563810340055,17.991165069118,13.8015223546477,2856619.31561217,153,153,140.748107664706,0.0109472191654862,5,712,1.56748081054327,1.09278039511301,7.28650503382759,conditional_cluster_HC1,A,fine,hrs_d_pm25_it1,0.243834218387404,sao_paulo_2010
4.18964271447029,30.3563810340054,17.991165069118,13.8015223546477,2856619.31561217,153,153,140.748107664706,0.0109472191654862,5,712,1.56748081054327,1.092780395113,7.28650503382758,conditional_cluster_HC1,B_native,fine,hrs_d_pm25_it1,0.243834218387404,sao_paulo_2010
4.18964271447029,30.3563810340054,17.991165069118,13.8015223546477,2856619.31561217,153,153,140.748107664706,0.0109472191654862,5,712,,,,descriptive,B_common,fine,hrs_d_pm25_it1,0.243834218387404,sao_paulo_2010
4.18964271447029,30.3563810340054,17.991165069118,13.8015223546477,2856619.31561217,153,153,140.748107664706,0.0109472191654862,5,712,,,,descriptive,baseline_common,fine,hrs_d_pm25_it1,0.243834218387404,sao_paulo_2010
4.1896427144703,30.3563810340055,17.991165069118,13.8015223546477,2856619.31561217,153,153,140.748107664706,0.0109472191654862,5,712,,,,descriptive,A_common,fine,hrs_d_pm25_it1,0.243834218387404,sao_paulo_2010
4.54700981086373,32.9876259908232,18.3309960004994,13.7839861896356,2856619.31561217,153,153,140.748107664706,0.0109472191654862,5,153,,,,descriptive,C,fine,hrs_d_pm25_it1,0.264632728562391,sao_paulo_2010
19.4067667991784,15.903628543319,141.434056020109,122.027289220931,2856619.31561217,153,153,140.748107664706,0.0109472191654862,5,712,10.4096874459756,-1.15958947829046,39.9731230766472,conditional_cluster_HC1,A,fine,hrs_d_pm25_it2,0.165295186758631,sao_paulo_2010
19.4067667991784,15.903628543319,141.434056020109,122.027289220931,2856619.31561217,153,153,140.748107664706,0.0109472191654862,5,712,10.4096874459756,-1.15958947829046,39.9731230766472,conditional_cluster_HC1,B_native,fine,hrs_d_pm25_it2,0.165295186758631,sao_paulo_2010
19.4067667991784,15.903628543319,141.434056020109,122.027289220931,2856619.31561217,153,153,140.748107664706,0.0109472191654862,5,712,,,,descriptive,B_common,fine,hrs_d_pm25_it2,0.165295186758631,sao_paulo_2010
19.4067667991784,15.903628543319,141.434056020109,122.027289220931,2856619.31561217,153,153,140.748107664706,0.0109472191654862,5,712,,,,descriptive,baseline_common,fine,hrs_d_pm25_it2,0.165295186758631,sao_paulo_2010
19.4067667991784,15.903628543319,141.434056020109,122.027289220931,2856619.31561217,153,153,140.748107664706,0.0109472191654862,5,712,,,,descriptive,A_common,fine,hrs_d_pm25_it2,0.165295186758631,sao_paulo_2010
12.9041499374532,10.7715359928503,132.702755688931,119.798605751478,2856619.31561217,153,153,140.748107664706,0.0109472191654862,5,153,,,,descriptive,C,fine,hrs_d_pm25_it2,0.109909800841375,sao_paulo_2010
0.0843515353114075,0.596894637416456,14.2160809937141,14.1317294584027,2856619.31561217,153,153,140.748107664706,0.0109472191654862,5,712,0.257223444901916,-0.423843262873032,0.592546333495847,conditional_cluster_HC1,A,fine,avg_pm25,0.0334780350842749,sao_paulo_2010
0.0843515353114039,0.596894637416434,14.2160809937141,14.1317294584027,2856619.31561217,153,153,140.748107664706,0.0109472191654862,5,712,0.257223444901916,-0.423843262873036,0.592546333495844,conditional_cluster_HC1,B_native,fine,avg_pm25,0.0334780350842734,sao_paulo_2010
0.0843515353114039,0.596894637416434,14.2160809937141,14.1317294584027,2856619.31561217,153,153,140.748107664706,0.0109472191654862,5,712,,,,descriptive,B_common,fine,avg_pm25,0.0334780350842734,sao_paulo_2010
0.0843515353114039,0.596894637416434,14.2160809937141,14.1317294584027,2856619.31561217,153,153,140.748107664706,0.0109472191654862,5,712,,,,descriptive,baseline_common,fine,avg_pm25,0.0334780350842734,sao_paulo_2010
0.0843515353114075,0.596894637416456,14.2160809937141,14.1317294584027,2856619.31561217,153,153,140.748107664706,0.0109472191654862,5,712,,,,descriptive,A_common,fine,avg_pm25,0.0334780350842749,sao_paulo_2010
-0.052482322747581,-0.373483299262734,13.9996380401126,14.0521203628601,2856619.31561217,153,153,140.748107664706,0.0109472191654862,5,153,,,,descriptive,C,fine,avg_pm25,-0.0208295561635159,sao_paulo_2010
0.729647018460887,17.5014826897857,4.89870532851326,4.16905831005237,3211384.78869041,189,11,2.31393816168199,0.644237871091291,5,48,,,,descriptive,A,municipio,hrs_d_pm10_it1,0.118277756648991,sao_paulo_2010
1.09837161375664,18.4453330330666,7.05311155685015,5.95473994309351,1134538.04332875,86,6,5.16295493658486,0.293221138646997,5,25,,,,descriptive,B_native,municipio,hrs_d_pm10_it1,0.178049011583855,sao_paulo_2010
0.194008098703064,3.25907043642393,6.14687418391547,5.95286608521241,746182.288595823,57,6,5.3460627572737,0.238346749282406,5,25,,,,descriptive,B_common,municipio,hrs_d_pm10_it1,0.0314492379270437,sao_paulo_2010
0.323157070572138,6.02698436739015,5.68499395073105,5.36183688015891,746182.288595823,57,57,46.6779685468853,0.0419093808554689,5,236,,,,descriptive,baseline_common,municipio,hrs_d_pm10_it1,0.0523846358382415,sao_paulo_2010
0.044323891733888,0.802157100255974,5.56991130095129,5.5255874092174,746182.288595823,57,6,5.3460627572737,0.238346749282406,5,25,,,,descriptive,A_common,municipio,hrs_d_pm10_it1,0.0071850228228104,sao_paulo_2010
3.47807029499131,94.5267560737929,7.15752618605789,3.67945589106658,3211384.78869041,189,11,2.31393816168199,0.644237871091291,3,11,,,,descriptive,C,municipio,hrs_d_pm10_it1,0.563804609010568,sao_paulo_2010
5.66039478655495,9.21808391615915,67.0657241157052,61.4053293291503,3211384.78869041,189,11,2.31393816168199,0.644237871091291,5,48,,,,descriptive,A,municipio,hrs_d_pm10_it2,0.107389352169455,sao_paulo_2010
0.341527568630639,0.315800111039688,108.488281382698,108.146753814067,1134538.04332875,86,6,5.16295493658486,0.293221138646997,5,25,,,,descriptive,B_native,municipio,hrs_d_pm10_it2,0.00647948168392252,sao_paulo_2010
-3.64225487200794,-3.6899251531192,95.065841386504,98.7080962585119,746182.288595823,57,6,5.3460627572737,0.238346749282406,5,25,,,,descriptive,B_common,municipio,hrs_d_pm10_it2,-0.0691010796755803,sao_paulo_2010
-3.65598510283201,-3.95226116144387,88.8476464511205,92.5036315539525,746182.288595823,57,57,46.6779685468853,0.0419093808554689,5,236,,,,descriptive,baseline_common,municipio,hrs_d_pm10_it2,-0.0693615704450291,sao_paulo_2010
-4.51534917203679,-4.85980269580216,88.3968420150065,92.9121911870433,746182.288595823,57,6,5.3460627572737,0.238346749282406,5,25,,,,descriptive,A_common,municipio,hrs_d_pm10_it2,-0.0856654775309475,sao_paulo_2010
24.6004528487535,45.2722936094835,78.9393230216582,54.3388701729047,3211384.78869041,189,11,2.31393816168199,0.644237871091291,3,11,,,,descriptive,C,municipio,hrs_d_pm10_it2,0.466721279013603,sao_paulo_2010
0.205815415178414,0.788705744488882,26.3011515549946,26.0953361398162,3211384.78869041,189,11,2.31393816168199,0.644237871091291,5,48,,,,descriptive,A,municipio,avg_pm10,0.0796545006206224,sao_paulo_2010
0.111435935065444,0.3993099785917,28.0185609857484,27.9071250506829,1134538.04332875,86,6,5.16295493658486,0.293221138646997,5,25,,,,descriptive,B_native,municipio,avg_pm10,0.0431278373932071,sao_paulo_2010
-0.0827963297436867,-0.300177356208953,27.4996738436733,27.5824701734169,746182.288595823,57,6,5.3460627572737,0.238346749282406,5,25,,,,descriptive,B_common,municipio,avg_pm10,-0.0320437625784089,sao_paulo_2010
-0.108034990118771,-0.394181732106313,27.2993716244609,27.4074066145797,746182.288595823,57,57,46.6779685468853,0.0419093808554689,5,236,,,,descriptive,baseline_common,municipio,avg_pm10,-0.0418116066768119,sao_paulo_2010
-0.106215337165445,-0.387608122184246,27.296548198052,27.4027635352174,746182.288595823,57,6,5.3460627572737,0.238346749282406,5,25,,,,descriptive,A_common,municipio,avg_pm10,-0.0411073661942688,sao_paulo_2010
0.815943406317064,3.15404024024388,26.6857276882695,25.8697842819524,3211384.78869041,189,11,2.31393816168199,0.644237871091291,3,11,,,,descriptive,C,municipio,avg_pm10,0.315785698114667,sao_paulo_2010
1.63780716717098,10.5054614551929,17.2278616750709,15.5900545078999,2856619.31561217,153,9,2.10449565967352,0.675965253894436,5,39,,,,descriptive,A,municipio,hrs_d_pm25_it1,0.095319209224483,sao_paulo_2010
4.2254039384562,19.690960110606,25.6840017656911,21.4585978272349,848104.879456181,56,4,3.53332536179532,0.392251648306171,5,16,,,,descriptive,B_native,municipio,hrs_d_pm25_it1,0.245915496122392,sao_paulo_2010
1.16589309836367,5.18999224888679,23.6301481965046,22.4642550981409,498064.977619388,31,4,3.46278847530554,0.357082169698007,5,16,,,,descriptive,B_common,municipio,hrs_d_pm25_it1,0.0678541469373761,sao_paulo_2010
-0.927017616552785,-4.35070459916032,20.3802809008345,21.3072985173873,498064.977619388,31,31,26.4946015214883,0.062787064189575,5,124,,,,descriptive,baseline_common,municipio,hrs_d_pm25_it1,-0.0539517642358392,sao_paulo_2010
1.28595794429166,6.5286520612815,20.9831011251651,19.6971431808734,498064.977619388,31,4,3.46278847530554,0.357082169698007,5,16,,,,descriptive,A_common,municipio,hrs_d_pm25_it1,0.0748418353532742,sao_paulo_2010
-5.24944825322026,-35.4475536623813,9.55960825662639,14.8090565098467,2856619.31561217,153,9,2.10449565967352,0.675965253894436,3,9,,,,descriptive,C,municipio,hrs_d_pm25_it1,-0.305514145005302,sao_paulo_2010
17.3518481905146,14.0835452355341,140.558383905217,123.206535714702,2856619.31561217,153,9,2.10449565967352,0.675965253894436,5,39,,,,descriptive,A,municipio,hrs_d_pm25_it2,0.147792623930533,sao_paulo_2010
37.5330246712913,23.0811296557781,200.146489571157,162.613464899866,848104.879456181,56,4,3.53332536179532,0.392251648306171,5,16,,,,descriptive,B_native,municipio,hrs_d_pm25_it2,0.319683767360983,sao_paulo_2010
12.9561385586754,7.52918643230107,185.035003588395,172.07886502972,498064.977619388,31,4,3.46278847530554,0.357082169698007,5,16,,,,descriptive,B_common,municipio,hrs_d_pm25_it2,0.110352608700261,sao_paulo_2010
-1.97671158978326,-1.1313951647662,172.737804729698,174.714516319481,498064.977619388,31,31,26.4946015214883,0.062787064189575,5,124,,,,descriptive,baseline_common,municipio,hrs_d_pm25_it2,-0.0168364424008541,sao_paulo_2010
13.18929277285,8.03726847229038,177.290975058591,164.101682285741,498064.977619388,31,4,3.46278847530554,0.357082169698007,5,16,,,,descriptive,A_common,municipio,hrs_d_pm25_it2,0.112338476298628,sao_paulo_2010
-22.7999229711564,-19.8398490863761,92.1199177589478,114.919840730104,2856619.31561217,153,9,2.10449565967352,0.675965253894436,3,9,,,,descriptive,C,municipio,hrs_d_pm25_it2,-0.194196053603285,sao_paulo_2010
0.187747777394366,1.33996638958571,14.1991273801629,14.0113796027686,2856619.31561217,153,9,2.10449565967352,0.675965253894436,5,39,,,,descriptive,A,municipio,avg_pm25,0.0745146683507155,sao_paulo_2010
0.316488534828668,2.1078626189216,15.3311546704513,15.0146661356226,848104.879456181,56,4,3.53332536179532,0.392251648306171,5,16,,,,descriptive,B_native,municipio,avg_pm25,0.125610212471521,sao_paulo_2010
-0.147598864544062,-0.978699015074813,14.9335304990917,15.0811293636358,498064.977619388,31,4,3.46278847530554,0.357082169698007,5,16,,,,descriptive,B_common,municipio,avg_pm25,-0.058580083306877,sao_paulo_2010
-0.46781757330292,-3.12351880341927,14.5094437382284,14.9772613115313,498064.977619388,31,31,26.4946015214883,0.062787064189575,5,124,,,,descriptive,baseline_common,municipio,avg_pm25,-0.185670753641368,sao_paulo_2010
-0.13283686380192,-0.901144115181496,14.6080754457864,14.7409123095883,498064.977619388,31,4,3.46278847530554,0.357082169698007,5,16,,,,descriptive,A_common,municipio,avg_pm25,-0.0527212358426901,sao_paulo_2010
-1.1040438765758,-7.939757914728,12.8012148030098,13.9052586795856,2856619.31561217,153,9,2.10449565967352,0.675965253894436,3,9,,,,descriptive,C,municipio,avg_pm25,-0.43818075744716,sao_paulo_2010
