city_id,branch,design,outcome,population_fixed,levels,non_monotonic,finest_gap,coarsest_gap,minimum_step,maximum_step
bogota_2018,code_hierarchy,A,hrs_d_pm10_it1,TRUE,4,TRUE,16.5432112658347,12.3251085924771,-4.3784833833182,0.1832929217043
bogota_2018,code_hierarchy,A,hrs_d_pm10_it2,TRUE,4,FALSE,94.4261144579143,27.476133622564,-65.9722848135881,-0.140076184851097
bogota_2018,code_hierarchy,A,avg_pm10,TRUE,4,TRUE,7.26357281014485,1.11820761117047,-6.11983164539159,0.00150508137704009
bogota_2018,code_hierarchy,A,hrs_d_pm25_it1,TRUE,4,TRUE,10.7971991709707,3.12260836216807,-7.69537954010023,0.0560729788840995
bogota_2018,code_hierarchy,A,hrs_d_pm25_it2,TRUE,4,FALSE,89.3318544714033,13.8335630961942,-74.5132982637127,-0.258598814402504
bogota_2018,code_hierarchy,A,avg_pm25,TRUE,4,FALSE,2.95573469232712,0.348631515298621,-2.58739495440339,-0.000329327925720158
bogota_2018,code_hierarchy,B_native,hrs_d_pm10_it1,FALSE,4,TRUE,16.5432112658347,0,-14.3271601387769,0.132549551293099
bogota_2018,code_hierarchy,B_native,hrs_d_pm10_it2,FALSE,4,FALSE,94.4261144579143,-0.55686948874345,-88.938405587785,-0.0731757316033992
bogota_2018,code_hierarchy,B_native,avg_pm10,FALSE,4,FALSE,7.26357281014485,-1.14391113504525,-8.01979302586762,-0.0724488588766601
bogota_2018,code_hierarchy,B_native,hrs_d_pm25_it1,FALSE,4,FALSE,10.7971991709707,0.0471088727060631,-9.78644866285553,-0.126844821063299
bogota_2018,code_hierarchy,B_native,hrs_d_pm25_it2,FALSE,4,FALSE,89.3318544714033,-2.86183191753742,-86.6640269731201,-1.32925753227751
bogota_2018,code_hierarchy,B_native,avg_pm25,FALSE,4,FALSE,2.95573469232712,-0.537291212397427,-3.40071235239497,-0.0284927228809502
bogota_2018,locality,A,hrs_d_pm10_it1,TRUE,3,TRUE,16.5432112658347,12.3251085924771,-5.3742295941887,1.1561269208311
bogota_2018,locality,A,hrs_d_pm10_it2,TRUE,3,FALSE,94.4261144579143,27.476133622564,-64.398671850277,-2.55130898507329
bogota_2018,locality,A,avg_pm10,TRUE,3,FALSE,7.26357281014485,1.11820761117047,-4.98505733090081,-1.16030786807357
bogota_2018,locality,A,hrs_d_pm25_it1,TRUE,3,FALSE,10.7971991709707,3.12260836216807,-6.18859944993842,-1.48599135886421
bogota_2018,locality,A,hrs_d_pm25_it2,TRUE,3,FALSE,89.3318544714033,13.8335630961942,-61.9028041032629,-13.5954872719462
bogota_2018,locality,A,avg_pm25,TRUE,3,FALSE,2.95573469232712,0.348631515298621,-2.00723859889537,-0.59986457813313
bogota_2018,locality,B_native,hrs_d_pm10_it1,FALSE,3,FALSE,16.5432112658347,0,-14.045260385115,-2.49795088071973
bogota_2018,locality,B_native,hrs_d_pm10_it2,FALSE,3,FALSE,94.4261144579143,-0.55686948874345,-47.6012972842115,-47.3816866624463
bogota_2018,locality,B_native,avg_pm10,FALSE,3,FALSE,7.26357281014485,-1.14391113504525,-5.1744566111557,-3.2330273340344
bogota_2018,locality,B_native,hrs_d_pm25_it1,FALSE,3,FALSE,10.7971991709707,0.0471088727060631,-9.94105743469841,-0.80903286356623
bogota_2018,locality,B_native,hrs_d_pm25_it2,FALSE,3,FALSE,89.3318544714033,-2.86183191753742,-50.5079469777237,-41.685739411217
bogota_2018,locality,B_native,avg_pm25,FALSE,3,FALSE,2.95573469232712,-0.537291212397427,-2.38804213566929,-1.10498376905526
santiago_2017,code_hierarchy,A,hrs_d_pm10_it1,TRUE,3,FALSE,100.636798366031,101.142184323676,0.198378367044995,0.307007590600009
santiago_2017,code_hierarchy,A,hrs_d_pm10_it2,TRUE,3,FALSE,147.117806715191,148.300303814149,0.23714539504499,0.945351703913019
santiago_2017,code_hierarchy,A,avg_pm10,TRUE,3,TRUE,2.11075338689301,2.11544976649583,-0.00336649829839031,0.00806287790121019
santiago_2017,code_hierarchy,A,hrs_d_pm25_it1,TRUE,3,TRUE,103.167650571705,103.095898377178,-0.0841126826530001,0.0123604881260064
santiago_2017,code_hierarchy,A,hrs_d_pm25_it2,TRUE,3,FALSE,180.381224717218,182.8574343361,0.795547432513985,1.68066218636801
santiago_2017,code_hierarchy,A,avg_pm25,TRUE,3,TRUE,1.60978824265762,1.63279707640482,-8.87560435200996e-05,0.0230975897907202
santiago_2017,code_hierarchy,B_native,hrs_d_pm10_it1,FALSE,3,FALSE,100.636798366031,192.684614329569,18.380457003911,73.667358959627
santiago_2017,code_hierarchy,B_native,hrs_d_pm10_it2,FALSE,3,FALSE,147.117806715191,369.551119796135,37.980345973998,184.452967106946
santiago_2017,code_hierarchy,B_native,avg_pm10,FALSE,3,FALSE,2.11075338689301,5.76871526784354,0.65212028548244,3.00584159546809
santiago_2017,code_hierarchy,B_native,hrs_d_pm25_it1,FALSE,3,FALSE,103.167650571705,145.273853046845,11.394647467888,30.711555007252
santiago_2017,code_hierarchy,B_native,hrs_d_pm25_it2,FALSE,3,FALSE,180.381224717218,316.285830788715,26.648455961843,109.256150109654
santiago_2017,code_hierarchy,B_native,avg_pm25,FALSE,3,FALSE,1.60978824265762,2.82823987301662,0.2630061871726,0.9554454431864
sao_paulo_2010,code_hierarchy,A,hrs_d_pm10_it1,TRUE,2,FALSE,3.27278655684133,0.729647018460887,-2.54313953838044,-2.54313953838044
sao_paulo_2010,code_hierarchy,A,hrs_d_pm10_it2,TRUE,2,FALSE,20.4896481120026,5.66039478655495,-14.8292533254477,-14.8292533254477
sao_paulo_2010,code_hierarchy,A,avg_pm10,TRUE,2,FALSE,0.749609008952369,0.205815415178414,-0.543793593773955,-0.543793593773955
sao_paulo_2010,code_hierarchy,A,hrs_d_pm25_it1,TRUE,2,FALSE,4.1896427144703,1.63780716717098,-2.55183554729932,-2.55183554729932
sao_paulo_2010,code_hierarchy,A,hrs_d_pm25_it2,TRUE,2,FALSE,19.4067667991784,17.3518481905146,-2.0549186086638,-2.0549186086638
sao_paulo_2010,code_hierarchy,A,avg_pm25,TRUE,2,FALSE,0.0843515353114075,0.187747777394366,0.103396242082958,0.103396242082958
sao_paulo_2010,code_hierarchy,B_native,hrs_d_pm10_it1,FALSE,2,FALSE,3.27278655684133,1.09837161375664,-2.17441494308469,-2.17441494308469
sao_paulo_2010,code_hierarchy,B_native,hrs_d_pm10_it2,FALSE,2,FALSE,20.4896481120026,0.341527568630639,-20.148120543372,-20.148120543372
sao_paulo_2010,code_hierarchy,B_native,avg_pm10,FALSE,2,FALSE,0.749609008952369,0.111435935065444,-0.638173073886925,-0.638173073886925
sao_paulo_2010,code_hierarchy,B_native,hrs_d_pm25_it1,FALSE,2,FALSE,4.18964271447029,4.2254039384562,0.0357612239859098,0.0357612239859098
sao_paulo_2010,code_hierarchy,B_native,hrs_d_pm25_it2,FALSE,2,FALSE,19.4067667991784,37.5330246712913,18.1262578721129,18.1262578721129
sao_paulo_2010,code_hierarchy,B_native,avg_pm25,FALSE,2,FALSE,0.0843515353114039,0.316488534828668,0.232136999517264,0.232136999517264
