individual_quintile,area_quintile,population,level,outcome,city_id
1,1,249833,fine,hrs_d_pm10_it1,bogota_2018
2,1,242851,fine,hrs_d_pm10_it1,bogota_2018
1,2,209539,fine,hrs_d_pm10_it1,bogota_2018
2,2,227574,fine,hrs_d_pm10_it1,bogota_2018
3,2,168245,fine,hrs_d_pm10_it1,bogota_2018
4,2,139028,fine,hrs_d_pm10_it1,bogota_2018
5,2,40843,fine,hrs_d_pm10_it1,bogota_2018
1,4,117922,fine,hrs_d_pm10_it1,bogota_2018
2,4,158595,fine,hrs_d_pm10_it1,bogota_2018
3,4,182559,fine,hrs_d_pm10_it1,bogota_2018
4,4,314920,fine,hrs_d_pm10_it1,bogota_2018
5,4,188699,fine,hrs_d_pm10_it1,bogota_2018
4,1,75631,fine,hrs_d_pm10_it1,bogota_2018
5,1,13908,fine,hrs_d_pm10_it1,bogota_2018
1,3,169341,fine,hrs_d_pm10_it1,bogota_2018
2,3,208561,fine,hrs_d_pm10_it1,bogota_2018
4,3,210974,fine,hrs_d_pm10_it1,bogota_2018
5,3,83962,fine,hrs_d_pm10_it1,bogota_2018
3,3,192422,fine,hrs_d_pm10_it1,bogota_2018
2,5,35605,fine,hrs_d_pm10_it1,bogota_2018
4,5,174904,fine,hrs_d_pm10_it1,bogota_2018
3,1,105309,fine,hrs_d_pm10_it1,bogota_2018
1,5,58768,fine,hrs_d_pm10_it1,bogota_2018
5,5,572018,fine,hrs_d_pm10_it1,bogota_2018
3,5,113027,fine,hrs_d_pm10_it1,bogota_2018
1,1,249833,fine,hrs_d_pm10_it2,bogota_2018
2,1,242851,fine,hrs_d_pm10_it2,bogota_2018
1,2,209539,fine,hrs_d_pm10_it2,bogota_2018
2,2,227574,fine,hrs_d_pm10_it2,bogota_2018
3,2,168245,fine,hrs_d_pm10_it2,bogota_2018
4,2,139028,fine,hrs_d_pm10_it2,bogota_2018
5,2,40843,fine,hrs_d_pm10_it2,bogota_2018
1,4,117922,fine,hrs_d_pm10_it2,bogota_2018
2,4,158595,fine,hrs_d_pm10_it2,bogota_2018
3,4,182559,fine,hrs_d_pm10_it2,bogota_2018
4,4,314920,fine,hrs_d_pm10_it2,bogota_2018
5,4,188699,fine,hrs_d_pm10_it2,bogota_2018
4,1,75631,fine,hrs_d_pm10_it2,bogota_2018
5,1,13908,fine,hrs_d_pm10_it2,bogota_2018
1,3,169341,fine,hrs_d_pm10_it2,bogota_2018
2,3,208561,fine,hrs_d_pm10_it2,bogota_2018
4,3,210974,fine,hrs_d_pm10_it2,bogota_2018
5,3,83962,fine,hrs_d_pm10_it2,bogota_2018
3,3,192422,fine,hrs_d_pm10_it2,bogota_2018
2,5,35605,fine,hrs_d_pm10_it2,bogota_2018
4,5,174904,fine,hrs_d_pm10_it2,bogota_2018
3,1,105309,fine,hrs_d_pm10_it2,bogota_2018
1,5,58768,fine,hrs_d_pm10_it2,bogota_2018
5,5,572018,fine,hrs_d_pm10_it2,bogota_2018
3,5,113027,fine,hrs_d_pm10_it2,bogota_2018
1,1,249833,fine,avg_pm10,bogota_2018
2,1,242851,fine,avg_pm10,bogota_2018
1,2,209539,fine,avg_pm10,bogota_2018
2,2,227574,fine,avg_pm10,bogota_2018
3,2,168245,fine,avg_pm10,bogota_2018
4,2,139028,fine,avg_pm10,bogota_2018
5,2,40843,fine,avg_pm10,bogota_2018
1,4,117922,fine,avg_pm10,bogota_2018
2,4,158595,fine,avg_pm10,bogota_2018
3,4,182559,fine,avg_pm10,bogota_2018
4,4,314920,fine,avg_pm10,bogota_2018
5,4,188699,fine,avg_pm10,bogota_2018
4,1,75631,fine,avg_pm10,bogota_2018
5,1,13908,fine,avg_pm10,bogota_2018
1,3,169341,fine,avg_pm10,bogota_2018
2,3,208561,fine,avg_pm10,bogota_2018
4,3,210974,fine,avg_pm10,bogota_2018
5,3,83962,fine,avg_pm10,bogota_2018
3,3,192422,fine,avg_pm10,bogota_2018
2,5,35605,fine,avg_pm10,bogota_2018
4,5,174904,fine,avg_pm10,bogota_2018
3,1,105309,fine,avg_pm10,bogota_2018
1,5,58768,fine,avg_pm10,bogota_2018
5,5,572018,fine,avg_pm10,bogota_2018
3,5,113027,fine,avg_pm10,bogota_2018
1,1,248938,fine,hrs_d_pm25_it1,bogota_2018
2,1,242223,fine,hrs_d_pm25_it1,bogota_2018
1,2,209345,fine,hrs_d_pm25_it1,bogota_2018
2,2,227451,fine,hrs_d_pm25_it1,bogota_2018
3,2,167974,fine,hrs_d_pm25_it1,bogota_2018
4,2,138929,fine,hrs_d_pm25_it1,bogota_2018
5,2,40781,fine,hrs_d_pm25_it1,bogota_2018
1,4,117922,fine,hrs_d_pm25_it1,bogota_2018
2,4,158595,fine,hrs_d_pm25_it1,bogota_2018
3,4,182559,fine,hrs_d_pm25_it1,bogota_2018
4,4,314920,fine,hrs_d_pm25_it1,bogota_2018
5,4,188699,fine,hrs_d_pm25_it1,bogota_2018
4,1,75432,fine,hrs_d_pm25_it1,bogota_2018
5,1,13794,fine,hrs_d_pm25_it1,bogota_2018
1,3,169294,fine,hrs_d_pm25_it1,bogota_2018
2,3,208537,fine,hrs_d_pm25_it1,bogota_2018
4,3,210939,fine,hrs_d_pm25_it1,bogota_2018
5,3,83928,fine,hrs_d_pm25_it1,bogota_2018
3,3,192341,fine,hrs_d_pm25_it1,bogota_2018
2,5,35605,fine,hrs_d_pm25_it1,bogota_2018
4,5,174899,fine,hrs_d_pm25_it1,bogota_2018
3,1,104460,fine,hrs_d_pm25_it1,bogota_2018
1,5,58766,fine,hrs_d_pm25_it1,bogota_2018
5,5,572009,fine,hrs_d_pm25_it1,bogota_2018
3,5,113026,fine,hrs_d_pm25_it1,bogota_2018
1,1,248938,fine,hrs_d_pm25_it2,bogota_2018
2,1,242223,fine,hrs_d_pm25_it2,bogota_2018
1,2,209345,fine,hrs_d_pm25_it2,bogota_2018
2,2,227451,fine,hrs_d_pm25_it2,bogota_2018
3,2,167974,fine,hrs_d_pm25_it2,bogota_2018
4,2,138929,fine,hrs_d_pm25_it2,bogota_2018
5,2,40781,fine,hrs_d_pm25_it2,bogota_2018
1,4,117922,fine,hrs_d_pm25_it2,bogota_2018
2,4,158595,fine,hrs_d_pm25_it2,bogota_2018
3,4,182559,fine,hrs_d_pm25_it2,bogota_2018
4,4,314920,fine,hrs_d_pm25_it2,bogota_2018
5,4,188699,fine,hrs_d_pm25_it2,bogota_2018
4,1,75432,fine,hrs_d_pm25_it2,bogota_2018
5,1,13794,fine,hrs_d_pm25_it2,bogota_2018
1,3,169294,fine,hrs_d_pm25_it2,bogota_2018
2,3,208537,fine,hrs_d_pm25_it2,bogota_2018
4,3,210939,fine,hrs_d_pm25_it2,bogota_2018
5,3,83928,fine,hrs_d_pm25_it2,bogota_2018
3,3,192341,fine,hrs_d_pm25_it2,bogota_2018
2,5,35605,fine,hrs_d_pm25_it2,bogota_2018
4,5,174899,fine,hrs_d_pm25_it2,bogota_2018
3,1,104460,fine,hrs_d_pm25_it2,bogota_2018
1,5,58766,fine,hrs_d_pm25_it2,bogota_2018
5,5,572009,fine,hrs_d_pm25_it2,bogota_2018
3,5,113026,fine,hrs_d_pm25_it2,bogota_2018
1,1,248938,fine,avg_pm25,bogota_2018
2,1,242223,fine,avg_pm25,bogota_2018
1,2,209345,fine,avg_pm25,bogota_2018
2,2,227451,fine,avg_pm25,bogota_2018
3,2,167974,fine,avg_pm25,bogota_2018
4,2,138929,fine,avg_pm25,bogota_2018
5,2,40781,fine,avg_pm25,bogota_2018
1,4,117922,fine,avg_pm25,bogota_2018
2,4,158595,fine,avg_pm25,bogota_2018
3,4,182559,fine,avg_pm25,bogota_2018
4,4,314920,fine,avg_pm25,bogota_2018
5,4,188699,fine,avg_pm25,bogota_2018
4,1,75432,fine,avg_pm25,bogota_2018
5,1,13794,fine,avg_pm25,bogota_2018
1,3,169294,fine,avg_pm25,bogota_2018
2,3,208537,fine,avg_pm25,bogota_2018
4,3,210939,fine,avg_pm25,bogota_2018
5,3,83928,fine,avg_pm25,bogota_2018
3,3,192341,fine,avg_pm25,bogota_2018
2,5,35605,fine,avg_pm25,bogota_2018
4,5,174899,fine,avg_pm25,bogota_2018
3,1,104460,fine,avg_pm25,bogota_2018
1,5,58766,fine,avg_pm25,bogota_2018
5,5,572009,fine,avg_pm25,bogota_2018
3,5,113026,fine,avg_pm25,bogota_2018
1,4,136079,seccion,hrs_d_pm10_it1,bogota_2018
2,4,160813,seccion,hrs_d_pm10_it1,bogota_2018
3,4,186793,seccion,hrs_d_pm10_it1,bogota_2018
4,4,298351,seccion,hrs_d_pm10_it1,bogota_2018
5,4,193646,seccion,hrs_d_pm10_it1,bogota_2018
1,2,191122,seccion,hrs_d_pm10_it1,bogota_2018
2,2,211654,seccion,hrs_d_pm10_it1,bogota_2018
4,2,136387,seccion,hrs_d_pm10_it1,bogota_2018
5,2,38045,seccion,hrs_d_pm10_it1,bogota_2018
3,2,152679,seccion,hrs_d_pm10_it1,bogota_2018
1,3,176734,seccion,hrs_d_pm10_it1,bogota_2018
2,3,209105,seccion,hrs_d_pm10_it1,bogota_2018
4,3,217867,seccion,hrs_d_pm10_it1,bogota_2018
5,3,98309,seccion,hrs_d_pm10_it1,bogota_2018
3,3,200628,seccion,hrs_d_pm10_it1,bogota_2018
1,1,233669,seccion,hrs_d_pm10_it1,bogota_2018
2,1,250291,seccion,hrs_d_pm10_it1,bogota_2018
3,1,96020,seccion,hrs_d_pm10_it1,bogota_2018
4,1,84344,seccion,hrs_d_pm10_it1,bogota_2018
5,1,13687,seccion,hrs_d_pm10_it1,bogota_2018
1,5,67799,seccion,hrs_d_pm10_it1,bogota_2018
2,5,41323,seccion,hrs_d_pm10_it1,bogota_2018
3,5,125442,seccion,hrs_d_pm10_it1,bogota_2018
4,5,178508,seccion,hrs_d_pm10_it1,bogota_2018
5,5,555743,seccion,hrs_d_pm10_it1,bogota_2018
1,4,136079,seccion,hrs_d_pm10_it2,bogota_2018
2,4,160813,seccion,hrs_d_pm10_it2,bogota_2018
3,4,186793,seccion,hrs_d_pm10_it2,bogota_2018
4,4,298351,seccion,hrs_d_pm10_it2,bogota_2018
5,4,193646,seccion,hrs_d_pm10_it2,bogota_2018
1,2,191122,seccion,hrs_d_pm10_it2,bogota_2018
2,2,211654,seccion,hrs_d_pm10_it2,bogota_2018
4,2,136387,seccion,hrs_d_pm10_it2,bogota_2018
5,2,38045,seccion,hrs_d_pm10_it2,bogota_2018
3,2,152679,seccion,hrs_d_pm10_it2,bogota_2018
1,3,176734,seccion,hrs_d_pm10_it2,bogota_2018
2,3,209105,seccion,hrs_d_pm10_it2,bogota_2018
4,3,217867,seccion,hrs_d_pm10_it2,bogota_2018
5,3,98309,seccion,hrs_d_pm10_it2,bogota_2018
3,3,200628,seccion,hrs_d_pm10_it2,bogota_2018
1,1,233669,seccion,hrs_d_pm10_it2,bogota_2018
2,1,250291,seccion,hrs_d_pm10_it2,bogota_2018
3,1,96020,seccion,hrs_d_pm10_it2,bogota_2018
4,1,84344,seccion,hrs_d_pm10_it2,bogota_2018
5,1,13687,seccion,hrs_d_pm10_it2,bogota_2018
1,5,67799,seccion,hrs_d_pm10_it2,bogota_2018
2,5,41323,seccion,hrs_d_pm10_it2,bogota_2018
3,5,125442,seccion,hrs_d_pm10_it2,bogota_2018
4,5,178508,seccion,hrs_d_pm10_it2,bogota_2018
5,5,555743,seccion,hrs_d_pm10_it2,bogota_2018
1,4,136079,seccion,avg_pm10,bogota_2018
2,4,160813,seccion,avg_pm10,bogota_2018
3,4,186793,seccion,avg_pm10,bogota_2018
4,4,298351,seccion,avg_pm10,bogota_2018
5,4,193646,seccion,avg_pm10,bogota_2018
1,2,191122,seccion,avg_pm10,bogota_2018
2,2,211654,seccion,avg_pm10,bogota_2018
4,2,136387,seccion,avg_pm10,bogota_2018
5,2,38045,seccion,avg_pm10,bogota_2018
3,2,152679,seccion,avg_pm10,bogota_2018
1,3,176734,seccion,avg_pm10,bogota_2018
2,3,209105,seccion,avg_pm10,bogota_2018
4,3,217867,seccion,avg_pm10,bogota_2018
5,3,98309,seccion,avg_pm10,bogota_2018
3,3,200628,seccion,avg_pm10,bogota_2018
1,1,233669,seccion,avg_pm10,bogota_2018
2,1,250291,seccion,avg_pm10,bogota_2018
3,1,96020,seccion,avg_pm10,bogota_2018
4,1,84344,seccion,avg_pm10,bogota_2018
5,1,13687,seccion,avg_pm10,bogota_2018
1,5,67799,seccion,avg_pm10,bogota_2018
2,5,41323,seccion,avg_pm10,bogota_2018
3,5,125442,seccion,avg_pm10,bogota_2018
4,5,178508,seccion,avg_pm10,bogota_2018
5,5,555743,seccion,avg_pm10,bogota_2018
1,4,136079,seccion,hrs_d_pm25_it1,bogota_2018
2,4,160813,seccion,hrs_d_pm25_it1,bogota_2018
3,4,186793,seccion,hrs_d_pm25_it1,bogota_2018
4,4,298351,seccion,hrs_d_pm25_it1,bogota_2018
5,4,193646,seccion,hrs_d_pm25_it1,bogota_2018
1,2,191101,seccion,hrs_d_pm25_it1,bogota_2018
2,2,211635,seccion,hrs_d_pm25_it1,bogota_2018
4,2,136367,seccion,hrs_d_pm25_it1,bogota_2018
5,2,38037,seccion,hrs_d_pm25_it1,bogota_2018
3,2,152656,seccion,hrs_d_pm25_it1,bogota_2018
1,3,176658,seccion,hrs_d_pm25_it1,bogota_2018
2,3,209068,seccion,hrs_d_pm25_it1,bogota_2018
4,3,217822,seccion,hrs_d_pm25_it1,bogota_2018
5,3,98260,seccion,hrs_d_pm25_it1,bogota_2018
3,3,200510,seccion,hrs_d_pm25_it1,bogota_2018
1,1,232628,seccion,hrs_d_pm25_it1,bogota_2018
2,1,249572,seccion,hrs_d_pm25_it1,bogota_2018
3,1,94959,seccion,hrs_d_pm25_it1,bogota_2018
4,1,84071,seccion,hrs_d_pm25_it1,bogota_2018
5,1,13525,seccion,hrs_d_pm25_it1,bogota_2018
1,5,67799,seccion,hrs_d_pm25_it1,bogota_2018
2,5,41323,seccion,hrs_d_pm25_it1,bogota_2018
3,5,125442,seccion,hrs_d_pm25_it1,bogota_2018
4,5,178508,seccion,hrs_d_pm25_it1,bogota_2018
5,5,555743,seccion,hrs_d_pm25_it1,bogota_2018
1,4,136079,seccion,hrs_d_pm25_it2,bogota_2018
2,4,160813,seccion,hrs_d_pm25_it2,bogota_2018
3,4,186793,seccion,hrs_d_pm25_it2,bogota_2018
4,4,298351,seccion,hrs_d_pm25_it2,bogota_2018
5,4,193646,seccion,hrs_d_pm25_it2,bogota_2018
1,2,191101,seccion,hrs_d_pm25_it2,bogota_2018
2,2,211635,seccion,hrs_d_pm25_it2,bogota_2018
4,2,136367,seccion,hrs_d_pm25_it2,bogota_2018
5,2,38037,seccion,hrs_d_pm25_it2,bogota_2018
3,2,152656,seccion,hrs_d_pm25_it2,bogota_2018
1,3,176658,seccion,hrs_d_pm25_it2,bogota_2018
2,3,209068,seccion,hrs_d_pm25_it2,bogota_2018
4,3,217822,seccion,hrs_d_pm25_it2,bogota_2018
5,3,98260,seccion,hrs_d_pm25_it2,bogota_2018
3,3,200510,seccion,hrs_d_pm25_it2,bogota_2018
1,1,232628,seccion,hrs_d_pm25_it2,bogota_2018
2,1,249572,seccion,hrs_d_pm25_it2,bogota_2018
3,1,94959,seccion,hrs_d_pm25_it2,bogota_2018
4,1,84071,seccion,hrs_d_pm25_it2,bogota_2018
5,1,13525,seccion,hrs_d_pm25_it2,bogota_2018
1,5,67799,seccion,hrs_d_pm25_it2,bogota_2018
2,5,41323,seccion,hrs_d_pm25_it2,bogota_2018
3,5,125442,seccion,hrs_d_pm25_it2,bogota_2018
4,5,178508,seccion,hrs_d_pm25_it2,bogota_2018
5,5,555743,seccion,hrs_d_pm25_it2,bogota_2018
1,4,136079,seccion,avg_pm25,bogota_2018
2,4,160813,seccion,avg_pm25,bogota_2018
3,4,186793,seccion,avg_pm25,bogota_2018
4,4,298351,seccion,avg_pm25,bogota_2018
5,4,193646,seccion,avg_pm25,bogota_2018
1,2,191101,seccion,avg_pm25,bogota_2018
2,2,211635,seccion,avg_pm25,bogota_2018
4,2,136367,seccion,avg_pm25,bogota_2018
5,2,38037,seccion,avg_pm25,bogota_2018
3,2,152656,seccion,avg_pm25,bogota_2018
1,3,176658,seccion,avg_pm25,bogota_2018
2,3,209068,seccion,avg_pm25,bogota_2018
4,3,217822,seccion,avg_pm25,bogota_2018
5,3,98260,seccion,avg_pm25,bogota_2018
3,3,200510,seccion,avg_pm25,bogota_2018
1,1,232628,seccion,avg_pm25,bogota_2018
2,1,249572,seccion,avg_pm25,bogota_2018
3,1,94959,seccion,avg_pm25,bogota_2018
4,1,84071,seccion,avg_pm25,bogota_2018
5,1,13525,seccion,avg_pm25,bogota_2018
1,5,67799,seccion,avg_pm25,bogota_2018
2,5,41323,seccion,avg_pm25,bogota_2018
3,5,125442,seccion,avg_pm25,bogota_2018
4,5,178508,seccion,avg_pm25,bogota_2018
5,5,555743,seccion,avg_pm25,bogota_2018
1,4,144104,sector,hrs_d_pm10_it1,bogota_2018
2,4,156263,sector,hrs_d_pm10_it1,bogota_2018
3,4,190355,sector,hrs_d_pm10_it1,bogota_2018
4,4,288958,sector,hrs_d_pm10_it1,bogota_2018
5,4,194398,sector,hrs_d_pm10_it1,bogota_2018
1,3,181263,sector,hrs_d_pm10_it1,bogota_2018
2,3,206579,sector,hrs_d_pm10_it1,bogota_2018
4,3,213686,sector,hrs_d_pm10_it1,bogota_2018
5,3,115637,sector,hrs_d_pm10_it1,bogota_2018
3,3,217275,sector,hrs_d_pm10_it1,bogota_2018
1,2,191351,sector,hrs_d_pm10_it1,bogota_2018
2,2,223792,sector,hrs_d_pm10_it1,bogota_2018
4,2,152645,sector,hrs_d_pm10_it1,bogota_2018
5,2,35656,sector,hrs_d_pm10_it1,bogota_2018
3,2,141638,sector,hrs_d_pm10_it1,bogota_2018
1,1,214156,sector,hrs_d_pm10_it1,bogota_2018
2,1,242048,sector,hrs_d_pm10_it1,bogota_2018
3,1,81695,sector,hrs_d_pm10_it1,bogota_2018
4,1,85292,sector,hrs_d_pm10_it1,bogota_2018
5,1,12678,sector,hrs_d_pm10_it1,bogota_2018
1,5,74529,sector,hrs_d_pm10_it1,bogota_2018
2,5,44504,sector,hrs_d_pm10_it1,bogota_2018
3,5,130599,sector,hrs_d_pm10_it1,bogota_2018
4,5,174876,sector,hrs_d_pm10_it1,bogota_2018
5,5,541061,sector,hrs_d_pm10_it1,bogota_2018
1,4,144104,sector,hrs_d_pm10_it2,bogota_2018
2,4,156263,sector,hrs_d_pm10_it2,bogota_2018
3,4,190355,sector,hrs_d_pm10_it2,bogota_2018
4,4,288958,sector,hrs_d_pm10_it2,bogota_2018
5,4,194398,sector,hrs_d_pm10_it2,bogota_2018
1,3,181263,sector,hrs_d_pm10_it2,bogota_2018
2,3,206579,sector,hrs_d_pm10_it2,bogota_2018
4,3,213686,sector,hrs_d_pm10_it2,bogota_2018
5,3,115637,sector,hrs_d_pm10_it2,bogota_2018
3,3,217275,sector,hrs_d_pm10_it2,bogota_2018
1,2,191351,sector,hrs_d_pm10_it2,bogota_2018
2,2,223792,sector,hrs_d_pm10_it2,bogota_2018
4,2,152645,sector,hrs_d_pm10_it2,bogota_2018
5,2,35656,sector,hrs_d_pm10_it2,bogota_2018
3,2,141638,sector,hrs_d_pm10_it2,bogota_2018
1,1,214156,sector,hrs_d_pm10_it2,bogota_2018
2,1,242048,sector,hrs_d_pm10_it2,bogota_2018
3,1,81695,sector,hrs_d_pm10_it2,bogota_2018
4,1,85292,sector,hrs_d_pm10_it2,bogota_2018
5,1,12678,sector,hrs_d_pm10_it2,bogota_2018
1,5,74529,sector,hrs_d_pm10_it2,bogota_2018
2,5,44504,sector,hrs_d_pm10_it2,bogota_2018
3,5,130599,sector,hrs_d_pm10_it2,bogota_2018
4,5,174876,sector,hrs_d_pm10_it2,bogota_2018
5,5,541061,sector,hrs_d_pm10_it2,bogota_2018
1,4,144104,sector,avg_pm10,bogota_2018
2,4,156263,sector,avg_pm10,bogota_2018
3,4,190355,sector,avg_pm10,bogota_2018
4,4,288958,sector,avg_pm10,bogota_2018
5,4,194398,sector,avg_pm10,bogota_2018
1,3,181263,sector,avg_pm10,bogota_2018
2,3,206579,sector,avg_pm10,bogota_2018
4,3,213686,sector,avg_pm10,bogota_2018
5,3,115637,sector,avg_pm10,bogota_2018
3,3,217275,sector,avg_pm10,bogota_2018
1,2,191351,sector,avg_pm10,bogota_2018
2,2,223792,sector,avg_pm10,bogota_2018
4,2,152645,sector,avg_pm10,bogota_2018
5,2,35656,sector,avg_pm10,bogota_2018
3,2,141638,sector,avg_pm10,bogota_2018
1,1,214156,sector,avg_pm10,bogota_2018
2,1,242048,sector,avg_pm10,bogota_2018
3,1,81695,sector,avg_pm10,bogota_2018
4,1,85292,sector,avg_pm10,bogota_2018
5,1,12678,sector,avg_pm10,bogota_2018
1,5,74529,sector,avg_pm10,bogota_2018
2,5,44504,sector,avg_pm10,bogota_2018
3,5,130599,sector,avg_pm10,bogota_2018
4,5,174876,sector,avg_pm10,bogota_2018
5,5,541061,sector,avg_pm10,bogota_2018
1,4,144104,sector,hrs_d_pm25_it1,bogota_2018
2,4,156263,sector,hrs_d_pm25_it1,bogota_2018
3,4,190355,sector,hrs_d_pm25_it1,bogota_2018
4,4,288958,sector,hrs_d_pm25_it1,bogota_2018
5,4,194398,sector,hrs_d_pm25_it1,bogota_2018
1,3,181263,sector,hrs_d_pm25_it1,bogota_2018
2,3,206579,sector,hrs_d_pm25_it1,bogota_2018
4,3,213686,sector,hrs_d_pm25_it1,bogota_2018
5,3,115637,sector,hrs_d_pm25_it1,bogota_2018
3,3,217275,sector,hrs_d_pm25_it1,bogota_2018
1,2,190662,sector,hrs_d_pm25_it1,bogota_2018
2,2,223500,sector,hrs_d_pm25_it1,bogota_2018
4,2,152407,sector,hrs_d_pm25_it1,bogota_2018
5,2,35494,sector,hrs_d_pm25_it1,bogota_2018
3,2,140890,sector,hrs_d_pm25_it1,bogota_2018
1,1,213707,sector,hrs_d_pm25_it1,bogota_2018
2,1,241565,sector,hrs_d_pm25_it1,bogota_2018
3,1,81241,sector,hrs_d_pm25_it1,bogota_2018
4,1,85192,sector,hrs_d_pm25_it1,bogota_2018
5,1,12621,sector,hrs_d_pm25_it1,bogota_2018
1,5,74529,sector,hrs_d_pm25_it1,bogota_2018
2,5,44504,sector,hrs_d_pm25_it1,bogota_2018
3,5,130599,sector,hrs_d_pm25_it1,bogota_2018
4,5,174876,sector,hrs_d_pm25_it1,bogota_2018
5,5,541061,sector,hrs_d_pm25_it1,bogota_2018
1,4,144104,sector,hrs_d_pm25_it2,bogota_2018
2,4,156263,sector,hrs_d_pm25_it2,bogota_2018
3,4,190355,sector,hrs_d_pm25_it2,bogota_2018
4,4,288958,sector,hrs_d_pm25_it2,bogota_2018
5,4,194398,sector,hrs_d_pm25_it2,bogota_2018
1,3,181263,sector,hrs_d_pm25_it2,bogota_2018
2,3,206579,sector,hrs_d_pm25_it2,bogota_2018
4,3,213686,sector,hrs_d_pm25_it2,bogota_2018
5,3,115637,sector,hrs_d_pm25_it2,bogota_2018
3,3,217275,sector,hrs_d_pm25_it2,bogota_2018
1,2,190662,sector,hrs_d_pm25_it2,bogota_2018
2,2,223500,sector,hrs_d_pm25_it2,bogota_2018
4,2,152407,sector,hrs_d_pm25_it2,bogota_2018
5,2,35494,sector,hrs_d_pm25_it2,bogota_2018
3,2,140890,sector,hrs_d_pm25_it2,bogota_2018
1,1,213707,sector,hrs_d_pm25_it2,bogota_2018
2,1,241565,sector,hrs_d_pm25_it2,bogota_2018
3,1,81241,sector,hrs_d_pm25_it2,bogota_2018
4,1,85192,sector,hrs_d_pm25_it2,bogota_2018
5,1,12621,sector,hrs_d_pm25_it2,bogota_2018
1,5,74529,sector,hrs_d_pm25_it2,bogota_2018
2,5,44504,sector,hrs_d_pm25_it2,bogota_2018
3,5,130599,sector,hrs_d_pm25_it2,bogota_2018
4,5,174876,sector,hrs_d_pm25_it2,bogota_2018
5,5,541061,sector,hrs_d_pm25_it2,bogota_2018
1,4,144104,sector,avg_pm25,bogota_2018
2,4,156263,sector,avg_pm25,bogota_2018
3,4,190355,sector,avg_pm25,bogota_2018
4,4,288958,sector,avg_pm25,bogota_2018
5,4,194398,sector,avg_pm25,bogota_2018
1,3,181263,sector,avg_pm25,bogota_2018
2,3,206579,sector,avg_pm25,bogota_2018
4,3,213686,sector,avg_pm25,bogota_2018
5,3,115637,sector,avg_pm25,bogota_2018
3,3,217275,sector,avg_pm25,bogota_2018
1,2,190662,sector,avg_pm25,bogota_2018
2,2,223500,sector,avg_pm25,bogota_2018
4,2,152407,sector,avg_pm25,bogota_2018
5,2,35494,sector,avg_pm25,bogota_2018
3,2,140890,sector,avg_pm25,bogota_2018
1,1,213707,sector,avg_pm25,bogota_2018
2,1,241565,sector,avg_pm25,bogota_2018
3,1,81241,sector,avg_pm25,bogota_2018
4,1,85192,sector,avg_pm25,bogota_2018
5,1,12621,sector,avg_pm25,bogota_2018
1,5,74529,sector,avg_pm25,bogota_2018
2,5,44504,sector,avg_pm25,bogota_2018
3,5,130599,sector,avg_pm25,bogota_2018
4,5,174876,sector,avg_pm25,bogota_2018
5,5,541061,sector,avg_pm25,bogota_2018
1,2,191616,localidad,hrs_d_pm10_it1,bogota_2018
2,2,303859,localidad,hrs_d_pm10_it1,bogota_2018
3,2,117470,localidad,hrs_d_pm10_it1,bogota_2018
4,2,173560,localidad,hrs_d_pm10_it1,bogota_2018
5,2,66875,localidad,hrs_d_pm10_it1,bogota_2018
1,3,204814,localidad,hrs_d_pm10_it1,bogota_2018
2,3,230768,localidad,hrs_d_pm10_it1,bogota_2018
3,3,198998,localidad,hrs_d_pm10_it1,bogota_2018
4,3,303074,localidad,hrs_d_pm10_it1,bogota_2018
5,3,129650,localidad,hrs_d_pm10_it1,bogota_2018
1,1,159769,localidad,hrs_d_pm10_it1,bogota_2018
2,1,212479,localidad,hrs_d_pm10_it1,bogota_2018
3,1,39961,localidad,hrs_d_pm10_it1,bogota_2018
4,1,108611,localidad,hrs_d_pm10_it1,bogota_2018
5,1,9451,localidad,hrs_d_pm10_it1,bogota_2018
1,4,70116,localidad,hrs_d_pm10_it1,bogota_2018
2,4,38454,localidad,hrs_d_pm10_it1,bogota_2018
3,4,110777,localidad,hrs_d_pm10_it1,bogota_2018
4,4,110894,localidad,hrs_d_pm10_it1,bogota_2018
5,4,100040,localidad,hrs_d_pm10_it1,bogota_2018
1,5,179088,localidad,hrs_d_pm10_it1,bogota_2018
2,5,87626,localidad,hrs_d_pm10_it1,bogota_2018
3,5,294356,localidad,hrs_d_pm10_it1,bogota_2018
4,5,219318,localidad,hrs_d_pm10_it1,bogota_2018
5,5,593414,localidad,hrs_d_pm10_it1,bogota_2018
1,2,191616,localidad,hrs_d_pm10_it2,bogota_2018
2,2,303859,localidad,hrs_d_pm10_it2,bogota_2018
3,2,117470,localidad,hrs_d_pm10_it2,bogota_2018
4,2,173560,localidad,hrs_d_pm10_it2,bogota_2018
5,2,66875,localidad,hrs_d_pm10_it2,bogota_2018
1,3,204814,localidad,hrs_d_pm10_it2,bogota_2018
2,3,230768,localidad,hrs_d_pm10_it2,bogota_2018
3,3,198998,localidad,hrs_d_pm10_it2,bogota_2018
4,3,303074,localidad,hrs_d_pm10_it2,bogota_2018
5,3,129650,localidad,hrs_d_pm10_it2,bogota_2018
1,1,159769,localidad,hrs_d_pm10_it2,bogota_2018
2,1,212479,localidad,hrs_d_pm10_it2,bogota_2018
3,1,39961,localidad,hrs_d_pm10_it2,bogota_2018
4,1,108611,localidad,hrs_d_pm10_it2,bogota_2018
5,1,9451,localidad,hrs_d_pm10_it2,bogota_2018
1,4,70116,localidad,hrs_d_pm10_it2,bogota_2018
2,4,38454,localidad,hrs_d_pm10_it2,bogota_2018
3,4,110777,localidad,hrs_d_pm10_it2,bogota_2018
4,4,110894,localidad,hrs_d_pm10_it2,bogota_2018
5,4,100040,localidad,hrs_d_pm10_it2,bogota_2018
1,5,179088,localidad,hrs_d_pm10_it2,bogota_2018
2,5,87626,localidad,hrs_d_pm10_it2,bogota_2018
3,5,294356,localidad,hrs_d_pm10_it2,bogota_2018
4,5,219318,localidad,hrs_d_pm10_it2,bogota_2018
5,5,593414,localidad,hrs_d_pm10_it2,bogota_2018
1,2,191616,localidad,avg_pm10,bogota_2018
2,2,303859,localidad,avg_pm10,bogota_2018
3,2,117470,localidad,avg_pm10,bogota_2018
4,2,173560,localidad,avg_pm10,bogota_2018
5,2,66875,localidad,avg_pm10,bogota_2018
1,3,204814,localidad,avg_pm10,bogota_2018
2,3,230768,localidad,avg_pm10,bogota_2018
3,3,198998,localidad,avg_pm10,bogota_2018
4,3,303074,localidad,avg_pm10,bogota_2018
5,3,129650,localidad,avg_pm10,bogota_2018
1,1,159769,localidad,avg_pm10,bogota_2018
2,1,212479,localidad,avg_pm10,bogota_2018
3,1,39961,localidad,avg_pm10,bogota_2018
4,1,108611,localidad,avg_pm10,bogota_2018
5,1,9451,localidad,avg_pm10,bogota_2018
1,4,70116,localidad,avg_pm10,bogota_2018
2,4,38454,localidad,avg_pm10,bogota_2018
3,4,110777,localidad,avg_pm10,bogota_2018
4,4,110894,localidad,avg_pm10,bogota_2018
5,4,100040,localidad,avg_pm10,bogota_2018
1,5,179088,localidad,avg_pm10,bogota_2018
2,5,87626,localidad,avg_pm10,bogota_2018
3,5,294356,localidad,avg_pm10,bogota_2018
4,5,219318,localidad,avg_pm10,bogota_2018
5,5,593414,localidad,avg_pm10,bogota_2018
1,2,191592,localidad,hrs_d_pm25_it1,bogota_2018
2,2,303583,localidad,hrs_d_pm25_it1,bogota_2018
3,2,117334,localidad,hrs_d_pm25_it1,bogota_2018
4,2,173527,localidad,hrs_d_pm25_it1,bogota_2018
5,2,66861,localidad,hrs_d_pm25_it1,bogota_2018
1,3,204814,localidad,hrs_d_pm25_it1,bogota_2018
2,3,230768,localidad,hrs_d_pm25_it1,bogota_2018
3,3,198998,localidad,hrs_d_pm25_it1,bogota_2018
4,3,303074,localidad,hrs_d_pm25_it1,bogota_2018
5,3,129650,localidad,hrs_d_pm25_it1,bogota_2018
1,1,158655,localidad,hrs_d_pm25_it1,bogota_2018
2,1,211980,localidad,hrs_d_pm25_it1,bogota_2018
3,1,38895,localidad,hrs_d_pm25_it1,bogota_2018
4,1,108306,localidad,hrs_d_pm25_it1,bogota_2018
5,1,9246,localidad,hrs_d_pm25_it1,bogota_2018
1,4,70116,localidad,hrs_d_pm25_it1,bogota_2018
2,4,38454,localidad,hrs_d_pm25_it1,bogota_2018
3,4,110777,localidad,hrs_d_pm25_it1,bogota_2018
4,4,110894,localidad,hrs_d_pm25_it1,bogota_2018
5,4,100040,localidad,hrs_d_pm25_it1,bogota_2018
1,5,179088,localidad,hrs_d_pm25_it1,bogota_2018
2,5,87626,localidad,hrs_d_pm25_it1,bogota_2018
3,5,294356,localidad,hrs_d_pm25_it1,bogota_2018
4,5,219318,localidad,hrs_d_pm25_it1,bogota_2018
5,5,593414,localidad,hrs_d_pm25_it1,bogota_2018
1,2,191592,localidad,hrs_d_pm25_it2,bogota_2018
2,2,303583,localidad,hrs_d_pm25_it2,bogota_2018
3,2,117334,localidad,hrs_d_pm25_it2,bogota_2018
4,2,173527,localidad,hrs_d_pm25_it2,bogota_2018
5,2,66861,localidad,hrs_d_pm25_it2,bogota_2018
1,3,204814,localidad,hrs_d_pm25_it2,bogota_2018
2,3,230768,localidad,hrs_d_pm25_it2,bogota_2018
3,3,198998,localidad,hrs_d_pm25_it2,bogota_2018
4,3,303074,localidad,hrs_d_pm25_it2,bogota_2018
5,3,129650,localidad,hrs_d_pm25_it2,bogota_2018
1,1,158655,localidad,hrs_d_pm25_it2,bogota_2018
2,1,211980,localidad,hrs_d_pm25_it2,bogota_2018
3,1,38895,localidad,hrs_d_pm25_it2,bogota_2018
4,1,108306,localidad,hrs_d_pm25_it2,bogota_2018
5,1,9246,localidad,hrs_d_pm25_it2,bogota_2018
1,4,70116,localidad,hrs_d_pm25_it2,bogota_2018
2,4,38454,localidad,hrs_d_pm25_it2,bogota_2018
3,4,110777,localidad,hrs_d_pm25_it2,bogota_2018
4,4,110894,localidad,hrs_d_pm25_it2,bogota_2018
5,4,100040,localidad,hrs_d_pm25_it2,bogota_2018
1,5,179088,localidad,hrs_d_pm25_it2,bogota_2018
2,5,87626,localidad,hrs_d_pm25_it2,bogota_2018
3,5,294356,localidad,hrs_d_pm25_it2,bogota_2018
4,5,219318,localidad,hrs_d_pm25_it2,bogota_2018
5,5,593414,localidad,hrs_d_pm25_it2,bogota_2018
1,2,191592,localidad,avg_pm25,bogota_2018
2,2,303583,localidad,avg_pm25,bogota_2018
3,2,117334,localidad,avg_pm25,bogota_2018
4,2,173527,localidad,avg_pm25,bogota_2018
5,2,66861,localidad,avg_pm25,bogota_2018
1,3,204814,localidad,avg_pm25,bogota_2018
2,3,230768,localidad,avg_pm25,bogota_2018
3,3,198998,localidad,avg_pm25,bogota_2018
4,3,303074,localidad,avg_pm25,bogota_2018
5,3,129650,localidad,avg_pm25,bogota_2018
1,1,158655,localidad,avg_pm25,bogota_2018
2,1,211980,localidad,avg_pm25,bogota_2018
3,1,38895,localidad,avg_pm25,bogota_2018
4,1,108306,localidad,avg_pm25,bogota_2018
5,1,9246,localidad,avg_pm25,bogota_2018
1,4,70116,localidad,avg_pm25,bogota_2018
2,4,38454,localidad,avg_pm25,bogota_2018
3,4,110777,localidad,avg_pm25,bogota_2018
4,4,110894,localidad,avg_pm25,bogota_2018
5,4,100040,localidad,avg_pm25,bogota_2018
1,5,179088,localidad,avg_pm25,bogota_2018
2,5,87626,localidad,avg_pm25,bogota_2018
3,5,294356,localidad,avg_pm25,bogota_2018
4,5,219318,localidad,avg_pm25,bogota_2018
5,5,593414,localidad,avg_pm25,bogota_2018
1,5,711468,municipio,hrs_d_pm10_it1,bogota_2018
2,5,779978,municipio,hrs_d_pm10_it1,bogota_2018
3,5,599817,municipio,hrs_d_pm10_it1,bogota_2018
4,5,845001,municipio,hrs_d_pm10_it1,bogota_2018
5,5,814490,municipio,hrs_d_pm10_it1,bogota_2018
1,1,93935,municipio,hrs_d_pm10_it1,bogota_2018
2,1,93208,municipio,hrs_d_pm10_it1,bogota_2018
3,1,161745,municipio,hrs_d_pm10_it1,bogota_2018
4,1,70456,municipio,hrs_d_pm10_it1,bogota_2018
5,1,84940,municipio,hrs_d_pm10_it1,bogota_2018
1,5,711468,municipio,hrs_d_pm10_it2,bogota_2018
2,5,779978,municipio,hrs_d_pm10_it2,bogota_2018
3,5,599817,municipio,hrs_d_pm10_it2,bogota_2018
4,5,845001,municipio,hrs_d_pm10_it2,bogota_2018
5,5,814490,municipio,hrs_d_pm10_it2,bogota_2018
1,1,93935,municipio,hrs_d_pm10_it2,bogota_2018
2,1,93208,municipio,hrs_d_pm10_it2,bogota_2018
3,1,161745,municipio,hrs_d_pm10_it2,bogota_2018
4,1,70456,municipio,hrs_d_pm10_it2,bogota_2018
5,1,84940,municipio,hrs_d_pm10_it2,bogota_2018
1,5,711468,municipio,avg_pm10,bogota_2018
2,5,779978,municipio,avg_pm10,bogota_2018
3,5,599817,municipio,avg_pm10,bogota_2018
4,5,845001,municipio,avg_pm10,bogota_2018
5,5,814490,municipio,avg_pm10,bogota_2018
1,1,93935,municipio,avg_pm10,bogota_2018
2,1,93208,municipio,avg_pm10,bogota_2018
3,1,161745,municipio,avg_pm10,bogota_2018
4,1,70456,municipio,avg_pm10,bogota_2018
5,1,84940,municipio,avg_pm10,bogota_2018
1,5,711468,municipio,hrs_d_pm25_it1,bogota_2018
2,5,779978,municipio,hrs_d_pm25_it1,bogota_2018
3,5,599817,municipio,hrs_d_pm25_it1,bogota_2018
4,5,845001,municipio,hrs_d_pm25_it1,bogota_2018
5,5,814490,municipio,hrs_d_pm25_it1,bogota_2018
1,1,92797,municipio,hrs_d_pm25_it1,bogota_2018
2,1,92433,municipio,hrs_d_pm25_it1,bogota_2018
3,1,160543,municipio,hrs_d_pm25_it1,bogota_2018
4,1,70118,municipio,hrs_d_pm25_it1,bogota_2018
5,1,84721,municipio,hrs_d_pm25_it1,bogota_2018
1,5,711468,municipio,hrs_d_pm25_it2,bogota_2018
2,5,779978,municipio,hrs_d_pm25_it2,bogota_2018
3,5,599817,municipio,hrs_d_pm25_it2,bogota_2018
4,5,845001,municipio,hrs_d_pm25_it2,bogota_2018
5,5,814490,municipio,hrs_d_pm25_it2,bogota_2018
1,1,92797,municipio,hrs_d_pm25_it2,bogota_2018
2,1,92433,municipio,hrs_d_pm25_it2,bogota_2018
3,1,160543,municipio,hrs_d_pm25_it2,bogota_2018
4,1,70118,municipio,hrs_d_pm25_it2,bogota_2018
5,1,84721,municipio,hrs_d_pm25_it2,bogota_2018
1,5,711468,municipio,avg_pm25,bogota_2018
2,5,779978,municipio,avg_pm25,bogota_2018
3,5,599817,municipio,avg_pm25,bogota_2018
4,5,845001,municipio,avg_pm25,bogota_2018
5,5,814490,municipio,avg_pm25,bogota_2018
1,1,92797,municipio,avg_pm25,bogota_2018
2,1,92433,municipio,avg_pm25,bogota_2018
3,1,160543,municipio,avg_pm25,bogota_2018
4,1,70118,municipio,avg_pm25,bogota_2018
5,1,84721,municipio,avg_pm25,bogota_2018
1,4,32689,fine,hrs_d_pm10_it1,santiago_2017
2,4,73697,fine,hrs_d_pm10_it1,santiago_2017
4,4,83751,fine,hrs_d_pm10_it1,santiago_2017
5,4,72656,fine,hrs_d_pm10_it1,santiago_2017
1,5,6865,fine,hrs_d_pm10_it1,santiago_2017
2,5,23245,fine,hrs_d_pm10_it1,santiago_2017
4,5,41655,fine,hrs_d_pm10_it1,santiago_2017
5,5,81445,fine,hrs_d_pm10_it1,santiago_2017
1,3,54367,fine,hrs_d_pm10_it1,santiago_2017
2,3,72876,fine,hrs_d_pm10_it1,santiago_2017
4,3,65886,fine,hrs_d_pm10_it1,santiago_2017
5,3,32856,fine,hrs_d_pm10_it1,santiago_2017
1,2,89680,fine,hrs_d_pm10_it1,santiago_2017
2,2,80746,fine,hrs_d_pm10_it1,santiago_2017
4,2,39657,fine,hrs_d_pm10_it1,santiago_2017
5,2,18355,fine,hrs_d_pm10_it1,santiago_2017
1,1,148075,fine,hrs_d_pm10_it1,santiago_2017
2,1,108323,fine,hrs_d_pm10_it1,santiago_2017
4,1,28356,fine,hrs_d_pm10_it1,santiago_2017
5,1,10884,fine,hrs_d_pm10_it1,santiago_2017
3,4,32734,fine,hrs_d_pm10_it1,santiago_2017
3,1,77278,fine,hrs_d_pm10_it1,santiago_2017
3,5,7623,fine,hrs_d_pm10_it1,santiago_2017
3,3,66854,fine,hrs_d_pm10_it1,santiago_2017
3,2,78718,fine,hrs_d_pm10_it1,santiago_2017
1,4,32689,fine,hrs_d_pm10_it2,santiago_2017
2,4,73697,fine,hrs_d_pm10_it2,santiago_2017
4,4,83751,fine,hrs_d_pm10_it2,santiago_2017
5,4,72656,fine,hrs_d_pm10_it2,santiago_2017
1,5,6865,fine,hrs_d_pm10_it2,santiago_2017
2,5,23245,fine,hrs_d_pm10_it2,santiago_2017
4,5,41655,fine,hrs_d_pm10_it2,santiago_2017
5,5,81445,fine,hrs_d_pm10_it2,santiago_2017
1,3,54367,fine,hrs_d_pm10_it2,santiago_2017
2,3,72876,fine,hrs_d_pm10_it2,santiago_2017
4,3,65886,fine,hrs_d_pm10_it2,santiago_2017
5,3,32856,fine,hrs_d_pm10_it2,santiago_2017
1,2,89680,fine,hrs_d_pm10_it2,santiago_2017
2,2,80746,fine,hrs_d_pm10_it2,santiago_2017
4,2,39657,fine,hrs_d_pm10_it2,santiago_2017
5,2,18355,fine,hrs_d_pm10_it2,santiago_2017
1,1,148075,fine,hrs_d_pm10_it2,santiago_2017
2,1,108323,fine,hrs_d_pm10_it2,santiago_2017
4,1,28356,fine,hrs_d_pm10_it2,santiago_2017
5,1,10884,fine,hrs_d_pm10_it2,santiago_2017
3,4,32734,fine,hrs_d_pm10_it2,santiago_2017
3,1,77278,fine,hrs_d_pm10_it2,santiago_2017
3,5,7623,fine,hrs_d_pm10_it2,santiago_2017
3,3,66854,fine,hrs_d_pm10_it2,santiago_2017
3,2,78718,fine,hrs_d_pm10_it2,santiago_2017
1,4,32689,fine,avg_pm10,santiago_2017
2,4,73697,fine,avg_pm10,santiago_2017
4,4,83751,fine,avg_pm10,santiago_2017
5,4,72656,fine,avg_pm10,santiago_2017
1,5,6865,fine,avg_pm10,santiago_2017
2,5,23245,fine,avg_pm10,santiago_2017
4,5,41655,fine,avg_pm10,santiago_2017
5,5,81445,fine,avg_pm10,santiago_2017
1,3,54367,fine,avg_pm10,santiago_2017
2,3,72876,fine,avg_pm10,santiago_2017
4,3,65886,fine,avg_pm10,santiago_2017
5,3,32856,fine,avg_pm10,santiago_2017
1,2,89680,fine,avg_pm10,santiago_2017
2,2,80746,fine,avg_pm10,santiago_2017
4,2,39657,fine,avg_pm10,santiago_2017
5,2,18355,fine,avg_pm10,santiago_2017
1,1,148075,fine,avg_pm10,santiago_2017
2,1,108323,fine,avg_pm10,santiago_2017
4,1,28356,fine,avg_pm10,santiago_2017
5,1,10884,fine,avg_pm10,santiago_2017
3,4,32734,fine,avg_pm10,santiago_2017
3,1,77278,fine,avg_pm10,santiago_2017
3,5,7623,fine,avg_pm10,santiago_2017
3,3,66854,fine,avg_pm10,santiago_2017
3,2,78718,fine,avg_pm10,santiago_2017
1,4,32689,fine,hrs_d_pm25_it1,santiago_2017
2,4,73697,fine,hrs_d_pm25_it1,santiago_2017
4,4,83751,fine,hrs_d_pm25_it1,santiago_2017
5,4,72656,fine,hrs_d_pm25_it1,santiago_2017
1,5,6865,fine,hrs_d_pm25_it1,santiago_2017
2,5,23245,fine,hrs_d_pm25_it1,santiago_2017
4,5,41655,fine,hrs_d_pm25_it1,santiago_2017
5,5,81445,fine,hrs_d_pm25_it1,santiago_2017
1,3,54367,fine,hrs_d_pm25_it1,santiago_2017
2,3,72876,fine,hrs_d_pm25_it1,santiago_2017
4,3,65886,fine,hrs_d_pm25_it1,santiago_2017
5,3,32856,fine,hrs_d_pm25_it1,santiago_2017
1,2,89680,fine,hrs_d_pm25_it1,santiago_2017
2,2,80746,fine,hrs_d_pm25_it1,santiago_2017
4,2,39657,fine,hrs_d_pm25_it1,santiago_2017
5,2,18355,fine,hrs_d_pm25_it1,santiago_2017
1,1,148075,fine,hrs_d_pm25_it1,santiago_2017
2,1,108323,fine,hrs_d_pm25_it1,santiago_2017
4,1,28356,fine,hrs_d_pm25_it1,santiago_2017
5,1,10884,fine,hrs_d_pm25_it1,santiago_2017
3,4,32734,fine,hrs_d_pm25_it1,santiago_2017
3,1,77278,fine,hrs_d_pm25_it1,santiago_2017
3,5,7623,fine,hrs_d_pm25_it1,santiago_2017
3,3,66854,fine,hrs_d_pm25_it1,santiago_2017
3,2,78718,fine,hrs_d_pm25_it1,santiago_2017
1,4,32689,fine,hrs_d_pm25_it2,santiago_2017
2,4,73697,fine,hrs_d_pm25_it2,santiago_2017
4,4,83751,fine,hrs_d_pm25_it2,santiago_2017
5,4,72656,fine,hrs_d_pm25_it2,santiago_2017
1,5,6865,fine,hrs_d_pm25_it2,santiago_2017
2,5,23245,fine,hrs_d_pm25_it2,santiago_2017
4,5,41655,fine,hrs_d_pm25_it2,santiago_2017
5,5,81445,fine,hrs_d_pm25_it2,santiago_2017
1,3,54367,fine,hrs_d_pm25_it2,santiago_2017
2,3,72876,fine,hrs_d_pm25_it2,santiago_2017
4,3,65886,fine,hrs_d_pm25_it2,santiago_2017
5,3,32856,fine,hrs_d_pm25_it2,santiago_2017
1,2,89680,fine,hrs_d_pm25_it2,santiago_2017
2,2,80746,fine,hrs_d_pm25_it2,santiago_2017
4,2,39657,fine,hrs_d_pm25_it2,santiago_2017
5,2,18355,fine,hrs_d_pm25_it2,santiago_2017
1,1,148075,fine,hrs_d_pm25_it2,santiago_2017
2,1,108323,fine,hrs_d_pm25_it2,santiago_2017
4,1,28356,fine,hrs_d_pm25_it2,santiago_2017
5,1,10884,fine,hrs_d_pm25_it2,santiago_2017
3,4,32734,fine,hrs_d_pm25_it2,santiago_2017
3,1,77278,fine,hrs_d_pm25_it2,santiago_2017
3,5,7623,fine,hrs_d_pm25_it2,santiago_2017
3,3,66854,fine,hrs_d_pm25_it2,santiago_2017
3,2,78718,fine,hrs_d_pm25_it2,santiago_2017
1,4,32689,fine,avg_pm25,santiago_2017
2,4,73697,fine,avg_pm25,santiago_2017
4,4,83751,fine,avg_pm25,santiago_2017
5,4,72656,fine,avg_pm25,santiago_2017
1,5,6865,fine,avg_pm25,santiago_2017
2,5,23245,fine,avg_pm25,santiago_2017
4,5,41655,fine,avg_pm25,santiago_2017
5,5,81445,fine,avg_pm25,santiago_2017
1,3,54367,fine,avg_pm25,santiago_2017
2,3,72876,fine,avg_pm25,santiago_2017
4,3,65886,fine,avg_pm25,santiago_2017
5,3,32856,fine,avg_pm25,santiago_2017
1,2,89680,fine,avg_pm25,santiago_2017
2,2,80746,fine,avg_pm25,santiago_2017
4,2,39657,fine,avg_pm25,santiago_2017
5,2,18355,fine,avg_pm25,santiago_2017
1,1,148075,fine,avg_pm25,santiago_2017
2,1,108323,fine,avg_pm25,santiago_2017
4,1,28356,fine,avg_pm25,santiago_2017
5,1,10884,fine,avg_pm25,santiago_2017
3,4,32734,fine,avg_pm25,santiago_2017
3,1,77278,fine,avg_pm25,santiago_2017
3,5,7623,fine,avg_pm25,santiago_2017
3,3,66854,fine,avg_pm25,santiago_2017
3,2,78718,fine,avg_pm25,santiago_2017
1,5,8872,distrito,hrs_d_pm10_it1,santiago_2017
2,5,27595,distrito,hrs_d_pm10_it1,santiago_2017
4,5,43812,distrito,hrs_d_pm10_it1,santiago_2017
5,5,84021,distrito,hrs_d_pm10_it1,santiago_2017
1,4,41781,distrito,hrs_d_pm10_it1,santiago_2017
2,4,68871,distrito,hrs_d_pm10_it1,santiago_2017
4,4,74099,distrito,hrs_d_pm10_it1,santiago_2017
5,4,63077,distrito,hrs_d_pm10_it1,santiago_2017
1,3,52482,distrito,hrs_d_pm10_it1,santiago_2017
2,3,74131,distrito,hrs_d_pm10_it1,santiago_2017
4,3,72844,distrito,hrs_d_pm10_it1,santiago_2017
5,3,35463,distrito,hrs_d_pm10_it1,santiago_2017
1,1,144117,distrito,hrs_d_pm10_it1,santiago_2017
2,1,117467,distrito,hrs_d_pm10_it1,santiago_2017
4,1,32183,distrito,hrs_d_pm10_it1,santiago_2017
5,1,13170,distrito,hrs_d_pm10_it1,santiago_2017
1,2,84424,distrito,hrs_d_pm10_it1,santiago_2017
2,2,70823,distrito,hrs_d_pm10_it1,santiago_2017
4,2,36367,distrito,hrs_d_pm10_it1,santiago_2017
5,2,20465,distrito,hrs_d_pm10_it1,santiago_2017
3,4,43225,distrito,hrs_d_pm10_it1,santiago_2017
3,5,8391,distrito,hrs_d_pm10_it1,santiago_2017
3,3,51430,distrito,hrs_d_pm10_it1,santiago_2017
3,1,75329,distrito,hrs_d_pm10_it1,santiago_2017
3,2,84832,distrito,hrs_d_pm10_it1,santiago_2017
1,5,8872,distrito,hrs_d_pm10_it2,santiago_2017
2,5,27595,distrito,hrs_d_pm10_it2,santiago_2017
4,5,43812,distrito,hrs_d_pm10_it2,santiago_2017
5,5,84021,distrito,hrs_d_pm10_it2,santiago_2017
1,4,41781,distrito,hrs_d_pm10_it2,santiago_2017
2,4,68871,distrito,hrs_d_pm10_it2,santiago_2017
4,4,74099,distrito,hrs_d_pm10_it2,santiago_2017
5,4,63077,distrito,hrs_d_pm10_it2,santiago_2017
1,3,52482,distrito,hrs_d_pm10_it2,santiago_2017
2,3,74131,distrito,hrs_d_pm10_it2,santiago_2017
4,3,72844,distrito,hrs_d_pm10_it2,santiago_2017
5,3,35463,distrito,hrs_d_pm10_it2,santiago_2017
1,1,144117,distrito,hrs_d_pm10_it2,santiago_2017
2,1,117467,distrito,hrs_d_pm10_it2,santiago_2017
4,1,32183,distrito,hrs_d_pm10_it2,santiago_2017
5,1,13170,distrito,hrs_d_pm10_it2,santiago_2017
1,2,84424,distrito,hrs_d_pm10_it2,santiago_2017
2,2,70823,distrito,hrs_d_pm10_it2,santiago_2017
4,2,36367,distrito,hrs_d_pm10_it2,santiago_2017
5,2,20465,distrito,hrs_d_pm10_it2,santiago_2017
3,4,43225,distrito,hrs_d_pm10_it2,santiago_2017
3,5,8391,distrito,hrs_d_pm10_it2,santiago_2017
3,3,51430,distrito,hrs_d_pm10_it2,santiago_2017
3,1,75329,distrito,hrs_d_pm10_it2,santiago_2017
3,2,84832,distrito,hrs_d_pm10_it2,santiago_2017
1,5,8872,distrito,avg_pm10,santiago_2017
2,5,27595,distrito,avg_pm10,santiago_2017
4,5,43812,distrito,avg_pm10,santiago_2017
5,5,84021,distrito,avg_pm10,santiago_2017
1,4,41781,distrito,avg_pm10,santiago_2017
2,4,68871,distrito,avg_pm10,santiago_2017
4,4,74099,distrito,avg_pm10,santiago_2017
5,4,63077,distrito,avg_pm10,santiago_2017
1,3,52482,distrito,avg_pm10,santiago_2017
2,3,74131,distrito,avg_pm10,santiago_2017
4,3,72844,distrito,avg_pm10,santiago_2017
5,3,35463,distrito,avg_pm10,santiago_2017
1,1,144117,distrito,avg_pm10,santiago_2017
2,1,117467,distrito,avg_pm10,santiago_2017
4,1,32183,distrito,avg_pm10,santiago_2017
5,1,13170,distrito,avg_pm10,santiago_2017
1,2,84424,distrito,avg_pm10,santiago_2017
2,2,70823,distrito,avg_pm10,santiago_2017
4,2,36367,distrito,avg_pm10,santiago_2017
5,2,20465,distrito,avg_pm10,santiago_2017
3,4,43225,distrito,avg_pm10,santiago_2017
3,5,8391,distrito,avg_pm10,santiago_2017
3,3,51430,distrito,avg_pm10,santiago_2017
3,1,75329,distrito,avg_pm10,santiago_2017
3,2,84832,distrito,avg_pm10,santiago_2017
1,5,8872,distrito,hrs_d_pm25_it1,santiago_2017
2,5,27595,distrito,hrs_d_pm25_it1,santiago_2017
4,5,43812,distrito,hrs_d_pm25_it1,santiago_2017
5,5,84021,distrito,hrs_d_pm25_it1,santiago_2017
1,4,41781,distrito,hrs_d_pm25_it1,santiago_2017
2,4,68871,distrito,hrs_d_pm25_it1,santiago_2017
4,4,74099,distrito,hrs_d_pm25_it1,santiago_2017
5,4,63077,distrito,hrs_d_pm25_it1,santiago_2017
1,3,52482,distrito,hrs_d_pm25_it1,santiago_2017
2,3,74131,distrito,hrs_d_pm25_it1,santiago_2017
4,3,72844,distrito,hrs_d_pm25_it1,santiago_2017
5,3,35463,distrito,hrs_d_pm25_it1,santiago_2017
1,1,144117,distrito,hrs_d_pm25_it1,santiago_2017
2,1,117467,distrito,hrs_d_pm25_it1,santiago_2017
4,1,32183,distrito,hrs_d_pm25_it1,santiago_2017
5,1,13170,distrito,hrs_d_pm25_it1,santiago_2017
1,2,84424,distrito,hrs_d_pm25_it1,santiago_2017
2,2,70823,distrito,hrs_d_pm25_it1,santiago_2017
4,2,36367,distrito,hrs_d_pm25_it1,santiago_2017
5,2,20465,distrito,hrs_d_pm25_it1,santiago_2017
3,4,43225,distrito,hrs_d_pm25_it1,santiago_2017
3,5,8391,distrito,hrs_d_pm25_it1,santiago_2017
3,3,51430,distrito,hrs_d_pm25_it1,santiago_2017
3,1,75329,distrito,hrs_d_pm25_it1,santiago_2017
3,2,84832,distrito,hrs_d_pm25_it1,santiago_2017
1,5,8872,distrito,hrs_d_pm25_it2,santiago_2017
2,5,27595,distrito,hrs_d_pm25_it2,santiago_2017
4,5,43812,distrito,hrs_d_pm25_it2,santiago_2017
5,5,84021,distrito,hrs_d_pm25_it2,santiago_2017
1,4,41781,distrito,hrs_d_pm25_it2,santiago_2017
2,4,68871,distrito,hrs_d_pm25_it2,santiago_2017
4,4,74099,distrito,hrs_d_pm25_it2,santiago_2017
5,4,63077,distrito,hrs_d_pm25_it2,santiago_2017
1,3,52482,distrito,hrs_d_pm25_it2,santiago_2017
2,3,74131,distrito,hrs_d_pm25_it2,santiago_2017
4,3,72844,distrito,hrs_d_pm25_it2,santiago_2017
5,3,35463,distrito,hrs_d_pm25_it2,santiago_2017
1,1,144117,distrito,hrs_d_pm25_it2,santiago_2017
2,1,117467,distrito,hrs_d_pm25_it2,santiago_2017
4,1,32183,distrito,hrs_d_pm25_it2,santiago_2017
5,1,13170,distrito,hrs_d_pm25_it2,santiago_2017
1,2,84424,distrito,hrs_d_pm25_it2,santiago_2017
2,2,70823,distrito,hrs_d_pm25_it2,santiago_2017
4,2,36367,distrito,hrs_d_pm25_it2,santiago_2017
5,2,20465,distrito,hrs_d_pm25_it2,santiago_2017
3,4,43225,distrito,hrs_d_pm25_it2,santiago_2017
3,5,8391,distrito,hrs_d_pm25_it2,santiago_2017
3,3,51430,distrito,hrs_d_pm25_it2,santiago_2017
3,1,75329,distrito,hrs_d_pm25_it2,santiago_2017
3,2,84832,distrito,hrs_d_pm25_it2,santiago_2017
1,5,8872,distrito,avg_pm25,santiago_2017
2,5,27595,distrito,avg_pm25,santiago_2017
4,5,43812,distrito,avg_pm25,santiago_2017
5,5,84021,distrito,avg_pm25,santiago_2017
1,4,41781,distrito,avg_pm25,santiago_2017
2,4,68871,distrito,avg_pm25,santiago_2017
4,4,74099,distrito,avg_pm25,santiago_2017
5,4,63077,distrito,avg_pm25,santiago_2017
1,3,52482,distrito,avg_pm25,santiago_2017
2,3,74131,distrito,avg_pm25,santiago_2017
4,3,72844,distrito,avg_pm25,santiago_2017
5,3,35463,distrito,avg_pm25,santiago_2017
1,1,144117,distrito,avg_pm25,santiago_2017
2,1,117467,distrito,avg_pm25,santiago_2017
4,1,32183,distrito,avg_pm25,santiago_2017
5,1,13170,distrito,avg_pm25,santiago_2017
1,2,84424,distrito,avg_pm25,santiago_2017
2,2,70823,distrito,avg_pm25,santiago_2017
4,2,36367,distrito,avg_pm25,santiago_2017
5,2,20465,distrito,avg_pm25,santiago_2017
3,4,43225,distrito,avg_pm25,santiago_2017
3,5,8391,distrito,avg_pm25,santiago_2017
3,3,51430,distrito,avg_pm25,santiago_2017
3,1,75329,distrito,avg_pm25,santiago_2017
3,2,84832,distrito,avg_pm25,santiago_2017
1,5,28225,comuna,hrs_d_pm10_it1,santiago_2017
2,5,69899,comuna,hrs_d_pm10_it1,santiago_2017
4,5,65943,comuna,hrs_d_pm10_it1,santiago_2017
5,5,98770,comuna,hrs_d_pm10_it1,santiago_2017
1,2,76547,comuna,hrs_d_pm10_it1,santiago_2017
2,2,59782,comuna,hrs_d_pm10_it1,santiago_2017
4,2,42915,comuna,hrs_d_pm10_it1,santiago_2017
5,2,27630,comuna,hrs_d_pm10_it1,santiago_2017
1,1,138303,comuna,hrs_d_pm10_it1,santiago_2017
2,1,115256,comuna,hrs_d_pm10_it1,santiago_2017
4,1,39202,comuna,hrs_d_pm10_it1,santiago_2017
5,1,17960,comuna,hrs_d_pm10_it1,santiago_2017
1,3,46880,comuna,hrs_d_pm10_it1,santiago_2017
2,3,52812,comuna,hrs_d_pm10_it1,santiago_2017
4,3,61342,comuna,hrs_d_pm10_it1,santiago_2017
5,3,27560,comuna,hrs_d_pm10_it1,santiago_2017
1,4,41721,comuna,hrs_d_pm10_it1,santiago_2017
2,4,61138,comuna,hrs_d_pm10_it1,santiago_2017
4,4,49903,comuna,hrs_d_pm10_it1,santiago_2017
5,4,44276,comuna,hrs_d_pm10_it1,santiago_2017
3,4,33927,comuna,hrs_d_pm10_it1,santiago_2017
3,1,83996,comuna,hrs_d_pm10_it1,santiago_2017
3,5,11033,comuna,hrs_d_pm10_it1,santiago_2017
3,3,35334,comuna,hrs_d_pm10_it1,santiago_2017
3,2,98917,comuna,hrs_d_pm10_it1,santiago_2017
1,5,28225,comuna,hrs_d_pm10_it2,santiago_2017
2,5,69899,comuna,hrs_d_pm10_it2,santiago_2017
4,5,65943,comuna,hrs_d_pm10_it2,santiago_2017
5,5,98770,comuna,hrs_d_pm10_it2,santiago_2017
1,2,76547,comuna,hrs_d_pm10_it2,santiago_2017
2,2,59782,comuna,hrs_d_pm10_it2,santiago_2017
4,2,42915,comuna,hrs_d_pm10_it2,santiago_2017
5,2,27630,comuna,hrs_d_pm10_it2,santiago_2017
1,1,138303,comuna,hrs_d_pm10_it2,santiago_2017
2,1,115256,comuna,hrs_d_pm10_it2,santiago_2017
4,1,39202,comuna,hrs_d_pm10_it2,santiago_2017
5,1,17960,comuna,hrs_d_pm10_it2,santiago_2017
1,3,46880,comuna,hrs_d_pm10_it2,santiago_2017
2,3,52812,comuna,hrs_d_pm10_it2,santiago_2017
4,3,61342,comuna,hrs_d_pm10_it2,santiago_2017
5,3,27560,comuna,hrs_d_pm10_it2,santiago_2017
1,4,41721,comuna,hrs_d_pm10_it2,santiago_2017
2,4,61138,comuna,hrs_d_pm10_it2,santiago_2017
4,4,49903,comuna,hrs_d_pm10_it2,santiago_2017
5,4,44276,comuna,hrs_d_pm10_it2,santiago_2017
3,4,33927,comuna,hrs_d_pm10_it2,santiago_2017
3,1,83996,comuna,hrs_d_pm10_it2,santiago_2017
3,5,11033,comuna,hrs_d_pm10_it2,santiago_2017
3,3,35334,comuna,hrs_d_pm10_it2,santiago_2017
3,2,98917,comuna,hrs_d_pm10_it2,santiago_2017
1,5,28225,comuna,avg_pm10,santiago_2017
2,5,69899,comuna,avg_pm10,santiago_2017
4,5,65943,comuna,avg_pm10,santiago_2017
5,5,98770,comuna,avg_pm10,santiago_2017
1,2,76547,comuna,avg_pm10,santiago_2017
2,2,59782,comuna,avg_pm10,santiago_2017
4,2,42915,comuna,avg_pm10,santiago_2017
5,2,27630,comuna,avg_pm10,santiago_2017
1,1,138303,comuna,avg_pm10,santiago_2017
2,1,115256,comuna,avg_pm10,santiago_2017
4,1,39202,comuna,avg_pm10,santiago_2017
5,1,17960,comuna,avg_pm10,santiago_2017
1,3,46880,comuna,avg_pm10,santiago_2017
2,3,52812,comuna,avg_pm10,santiago_2017
4,3,61342,comuna,avg_pm10,santiago_2017
5,3,27560,comuna,avg_pm10,santiago_2017
1,4,41721,comuna,avg_pm10,santiago_2017
2,4,61138,comuna,avg_pm10,santiago_2017
4,4,49903,comuna,avg_pm10,santiago_2017
5,4,44276,comuna,avg_pm10,santiago_2017
3,4,33927,comuna,avg_pm10,santiago_2017
3,1,83996,comuna,avg_pm10,santiago_2017
3,5,11033,comuna,avg_pm10,santiago_2017
3,3,35334,comuna,avg_pm10,santiago_2017
3,2,98917,comuna,avg_pm10,santiago_2017
1,5,28225,comuna,hrs_d_pm25_it1,santiago_2017
2,5,69899,comuna,hrs_d_pm25_it1,santiago_2017
4,5,65943,comuna,hrs_d_pm25_it1,santiago_2017
5,5,98770,comuna,hrs_d_pm25_it1,santiago_2017
1,2,76547,comuna,hrs_d_pm25_it1,santiago_2017
2,2,59782,comuna,hrs_d_pm25_it1,santiago_2017
4,2,42915,comuna,hrs_d_pm25_it1,santiago_2017
5,2,27630,comuna,hrs_d_pm25_it1,santiago_2017
1,1,138303,comuna,hrs_d_pm25_it1,santiago_2017
2,1,115256,comuna,hrs_d_pm25_it1,santiago_2017
4,1,39202,comuna,hrs_d_pm25_it1,santiago_2017
5,1,17960,comuna,hrs_d_pm25_it1,santiago_2017
1,3,46880,comuna,hrs_d_pm25_it1,santiago_2017
2,3,52812,comuna,hrs_d_pm25_it1,santiago_2017
4,3,61342,comuna,hrs_d_pm25_it1,santiago_2017
5,3,27560,comuna,hrs_d_pm25_it1,santiago_2017
1,4,41721,comuna,hrs_d_pm25_it1,santiago_2017
2,4,61138,comuna,hrs_d_pm25_it1,santiago_2017
4,4,49903,comuna,hrs_d_pm25_it1,santiago_2017
5,4,44276,comuna,hrs_d_pm25_it1,santiago_2017
3,4,33927,comuna,hrs_d_pm25_it1,santiago_2017
3,1,83996,comuna,hrs_d_pm25_it1,santiago_2017
3,5,11033,comuna,hrs_d_pm25_it1,santiago_2017
3,3,35334,comuna,hrs_d_pm25_it1,santiago_2017
3,2,98917,comuna,hrs_d_pm25_it1,santiago_2017
1,5,28225,comuna,hrs_d_pm25_it2,santiago_2017
2,5,69899,comuna,hrs_d_pm25_it2,santiago_2017
4,5,65943,comuna,hrs_d_pm25_it2,santiago_2017
5,5,98770,comuna,hrs_d_pm25_it2,santiago_2017
1,2,76547,comuna,hrs_d_pm25_it2,santiago_2017
2,2,59782,comuna,hrs_d_pm25_it2,santiago_2017
4,2,42915,comuna,hrs_d_pm25_it2,santiago_2017
5,2,27630,comuna,hrs_d_pm25_it2,santiago_2017
1,1,138303,comuna,hrs_d_pm25_it2,santiago_2017
2,1,115256,comuna,hrs_d_pm25_it2,santiago_2017
4,1,39202,comuna,hrs_d_pm25_it2,santiago_2017
5,1,17960,comuna,hrs_d_pm25_it2,santiago_2017
1,3,46880,comuna,hrs_d_pm25_it2,santiago_2017
2,3,52812,comuna,hrs_d_pm25_it2,santiago_2017
4,3,61342,comuna,hrs_d_pm25_it2,santiago_2017
5,3,27560,comuna,hrs_d_pm25_it2,santiago_2017
1,4,41721,comuna,hrs_d_pm25_it2,santiago_2017
2,4,61138,comuna,hrs_d_pm25_it2,santiago_2017
4,4,49903,comuna,hrs_d_pm25_it2,santiago_2017
5,4,44276,comuna,hrs_d_pm25_it2,santiago_2017
3,4,33927,comuna,hrs_d_pm25_it2,santiago_2017
3,1,83996,comuna,hrs_d_pm25_it2,santiago_2017
3,5,11033,comuna,hrs_d_pm25_it2,santiago_2017
3,3,35334,comuna,hrs_d_pm25_it2,santiago_2017
3,2,98917,comuna,hrs_d_pm25_it2,santiago_2017
1,5,28225,comuna,avg_pm25,santiago_2017
2,5,69899,comuna,avg_pm25,santiago_2017
4,5,65943,comuna,avg_pm25,santiago_2017
5,5,98770,comuna,avg_pm25,santiago_2017
1,2,76547,comuna,avg_pm25,santiago_2017
2,2,59782,comuna,avg_pm25,santiago_2017
4,2,42915,comuna,avg_pm25,santiago_2017
5,2,27630,comuna,avg_pm25,santiago_2017
1,1,138303,comuna,avg_pm25,santiago_2017
2,1,115256,comuna,avg_pm25,santiago_2017
4,1,39202,comuna,avg_pm25,santiago_2017
5,1,17960,comuna,avg_pm25,santiago_2017
1,3,46880,comuna,avg_pm25,santiago_2017
2,3,52812,comuna,avg_pm25,santiago_2017
4,3,61342,comuna,avg_pm25,santiago_2017
5,3,27560,comuna,avg_pm25,santiago_2017
1,4,41721,comuna,avg_pm25,santiago_2017
2,4,61138,comuna,avg_pm25,santiago_2017
4,4,49903,comuna,avg_pm25,santiago_2017
5,4,44276,comuna,avg_pm25,santiago_2017
3,4,33927,comuna,avg_pm25,santiago_2017
3,1,83996,comuna,avg_pm25,santiago_2017
3,5,11033,comuna,avg_pm25,santiago_2017
3,3,35334,comuna,avg_pm25,santiago_2017
3,2,98917,comuna,avg_pm25,santiago_2017
1,3,117954.888804992,fine,hrs_d_pm10_it1,sao_paulo_2010
2,3,132716.646149666,fine,hrs_d_pm10_it1,sao_paulo_2010
3,3,132916.376807758,fine,hrs_d_pm10_it1,sao_paulo_2010
5,3,60947.2394571031,fine,hrs_d_pm10_it1,sao_paulo_2010
1,1,125666.222982802,fine,hrs_d_pm10_it1,sao_paulo_2010
2,1,135438.402600504,fine,hrs_d_pm10_it1,sao_paulo_2010
3,1,100777.174006754,fine,hrs_d_pm10_it1,sao_paulo_2010
5,1,46035.752259118,fine,hrs_d_pm10_it1,sao_paulo_2010
1,2,128869.850936197,fine,hrs_d_pm10_it1,sao_paulo_2010
2,2,146488.009533549,fine,hrs_d_pm10_it1,sao_paulo_2010
3,2,132687.237685924,fine,hrs_d_pm10_it1,sao_paulo_2010
5,2,36994.8524631671,fine,hrs_d_pm10_it1,sao_paulo_2010
1,4,122645.124881962,fine,hrs_d_pm10_it1,sao_paulo_2010
2,4,133100.248691111,fine,hrs_d_pm10_it1,sao_paulo_2010
3,4,150582.800094525,fine,hrs_d_pm10_it1,sao_paulo_2010
5,4,179738.538207967,fine,hrs_d_pm10_it1,sao_paulo_2010
1,5,62736.1997824294,fine,hrs_d_pm10_it1,sao_paulo_2010
2,5,59957.6363090726,fine,hrs_d_pm10_it1,sao_paulo_2010
3,5,90068.2396843723,fine,hrs_d_pm10_it1,sao_paulo_2010
5,5,461681.020958014,fine,hrs_d_pm10_it1,sao_paulo_2010
4,3,133067.674590902,fine,hrs_d_pm10_it1,sao_paulo_2010
4,1,60267.1212157476,fine,hrs_d_pm10_it1,sao_paulo_2010
4,4,194497.006411832,fine,hrs_d_pm10_it1,sao_paulo_2010
4,5,189969.373884453,fine,hrs_d_pm10_it1,sao_paulo_2010
4,2,75581.1502904837,fine,hrs_d_pm10_it1,sao_paulo_2010
1,3,117954.888804992,fine,hrs_d_pm10_it2,sao_paulo_2010
2,3,132716.646149666,fine,hrs_d_pm10_it2,sao_paulo_2010
3,3,132916.376807758,fine,hrs_d_pm10_it2,sao_paulo_2010
5,3,60947.2394571031,fine,hrs_d_pm10_it2,sao_paulo_2010
1,1,125666.222982802,fine,hrs_d_pm10_it2,sao_paulo_2010
2,1,135438.402600504,fine,hrs_d_pm10_it2,sao_paulo_2010
3,1,100777.174006754,fine,hrs_d_pm10_it2,sao_paulo_2010
5,1,46035.752259118,fine,hrs_d_pm10_it2,sao_paulo_2010
1,2,128869.850936197,fine,hrs_d_pm10_it2,sao_paulo_2010
2,2,146488.009533549,fine,hrs_d_pm10_it2,sao_paulo_2010
3,2,132687.237685924,fine,hrs_d_pm10_it2,sao_paulo_2010
5,2,36994.8524631671,fine,hrs_d_pm10_it2,sao_paulo_2010
1,4,122645.124881962,fine,hrs_d_pm10_it2,sao_paulo_2010
2,4,133100.248691111,fine,hrs_d_pm10_it2,sao_paulo_2010
3,4,150582.800094525,fine,hrs_d_pm10_it2,sao_paulo_2010
5,4,179738.538207967,fine,hrs_d_pm10_it2,sao_paulo_2010
1,5,62736.1997824294,fine,hrs_d_pm10_it2,sao_paulo_2010
2,5,59957.6363090726,fine,hrs_d_pm10_it2,sao_paulo_2010
3,5,90068.2396843723,fine,hrs_d_pm10_it2,sao_paulo_2010
5,5,461681.020958014,fine,hrs_d_pm10_it2,sao_paulo_2010
4,3,133067.674590902,fine,hrs_d_pm10_it2,sao_paulo_2010
4,1,60267.1212157476,fine,hrs_d_pm10_it2,sao_paulo_2010
4,4,194497.006411832,fine,hrs_d_pm10_it2,sao_paulo_2010
4,5,189969.373884453,fine,hrs_d_pm10_it2,sao_paulo_2010
4,2,75581.1502904837,fine,hrs_d_pm10_it2,sao_paulo_2010
1,3,117954.888804992,fine,avg_pm10,sao_paulo_2010
2,3,132716.646149666,fine,avg_pm10,sao_paulo_2010
3,3,132916.376807758,fine,avg_pm10,sao_paulo_2010
5,3,60947.2394571031,fine,avg_pm10,sao_paulo_2010
1,1,125666.222982802,fine,avg_pm10,sao_paulo_2010
2,1,135438.402600504,fine,avg_pm10,sao_paulo_2010
3,1,100777.174006754,fine,avg_pm10,sao_paulo_2010
5,1,46035.752259118,fine,avg_pm10,sao_paulo_2010
1,2,128869.850936197,fine,avg_pm10,sao_paulo_2010
2,2,146488.009533549,fine,avg_pm10,sao_paulo_2010
3,2,132687.237685924,fine,avg_pm10,sao_paulo_2010
5,2,36994.8524631671,fine,avg_pm10,sao_paulo_2010
1,4,122645.124881962,fine,avg_pm10,sao_paulo_2010
2,4,133100.248691111,fine,avg_pm10,sao_paulo_2010
3,4,150582.800094525,fine,avg_pm10,sao_paulo_2010
5,4,179738.538207967,fine,avg_pm10,sao_paulo_2010
1,5,62736.1997824294,fine,avg_pm10,sao_paulo_2010
2,5,59957.6363090726,fine,avg_pm10,sao_paulo_2010
3,5,90068.2396843723,fine,avg_pm10,sao_paulo_2010
5,5,461681.020958014,fine,avg_pm10,sao_paulo_2010
4,3,133067.674590902,fine,avg_pm10,sao_paulo_2010
4,1,60267.1212157476,fine,avg_pm10,sao_paulo_2010
4,4,194497.006411832,fine,avg_pm10,sao_paulo_2010
4,5,189969.373884453,fine,avg_pm10,sao_paulo_2010
4,2,75581.1502904837,fine,avg_pm10,sao_paulo_2010
1,3,82605.5061128364,fine,hrs_d_pm25_it1,sao_paulo_2010
2,3,105997.20658312,fine,hrs_d_pm25_it1,sao_paulo_2010
3,3,97497.0541289796,fine,hrs_d_pm25_it1,sao_paulo_2010
5,3,47407.7590071628,fine,hrs_d_pm25_it1,sao_paulo_2010
1,1,121557.967940384,fine,hrs_d_pm25_it1,sao_paulo_2010
2,1,124267.442604561,fine,hrs_d_pm25_it1,sao_paulo_2010
3,1,94988.167980174,fine,hrs_d_pm25_it1,sao_paulo_2010
5,1,43873.139836575,fine,hrs_d_pm25_it1,sao_paulo_2010
1,2,88311.0501151358,fine,hrs_d_pm25_it1,sao_paulo_2010
2,2,103503.500201946,fine,hrs_d_pm25_it1,sao_paulo_2010
3,2,88387.262596934,fine,hrs_d_pm25_it1,sao_paulo_2010
5,2,27506.9105829597,fine,hrs_d_pm25_it1,sao_paulo_2010
1,5,89186.0183468721,fine,hrs_d_pm25_it1,sao_paulo_2010
2,5,78922.9961974554,fine,hrs_d_pm25_it1,sao_paulo_2010
3,5,117451.35262071,fine,hrs_d_pm25_it1,sao_paulo_2010
5,5,528462.213677299,fine,hrs_d_pm25_it1,sao_paulo_2010
1,4,90396.2583778569,fine,hrs_d_pm25_it1,sao_paulo_2010
2,4,101398.221522956,fine,hrs_d_pm25_it1,sao_paulo_2010
3,4,105656.472929414,fine,hrs_d_pm25_it1,sao_paulo_2010
5,4,134121.891662025,fine,hrs_d_pm25_it1,sao_paulo_2010
4,3,103469.016384898,fine,hrs_d_pm25_it1,sao_paulo_2010
4,1,57273.7212806081,fine,hrs_d_pm25_it1,sao_paulo_2010
4,4,129487.860806341,fine,hrs_d_pm25_it1,sao_paulo_2010
4,5,248670.758066466,fine,hrs_d_pm25_it1,sao_paulo_2010
4,2,46219.5660485017,fine,hrs_d_pm25_it1,sao_paulo_2010
1,3,82605.5061128364,fine,hrs_d_pm25_it2,sao_paulo_2010
2,3,105997.20658312,fine,hrs_d_pm25_it2,sao_paulo_2010
3,3,97497.0541289796,fine,hrs_d_pm25_it2,sao_paulo_2010
5,3,47407.7590071628,fine,hrs_d_pm25_it2,sao_paulo_2010
1,1,121557.967940384,fine,hrs_d_pm25_it2,sao_paulo_2010
2,1,124267.442604561,fine,hrs_d_pm25_it2,sao_paulo_2010
3,1,94988.167980174,fine,hrs_d_pm25_it2,sao_paulo_2010
5,1,43873.139836575,fine,hrs_d_pm25_it2,sao_paulo_2010
1,2,88311.0501151358,fine,hrs_d_pm25_it2,sao_paulo_2010
2,2,103503.500201946,fine,hrs_d_pm25_it2,sao_paulo_2010
3,2,88387.262596934,fine,hrs_d_pm25_it2,sao_paulo_2010
5,2,27506.9105829597,fine,hrs_d_pm25_it2,sao_paulo_2010
1,5,89186.0183468721,fine,hrs_d_pm25_it2,sao_paulo_2010
2,5,78922.9961974554,fine,hrs_d_pm25_it2,sao_paulo_2010
3,5,117451.35262071,fine,hrs_d_pm25_it2,sao_paulo_2010
5,5,528462.213677299,fine,hrs_d_pm25_it2,sao_paulo_2010
1,4,90396.2583778569,fine,hrs_d_pm25_it2,sao_paulo_2010
2,4,101398.221522956,fine,hrs_d_pm25_it2,sao_paulo_2010
3,4,105656.472929414,fine,hrs_d_pm25_it2,sao_paulo_2010
5,4,134121.891662025,fine,hrs_d_pm25_it2,sao_paulo_2010
4,3,103469.016384898,fine,hrs_d_pm25_it2,sao_paulo_2010
4,1,57273.7212806081,fine,hrs_d_pm25_it2,sao_paulo_2010
4,4,129487.860806341,fine,hrs_d_pm25_it2,sao_paulo_2010
4,5,248670.758066466,fine,hrs_d_pm25_it2,sao_paulo_2010
4,2,46219.5660485017,fine,hrs_d_pm25_it2,sao_paulo_2010
1,3,82605.5061128364,fine,avg_pm25,sao_paulo_2010
2,3,105997.20658312,fine,avg_pm25,sao_paulo_2010
3,3,97497.0541289796,fine,avg_pm25,sao_paulo_2010
5,3,47407.7590071628,fine,avg_pm25,sao_paulo_2010
1,1,121557.967940384,fine,avg_pm25,sao_paulo_2010
2,1,124267.442604561,fine,avg_pm25,sao_paulo_2010
3,1,94988.167980174,fine,avg_pm25,sao_paulo_2010
5,1,43873.139836575,fine,avg_pm25,sao_paulo_2010
1,2,88311.0501151358,fine,avg_pm25,sao_paulo_2010
2,2,103503.500201946,fine,avg_pm25,sao_paulo_2010
3,2,88387.262596934,fine,avg_pm25,sao_paulo_2010
5,2,27506.9105829597,fine,avg_pm25,sao_paulo_2010
1,5,89186.0183468721,fine,avg_pm25,sao_paulo_2010
2,5,78922.9961974554,fine,avg_pm25,sao_paulo_2010
3,5,117451.35262071,fine,avg_pm25,sao_paulo_2010
5,5,528462.213677299,fine,avg_pm25,sao_paulo_2010
1,4,90396.2583778569,fine,avg_pm25,sao_paulo_2010
2,4,101398.221522956,fine,avg_pm25,sao_paulo_2010
3,4,105656.472929414,fine,avg_pm25,sao_paulo_2010
5,4,134121.891662025,fine,avg_pm25,sao_paulo_2010
4,3,103469.016384898,fine,avg_pm25,sao_paulo_2010
4,1,57273.7212806081,fine,avg_pm25,sao_paulo_2010
4,4,129487.860806341,fine,avg_pm25,sao_paulo_2010
4,5,248670.758066466,fine,avg_pm25,sao_paulo_2010
4,2,46219.5660485017,fine,avg_pm25,sao_paulo_2010
1,1,115112.64291761,municipio,hrs_d_pm10_it1,sao_paulo_2010
2,1,150767.197415793,municipio,hrs_d_pm10_it1,sao_paulo_2010
3,1,152384.843424059,municipio,hrs_d_pm10_it1,sao_paulo_2010
5,1,36595.9286263793,municipio,hrs_d_pm10_it1,sao_paulo_2010
1,2,104997.888047958,municipio,hrs_d_pm10_it1,sao_paulo_2010
2,2,139258.117206035,municipio,hrs_d_pm10_it1,sao_paulo_2010
3,2,89633.050990571,municipio,hrs_d_pm10_it1,sao_paulo_2010
5,2,85940.5036957922,municipio,hrs_d_pm10_it1,sao_paulo_2010
4,2,51026.2765305708,municipio,hrs_d_pm10_it1,sao_paulo_2010
1,5,337761.756422814,municipio,hrs_d_pm10_it1,sao_paulo_2010
2,5,317675.628662075,municipio,hrs_d_pm10_it1,sao_paulo_2010
3,5,365013.933864703,municipio,hrs_d_pm10_it1,sao_paulo_2010
4,5,602356.049862848,municipio,hrs_d_pm10_it1,sao_paulo_2010
5,5,662860.971023198,municipio,hrs_d_pm10_it1,sao_paulo_2010
1,1,115112.64291761,municipio,hrs_d_pm10_it2,sao_paulo_2010
2,1,150767.197415793,municipio,hrs_d_pm10_it2,sao_paulo_2010
3,1,152384.843424059,municipio,hrs_d_pm10_it2,sao_paulo_2010
5,1,36595.9286263793,municipio,hrs_d_pm10_it2,sao_paulo_2010
1,2,104997.888047958,municipio,hrs_d_pm10_it2,sao_paulo_2010
2,2,139258.117206035,municipio,hrs_d_pm10_it2,sao_paulo_2010
3,2,89633.050990571,municipio,hrs_d_pm10_it2,sao_paulo_2010
5,2,85940.5036957922,municipio,hrs_d_pm10_it2,sao_paulo_2010
4,2,51026.2765305708,municipio,hrs_d_pm10_it2,sao_paulo_2010
1,5,337761.756422814,municipio,hrs_d_pm10_it2,sao_paulo_2010
2,5,317675.628662075,municipio,hrs_d_pm10_it2,sao_paulo_2010
3,5,365013.933864703,municipio,hrs_d_pm10_it2,sao_paulo_2010
4,5,602356.049862848,municipio,hrs_d_pm10_it2,sao_paulo_2010
5,5,662860.971023198,municipio,hrs_d_pm10_it2,sao_paulo_2010
1,1,115112.64291761,municipio,avg_pm10,sao_paulo_2010
2,1,150767.197415793,municipio,avg_pm10,sao_paulo_2010
3,1,152384.843424059,municipio,avg_pm10,sao_paulo_2010
5,1,36595.9286263793,municipio,avg_pm10,sao_paulo_2010
1,2,104997.888047958,municipio,avg_pm10,sao_paulo_2010
2,2,139258.117206035,municipio,avg_pm10,sao_paulo_2010
3,2,89633.050990571,municipio,avg_pm10,sao_paulo_2010
5,2,85940.5036957922,municipio,avg_pm10,sao_paulo_2010
4,2,51026.2765305708,municipio,avg_pm10,sao_paulo_2010
1,5,337761.756422814,municipio,avg_pm10,sao_paulo_2010
2,5,317675.628662075,municipio,avg_pm10,sao_paulo_2010
3,5,365013.933864703,municipio,avg_pm10,sao_paulo_2010
4,5,602356.049862848,municipio,avg_pm10,sao_paulo_2010
5,5,662860.971023198,municipio,avg_pm10,sao_paulo_2010
1,1,76634.548831082,municipio,hrs_d_pm25_it1,sao_paulo_2010
2,1,101355.286420714,municipio,hrs_d_pm25_it1,sao_paulo_2010
3,1,99271.7936056349,municipio,hrs_d_pm25_it1,sao_paulo_2010
5,1,24132.4725600837,municipio,hrs_d_pm25_it1,sao_paulo_2010
1,2,104997.888047958,municipio,hrs_d_pm25_it1,sao_paulo_2010
2,2,139258.117206035,municipio,hrs_d_pm25_it1,sao_paulo_2010
3,2,89633.050990571,municipio,hrs_d_pm25_it1,sao_paulo_2010
5,2,85940.5036957922,municipio,hrs_d_pm25_it1,sao_paulo_2010
4,2,51026.2765305708,municipio,hrs_d_pm25_it1,sao_paulo_2010
1,5,290424.364014045,municipio,hrs_d_pm25_it1,sao_paulo_2010
2,5,273475.963483288,municipio,hrs_d_pm25_it1,sao_paulo_2010
3,5,315075.465660007,municipio,hrs_d_pm25_it1,sao_paulo_2010
4,5,534094.646056244,municipio,hrs_d_pm25_it1,sao_paulo_2010
5,5,671298.938510146,municipio,hrs_d_pm25_it1,sao_paulo_2010
1,1,76634.548831082,municipio,hrs_d_pm25_it2,sao_paulo_2010
2,1,101355.286420714,municipio,hrs_d_pm25_it2,sao_paulo_2010
3,1,99271.7936056349,municipio,hrs_d_pm25_it2,sao_paulo_2010
5,1,24132.4725600837,municipio,hrs_d_pm25_it2,sao_paulo_2010
1,2,104997.888047958,municipio,hrs_d_pm25_it2,sao_paulo_2010
2,2,139258.117206035,municipio,hrs_d_pm25_it2,sao_paulo_2010
3,2,89633.050990571,municipio,hrs_d_pm25_it2,sao_paulo_2010
5,2,85940.5036957922,municipio,hrs_d_pm25_it2,sao_paulo_2010
4,2,51026.2765305708,municipio,hrs_d_pm25_it2,sao_paulo_2010
1,5,290424.364014045,municipio,hrs_d_pm25_it2,sao_paulo_2010
2,5,273475.963483288,municipio,hrs_d_pm25_it2,sao_paulo_2010
3,5,315075.465660007,municipio,hrs_d_pm25_it2,sao_paulo_2010
4,5,534094.646056244,municipio,hrs_d_pm25_it2,sao_paulo_2010
5,5,671298.938510146,municipio,hrs_d_pm25_it2,sao_paulo_2010
1,1,76634.548831082,municipio,avg_pm25,sao_paulo_2010
2,1,101355.286420714,municipio,avg_pm25,sao_paulo_2010
3,1,99271.7936056349,municipio,avg_pm25,sao_paulo_2010
5,1,24132.4725600837,municipio,avg_pm25,sao_paulo_2010
1,2,104997.888047958,municipio,avg_pm25,sao_paulo_2010
2,2,139258.117206035,municipio,avg_pm25,sao_paulo_2010
3,2,89633.050990571,municipio,avg_pm25,sao_paulo_2010
5,2,85940.5036957922,municipio,avg_pm25,sao_paulo_2010
4,2,51026.2765305708,municipio,avg_pm25,sao_paulo_2010
1,5,290424.364014045,municipio,avg_pm25,sao_paulo_2010
2,5,273475.963483288,municipio,avg_pm25,sao_paulo_2010
3,5,315075.465660007,municipio,avg_pm25,sao_paulo_2010
4,5,534094.646056244,municipio,avg_pm25,sao_paulo_2010
5,5,671298.938510146,municipio,avg_pm25,sao_paulo_2010
