level,outcome,native_change,native_selection,procedure_common,baseline_selection,aggregation_common,additional_B_common,reconciliation_error,population_fine,population_native,population_common,city_id
fine,hrs_d_pm10_it1,0,0,0,0,0,0,0,4255038,4255038,4255038,bogota_2018
fine,hrs_d_pm10_it2,0,0,0,0,0,0,0,4255038,4255038,4255038,bogota_2018
fine,avg_pm10,0,0,0,0,0,0,0,4255038,4255038,4255038,bogota_2018
fine,hrs_d_pm25_it1,0,0,0,0,0,0,0,4251366,4251366,4251366,bogota_2018
fine,hrs_d_pm25_it2,0,0,0,0,0,0,0,4251366,4251366,4251366,bogota_2018
fine,avg_pm25,5.32907051820075e-15,0,5.32907051820075e-15,0,0,5.32907051820075e-15,0,4251366,4251366,4251366,bogota_2018
seccion,hrs_d_pm10_it1,-0.207513387853151,0.118576137934557,-0.132834509132245,-0.193255016655463,-0.0343118558520636,-0.0985226532801811,0,4255038,4234229,4154476,bogota_2018
seccion,hrs_d_pm10_it2,-0.416533065340843,-0.015731622615462,-0.384452996478188,-0.0163484462471928,-0.144992552635955,-0.239460443842233,0,4255038,4234229,4154476,bogota_2018
seccion,avg_pm10,-0.0846876369007426,0.00528854220200969,-0.0578617991310608,-0.0321143799716914,-0.000197955274853001,-0.0576638438562078,0,4255038,4234229,4154476,bogota_2018
seccion,hrs_d_pm25_it1,-0.20240950200311,0.0831288470999336,-0.248646433753724,-0.0368919153493206,-0.0423305967329739,-0.20631583702075,0,4251366,4228451,4150804,bogota_2018
seccion,hrs_d_pm25_it2,-1.41043238019863,-0.0334217397929422,-0.893030339963801,-0.483980300441885,-0.254756345978379,-0.638273993985422,0,4251366,4228451,4150804,bogota_2018
seccion,avg_pm25,-0.0388339795679027,-0.00299762351512634,-0.0271029269693717,-0.00873342908340469,-0.000411265072633782,-0.0266916618967379,0,4251366,4228451,4150804,bogota_2018
sector,hrs_d_pm10_it1,-3.12006085622418,-0.493033484613857,-0.675798451956531,-1.95122891965379,-0.00793342689037146,-0.66786502506616,0,4255038,4100522,3973908,bogota_2018
sector,hrs_d_pm10_it2,-7.09371675623783,-1.54174159602553,-2.62072019013195,-2.93125497008035,-1.16298890496192,-1.45773128517003,0,4255038,4100522,3973908,bogota_2018
sector,avg_pm10,-0.429416568679876,-0.0696756789807012,-0.180866332508852,-0.178874557190323,-0.0341833928184734,-0.146682939690379,0,4255038,4100522,3973908,bogota_2018
sector,hrs_d_pm25_it1,-1.18677892392615,-0.21728639749519,-0.208430254494772,-0.761062271936185,-0.0226846875295728,-0.185745566965199,0,4251366,4096457,3971949,bogota_2018
sector,hrs_d_pm25_it2,-6.13786482228861,-1.11953781461763,-2.00399264686831,-3.01433436080266,-1.00836655139746,-0.995626095470854,0,4251366,4096457,3971949,bogota_2018
sector,avg_pm25,-0.115772705806293,-0.0298210329536168,-0.0394002926121164,-0.0465513802405599,-0.0196446715222738,-0.0197556210898426,0,4251366,4096457,3971949,bogota_2018
localidad,hrs_d_pm10_it1,-19.2627655552299,-0.35230323683067,0.984080029175154,-19.8945423475744,0.0753678171838466,0.908712211991308,-3.5527136788005e-15,4255038,3401841,2951799,bogota_2018
localidad,hrs_d_pm10_it2,-52.5541484114816,-6.3208358792377,6.39675935476832,-52.6300718870122,-2.11260914689034,8.50936850165866,0,4255038,3401841,2951799,bogota_2018
localidad,avg_pm10,-3.0656291550437,-0.523194998123948,-1.17073145033979,-1.37170270657996,-1.34579832090157,0.175066870561782,0,4255038,3401841,2951799,bogota_2018
localidad,hrs_d_pm25_it1,-9.72103550050008,-0.120680436548928,-1.98650698004463,-7.61384808390652,-0.9915078220064,-0.994999158038232,0,4251366,3401841,2951799,bogota_2018
localidad,hrs_d_pm25_it2,-43.0175434642949,-5.31288193012598,-15.3316062308761,-22.3730553032928,-11.4216900124541,-3.90991621842202,0,4251366,3401841,2951799,bogota_2018
localidad,avg_pm25,-0.846664317369587,-0.259333520502032,-0.604718488919049,0.0173876920514946,-0.66805001364351,0.063331524724461,0,4251366,3401841,2951799,bogota_2018
municipio,hrs_d_pm10_it1,-20.8527134768801,0,-0.349743928472521,-20.5029695484076,-0.202723573180437,-0.147020355292084,0,4255038,224520,126498,bogota_2018
municipio,hrs_d_pm10_it2,-84.6538089507854,-0.745745632030964,-5.63008709332677,-78.2779762254276,-4.35760003235054,-1.27248706097623,0,4255038,224520,126498,bogota_2018
municipio,avg_pm10,-7.03346108601732,-0.954537751096421,-0.394852039511616,-5.68407129540928,-0.336542889951144,-0.058309149560472,0,4255038,224520,126498,bogota_2018
municipio,hrs_d_pm25_it1,-10.3653092227535,0.0643222599785153,-0.236918894710875,-10.1927125880211,-0.119160810067013,-0.117758084643862,1.77635683940025e-15,4251366,224520,126498,bogota_2018
municipio,hrs_d_pm25_it2,-72.4129719962211,-2.66892459740006,-7.13417914484461,-62.6098682539764,-5.04235101108909,-2.09182813375552,0,4251366,224520,126498,bogota_2018
municipio,avg_pm25,-2.88883334421189,-0.437087930437306,-0.317574222136619,-2.13417119163796,-0.226577489974007,-0.0909967321626119,0,4251366,224520,126498,bogota_2018
fine,hrs_d_pm10_it1,0,0,0,0,0,0,0,1429271,1429271,1429271,santiago_2017
fine,hrs_d_pm10_it2,0,0,0,0,0,0,0,1429271,1429271,1429271,santiago_2017
fine,avg_pm10,0,0,0,0,0,0,0,1429271,1429271,1429271,santiago_2017
fine,hrs_d_pm25_it1,0,0,0,0,0,0,0,1429271,1429271,1429271,santiago_2017
fine,hrs_d_pm25_it2,0,0,0,0,0,0,0,1429271,1429271,1429271,santiago_2017
fine,avg_pm25,0,0,0,0,0,0,0,1429271,1429271,1429271,santiago_2017
distrito,hrs_d_pm10_it1,15.675167664344,13.4022372603651,0.420546407364157,1.85238399661478,0.210742109533555,0.209804297830601,0,1429271,1404378,1251147,santiago_2017
distrito,hrs_d_pm10_it2,34.3277610103085,38.7433080726273,1.0220886712234,-5.43763573354227,0.803774022835569,0.218314648387832,0,1429271,1404378,1251147,santiago_2017
distrito,avg_pm10,0.648512938992226,0.723745586858698,0.0164028564786918,-0.0916355043451631,0.0085909733117262,0.00781188316696557,0,1429271,1404378,1251147,santiago_2017
distrito,hrs_d_pm25_it1,8.47441209030964,0.689889274662534,-0.0261151130434598,7.81063792869057,0.0371461515271108,-0.0632612645705706,0,1429271,1404378,1251147,santiago_2017
distrito,hrs_d_pm25_it2,19.3574342941135,13.3606512103175,0.999401934617595,4.99738114917841,0.578258188285986,0.421143746331609,0,1429271,1404378,1251147,santiago_2017
distrito,avg_pm25,0.215244540599208,0.138327252923986,0.00807605287061008,0.0688412348046121,9.8763475229191e-06,0.00806617652308717,0,1429271,1404378,1251147,santiago_2017
comuna,hrs_d_pm10_it1,96.0998739996397,101.517384525575,-2.16198671372285,-3.25552381221269,-0.0236528067688937,-2.13833390695396,0,1429271,1449393,971812,santiago_2017
comuna,hrs_d_pm10_it2,225.302178603357,261.273732640979,-1.25802159562477,-34.7135324419976,-1.14399925383987,-0.114022341784903,0,1429271,1449393,971812,santiago_2017
comuna,avg_pm10,3.5125815012354,4.52052265401419,-0.143151651562974,-0.864789501215824,-0.0360600159514775,-0.107091635611496,0,1429271,1449393,971812,santiago_2017
comuna,hrs_d_pm25_it1,47.7131879866,25.7076561327144,1.88647729441558,20.11905455947,-0.0309525986542667,1.91742989306985,0,1429271,1449393,971812,santiago_2017
comuna,hrs_d_pm25_it2,152.968857670435,126.751497750136,5.07987877340815,21.1374811468909,2.47180802202547,2.60807075138268,0,1429271,1449393,971812,santiago_2017
comuna,avg_pm25,1.33635173268812,1.16602553966068,0.00180771983971084,0.168518473187735,0.0223740195215889,-0.0205662996818781,0,1429271,1449393,971812,santiago_2017
fine,hrs_d_pm10_it1,0,0,0,0,0,0,0,3211384.78869041,3211384.78869041,3211384.78869041,sao_paulo_2010
fine,hrs_d_pm10_it2,0,0,0,0,0,0,0,3211384.78869041,3211384.78869041,3211384.78869041,sao_paulo_2010
fine,avg_pm10,0,0,0,0,0,0,0,3211384.78869041,3211384.78869041,3211384.78869041,sao_paulo_2010
fine,hrs_d_pm25_it1,0,0,0,0,1.77635683940025e-15,-1.77635683940025e-15,0,2856619.31561217,2856619.31561217,2856619.31561217,sao_paulo_2010
fine,hrs_d_pm25_it2,0,0,0,0,0,0,0,2856619.31561217,2856619.31561217,2856619.31561217,sao_paulo_2010
fine,avg_pm25,0,0,0,0,3.5527136788005e-15,-3.5527136788005e-15,0,2856619.31561217,2856619.31561217,2856619.31561217,sao_paulo_2010
municipio,hrs_d_pm10_it1,-2.10561898860162,0.767380411079951,-0.188954936856126,-2.68404446282545,-0.267281214540851,0.0783262776847247,0,3211384.78869041,1134538.04332875,746182.288595823,sao_paulo_2010
municipio,hrs_d_pm10_it2,-16.3204809026554,3.5705234479255,-0.677812835615896,-19.213191514965,-0.811479169284425,0.133666333668529,0,3211384.78869041,1134538.04332875,746182.288595823,sao_paulo_2010
municipio,avg_pm10,-0.808933449911404,0.0577145723438655,-0.00891832749016785,-0.857729694765101,0.000842980532219428,-0.00976130802238728,0,3211384.78869041,1134538.04332875,746182.288595823,sao_paulo_2010
municipio,hrs_d_pm25_it1,-8.92071679478812,-0.671521607957097,1.45359888671473,-9.70279407354575,2.37411016036892,-0.920511273654192,0,2856619.31561217,848104.879456181,498064.977619388,sao_paulo_2010
municipio,hrs_d_pm25_it2,-46.3954960047258,-3.14195633561178,13.6085751799459,-56.8621148490599,16.0769088417275,-2.4683336617816,0,2856619.31561217,848104.879456181,498064.977619388,sao_paulo_2010
municipio,avg_pm25,-0.88648681421034,-0.0393877116581578,0.242670055460577,-1.08976915801276,0.355847130730227,-0.11317707526965,0,2856619.31561217,848104.879456181,498064.977619388,sao_paulo_2010
