level,outcome,baseline_variance,retained_variance,within_variance,share_retained,aggregation_population,city_id
fine,hrs_d_pm10_it1,6378.19148124241,6378.19148124241,0,1,4344885,bogota_2018
fine,hrs_d_pm10_it2,37081.0106638309,37081.0106638309,0,1,4344885,bogota_2018
fine,avg_pm10,112.43382581951,112.43382581951,2.14404161526582e-30,1,4344885,bogota_2018
fine,hrs_d_pm25_it1,652.056302704858,652.056302704858,0,1,4341174,bogota_2018
fine,hrs_d_pm25_it2,17071.5193951222,17071.5193951222,0,1,4341174,bogota_2018
fine,avg_pm25,18.330724379516,18.330724379516,3.97111854350552e-31,1,4341174,bogota_2018
seccion,hrs_d_pm10_it1,6378.19148124241,6350.11564363876,28.0758376036639,0.995598150716199,4344885,bogota_2018
seccion,hrs_d_pm10_it2,37081.0106638309,36689.3432667423,391.667397088747,0.989437520982386,4344885,bogota_2018
seccion,avg_pm10,112.43382581951,111.410384652112,1.02344116739688,0.990897390888036,4344885,bogota_2018
seccion,hrs_d_pm25_it1,652.056302704858,638.711708179003,13.3445945258554,0.979534597747926,4341174,bogota_2018
seccion,hrs_d_pm25_it2,17071.5193951222,16846.1349380605,225.384457061797,0.98679763342412,4341174,bogota_2018
seccion,avg_pm25,18.330724379516,18.1676472108524,0.163077168663662,0.991103615695304,4341174,bogota_2018
sector,hrs_d_pm10_it1,6378.19148124241,6191.81452471499,186.376956527435,0.970779027710984,4344885,bogota_2018
sector,hrs_d_pm10_it2,37081.0106638309,35981.0721876582,1099.93847617285,0.970336879807712,4344885,bogota_2018
sector,avg_pm10,112.43382581951,109.299579918278,3.13424590123095,0.972123639141625,4344885,bogota_2018
sector,hrs_d_pm25_it1,652.056302704858,607.614293470542,44.442009234323,0.931843294743166,4341174,bogota_2018
sector,hrs_d_pm25_it2,17071.5193951222,16341.6976022411,729.821792881019,0.957249160078301,4341174,bogota_2018
sector,avg_pm25,18.330724379516,17.7983754550686,0.532348924447353,0.970958653164721,4341174,bogota_2018
localidad,hrs_d_pm10_it1,6378.19148124241,5509.13437997817,869.057101264245,0.863745529775949,4344885,bogota_2018
localidad,hrs_d_pm10_it2,37081.0106638309,32045.2672151004,5035.74344873032,0.864196165137363,4344885,bogota_2018
localidad,avg_pm10,112.43382581951,91.8670799431212,20.5667458763882,0.817076882988892,4344885,bogota_2018
localidad,hrs_d_pm25_it1,652.056302704858,379.05726025067,272.999042454193,0.581325966298103,4341174,bogota_2018
localidad,hrs_d_pm25_it2,17071.5193951222,12802.1811759044,4269.33821921753,0.7499145728975,4341174,bogota_2018
localidad,avg_pm25,18.330724379516,14.3708736250624,3.95985075445397,0.783977399230405,4341174,bogota_2018
municipio,hrs_d_pm10_it1,6378.19148124241,5420.22792735614,957.963553886287,0.849806397831808,4344885,bogota_2018
municipio,hrs_d_pm10_it2,37081.0106638309,23301.7374988567,13779.2731649745,0.628400819764746,4344885,bogota_2018
municipio,avg_pm10,112.43382581951,30.2341246407546,82.1997011787542,0.268905949080568,4344885,bogota_2018
municipio,hrs_d_pm25_it1,652.056302704858,304.832486965138,347.223815739724,0.467494119297112,4341174,bogota_2018
municipio,hrs_d_pm25_it2,17071.5193951222,4512.32554465685,12559.1938504654,0.264318918557779,4341174,bogota_2018
municipio,avg_pm25,18.330724379516,2.85362094620183,15.4771034333144,0.155674205073459,4341174,bogota_2018
fine,hrs_d_pm10_it1,22154.6323521463,22154.6323521463,0,1,1470691,santiago_2017
fine,hrs_d_pm10_it2,90788.8933919365,90788.8933919365,0,1,1470691,santiago_2017
fine,avg_pm10,27.1739952055051,27.1739952055051,3.68856387835921e-30,1,1470691,santiago_2017
fine,hrs_d_pm25_it1,18599.564515946,18599.564515946,0,1,1470691,santiago_2017
fine,hrs_d_pm25_it2,62277.3268569807,62277.3268569807,0,1,1470691,santiago_2017
fine,avg_pm25,4.9719028018584,4.9719028018584,1.41136967530295e-30,1,1470691,santiago_2017
distrito,hrs_d_pm10_it1,22154.6323521463,22082.7368016342,71.8955505120802,0.996754829898808,1470691,santiago_2017
distrito,hrs_d_pm10_it2,90788.8933919365,90511.3975320177,277.495859918955,0.996943504325789,1470691,santiago_2017
distrito,avg_pm10,27.1739952055051,27.0759743277622,0.0980208777429318,0.996392842605526,1470691,santiago_2017
distrito,hrs_d_pm25_it1,18599.564515946,18553.7018292887,45.8626866573045,0.997534206426285,1470691,santiago_2017
distrito,hrs_d_pm25_it2,62277.3268569807,62023.2397309386,254.08712604221,0.995920070130407,1470691,santiago_2017
distrito,avg_pm25,4.9719028018584,4.9592202174162,0.0126825844421969,0.997449148756999,1470691,santiago_2017
comuna,hrs_d_pm10_it1,22154.6323521463,21087.5227573898,1067.10959475648,0.951833567906032,1470691,santiago_2017
comuna,hrs_d_pm10_it2,90788.8933919365,87833.769289143,2955.12410279343,0.967450598940157,1470691,santiago_2017
comuna,avg_pm10,27.1739952055051,26.2433893142001,0.930605891305047,0.965753806745483,1470691,santiago_2017
comuna,hrs_d_pm25_it1,18599.564515946,17769.9477755808,829.616740365126,0.955395905121656,1470691,santiago_2017
comuna,hrs_d_pm25_it2,62277.3268569807,57130.134190549,5147.19266643174,0.917350455997377,1470691,santiago_2017
comuna,avg_pm25,4.9719028018584,4.52526652756318,0.446636274295227,0.91016793929916,1470691,santiago_2017
fine,hrs_d_pm10_it1,38.0556782699071,38.0556782699071,1.36015737616454e-31,1,3829397.35116674,sao_paulo_2010
fine,hrs_d_pm10_it2,2778.24793108332,2778.24793108332,1.39241216692589e-29,1,3829397.35116674,sao_paulo_2010
fine,avg_pm10,6.67628949971418,6.67628949971418,1.92178032454713e-30,1,3829397.35116674,sao_paulo_2010
fine,hrs_d_pm25_it1,295.232845998929,295.232845998929,2.20113806717761e-30,1,3415763.42913653,sao_paulo_2010
fine,hrs_d_pm25_it2,13784.3394496655,13784.3394496655,7.09864239302882e-29,1,3415763.42913653,sao_paulo_2010
fine,avg_pm25,6.34842602236384,6.34842602236384,6.16065754046597e-31,1,3415763.42913653,sao_paulo_2010
municipio,hrs_d_pm10_it1,38.0556782699071,18.0992342095911,19.956444060316,0.475598781375636,3829397.35116674,sao_paulo_2010
municipio,hrs_d_pm10_it2,2778.24793108332,1087.4492547963,1690.79867628702,0.39141548262479,3829397.35116674,sao_paulo_2010
municipio,avg_pm10,6.67628949971418,2.14133010870514,4.53495939100904,0.320736557154512,3829397.35116674,sao_paulo_2010
municipio,hrs_d_pm25_it1,295.232845998929,72.1785750923769,223.054270906552,0.244480165640644,3415763.42913653,sao_paulo_2010
municipio,hrs_d_pm25_it2,13784.3394496655,5161.88560775013,8622.45384191535,0.374474643968188,3415763.42913653,sao_paulo_2010
municipio,avg_pm25,6.34842602236384,1.71258146751479,4.63584455484906,0.269764735618216,3415763.42913653,sao_paulo_2010
