individual_level,area_level,population,level,outcome,city_id
2,2,453119,fine,hrs_d_pm10_it1,bogota_2018
1,3,58629,fine,hrs_d_pm10_it1,bogota_2018
2,3,974487,fine,hrs_d_pm10_it1,bogota_2018
3,3,1040626,fine,hrs_d_pm10_it1,bogota_2018
4,3,425236,fine,hrs_d_pm10_it1,bogota_2018
5,3,376134,fine,hrs_d_pm10_it1,bogota_2018
6,3,72897,fine,hrs_d_pm10_it1,bogota_2018
1,4,10590,fine,hrs_d_pm10_it1,bogota_2018
2,4,112181,fine,hrs_d_pm10_it1,bogota_2018
3,4,167697,fine,hrs_d_pm10_it1,bogota_2018
4,4,137889,fine,hrs_d_pm10_it1,bogota_2018
5,4,204844,fine,hrs_d_pm10_it1,bogota_2018
6,4,67991,fine,hrs_d_pm10_it1,bogota_2018
1,2,33921,fine,hrs_d_pm10_it1,bogota_2018
3,2,237745,fine,hrs_d_pm10_it1,bogota_2018
4,2,62688,fine,hrs_d_pm10_it1,bogota_2018
5,2,39970,fine,hrs_d_pm10_it1,bogota_2018
6,2,5471,fine,hrs_d_pm10_it1,bogota_2018
2,5,74903,fine,hrs_d_pm10_it1,bogota_2018
4,5,111501,fine,hrs_d_pm10_it1,bogota_2018
5,5,421245,fine,hrs_d_pm10_it1,bogota_2018
3,5,124746,fine,hrs_d_pm10_it1,bogota_2018
1,5,22449,fine,hrs_d_pm10_it1,bogota_2018
6,5,296271,fine,hrs_d_pm10_it1,bogota_2018
1,1,38,fine,hrs_d_pm10_it1,bogota_2018
2,1,15,fine,hrs_d_pm10_it1,bogota_2018
3,1,5,fine,hrs_d_pm10_it1,bogota_2018
6,6,9415,fine,hrs_d_pm10_it1,bogota_2018
2,6,417,fine,hrs_d_pm10_it1,bogota_2018
3,6,740,fine,hrs_d_pm10_it1,bogota_2018
4,6,749,fine,hrs_d_pm10_it1,bogota_2018
5,6,5664,fine,hrs_d_pm10_it1,bogota_2018
1,6,403,fine,hrs_d_pm10_it1,bogota_2018
5,1,2,fine,hrs_d_pm10_it1,bogota_2018
2,2,453119,fine,hrs_d_pm10_it2,bogota_2018
1,3,58629,fine,hrs_d_pm10_it2,bogota_2018
2,3,974487,fine,hrs_d_pm10_it2,bogota_2018
3,3,1040626,fine,hrs_d_pm10_it2,bogota_2018
4,3,425236,fine,hrs_d_pm10_it2,bogota_2018
5,3,376134,fine,hrs_d_pm10_it2,bogota_2018
6,3,72897,fine,hrs_d_pm10_it2,bogota_2018
1,4,10590,fine,hrs_d_pm10_it2,bogota_2018
2,4,112181,fine,hrs_d_pm10_it2,bogota_2018
3,4,167697,fine,hrs_d_pm10_it2,bogota_2018
4,4,137889,fine,hrs_d_pm10_it2,bogota_2018
5,4,204844,fine,hrs_d_pm10_it2,bogota_2018
6,4,67991,fine,hrs_d_pm10_it2,bogota_2018
1,2,33921,fine,hrs_d_pm10_it2,bogota_2018
3,2,237745,fine,hrs_d_pm10_it2,bogota_2018
4,2,62688,fine,hrs_d_pm10_it2,bogota_2018
5,2,39970,fine,hrs_d_pm10_it2,bogota_2018
6,2,5471,fine,hrs_d_pm10_it2,bogota_2018
2,5,74903,fine,hrs_d_pm10_it2,bogota_2018
4,5,111501,fine,hrs_d_pm10_it2,bogota_2018
5,5,421245,fine,hrs_d_pm10_it2,bogota_2018
3,5,124746,fine,hrs_d_pm10_it2,bogota_2018
1,5,22449,fine,hrs_d_pm10_it2,bogota_2018
6,5,296271,fine,hrs_d_pm10_it2,bogota_2018
1,1,38,fine,hrs_d_pm10_it2,bogota_2018
2,1,15,fine,hrs_d_pm10_it2,bogota_2018
3,1,5,fine,hrs_d_pm10_it2,bogota_2018
6,6,9415,fine,hrs_d_pm10_it2,bogota_2018
2,6,417,fine,hrs_d_pm10_it2,bogota_2018
3,6,740,fine,hrs_d_pm10_it2,bogota_2018
4,6,749,fine,hrs_d_pm10_it2,bogota_2018
5,6,5664,fine,hrs_d_pm10_it2,bogota_2018
1,6,403,fine,hrs_d_pm10_it2,bogota_2018
5,1,2,fine,hrs_d_pm10_it2,bogota_2018
2,2,453119,fine,avg_pm10,bogota_2018
1,3,58629,fine,avg_pm10,bogota_2018
2,3,974487,fine,avg_pm10,bogota_2018
3,3,1040626,fine,avg_pm10,bogota_2018
4,3,425236,fine,avg_pm10,bogota_2018
5,3,376134,fine,avg_pm10,bogota_2018
6,3,72897,fine,avg_pm10,bogota_2018
1,4,10590,fine,avg_pm10,bogota_2018
2,4,112181,fine,avg_pm10,bogota_2018
3,4,167697,fine,avg_pm10,bogota_2018
4,4,137889,fine,avg_pm10,bogota_2018
5,4,204844,fine,avg_pm10,bogota_2018
6,4,67991,fine,avg_pm10,bogota_2018
1,2,33921,fine,avg_pm10,bogota_2018
3,2,237745,fine,avg_pm10,bogota_2018
4,2,62688,fine,avg_pm10,bogota_2018
5,2,39970,fine,avg_pm10,bogota_2018
6,2,5471,fine,avg_pm10,bogota_2018
2,5,74903,fine,avg_pm10,bogota_2018
4,5,111501,fine,avg_pm10,bogota_2018
5,5,421245,fine,avg_pm10,bogota_2018
3,5,124746,fine,avg_pm10,bogota_2018
1,5,22449,fine,avg_pm10,bogota_2018
6,5,296271,fine,avg_pm10,bogota_2018
1,1,38,fine,avg_pm10,bogota_2018
2,1,15,fine,avg_pm10,bogota_2018
3,1,5,fine,avg_pm10,bogota_2018
6,6,9415,fine,avg_pm10,bogota_2018
2,6,417,fine,avg_pm10,bogota_2018
3,6,740,fine,avg_pm10,bogota_2018
4,6,749,fine,avg_pm10,bogota_2018
5,6,5664,fine,avg_pm10,bogota_2018
1,6,403,fine,avg_pm10,bogota_2018
5,1,2,fine,avg_pm10,bogota_2018
2,2,453119,fine,hrs_d_pm25_it1,bogota_2018
1,3,58629,fine,hrs_d_pm25_it1,bogota_2018
2,3,974487,fine,hrs_d_pm25_it1,bogota_2018
3,3,1040626,fine,hrs_d_pm25_it1,bogota_2018
4,3,425236,fine,hrs_d_pm25_it1,bogota_2018
5,3,376134,fine,hrs_d_pm25_it1,bogota_2018
6,3,72897,fine,hrs_d_pm25_it1,bogota_2018
1,4,10590,fine,hrs_d_pm25_it1,bogota_2018
2,4,112181,fine,hrs_d_pm25_it1,bogota_2018
3,4,167697,fine,hrs_d_pm25_it1,bogota_2018
4,4,137889,fine,hrs_d_pm25_it1,bogota_2018
5,4,204844,fine,hrs_d_pm25_it1,bogota_2018
6,4,67991,fine,hrs_d_pm25_it1,bogota_2018
1,2,33921,fine,hrs_d_pm25_it1,bogota_2018
3,2,237745,fine,hrs_d_pm25_it1,bogota_2018
4,2,62688,fine,hrs_d_pm25_it1,bogota_2018
5,2,39970,fine,hrs_d_pm25_it1,bogota_2018
6,2,5471,fine,hrs_d_pm25_it1,bogota_2018
2,5,74903,fine,hrs_d_pm25_it1,bogota_2018
4,5,111501,fine,hrs_d_pm25_it1,bogota_2018
5,5,421245,fine,hrs_d_pm25_it1,bogota_2018
3,5,124746,fine,hrs_d_pm25_it1,bogota_2018
1,5,22449,fine,hrs_d_pm25_it1,bogota_2018
6,5,296271,fine,hrs_d_pm25_it1,bogota_2018
1,1,38,fine,hrs_d_pm25_it1,bogota_2018
2,1,15,fine,hrs_d_pm25_it1,bogota_2018
3,1,5,fine,hrs_d_pm25_it1,bogota_2018
6,6,9415,fine,hrs_d_pm25_it1,bogota_2018
2,6,417,fine,hrs_d_pm25_it1,bogota_2018
3,6,740,fine,hrs_d_pm25_it1,bogota_2018
4,6,749,fine,hrs_d_pm25_it1,bogota_2018
5,6,5664,fine,hrs_d_pm25_it1,bogota_2018
1,6,403,fine,hrs_d_pm25_it1,bogota_2018
5,1,2,fine,hrs_d_pm25_it1,bogota_2018
2,2,453119,fine,hrs_d_pm25_it2,bogota_2018
1,3,58629,fine,hrs_d_pm25_it2,bogota_2018
2,3,974487,fine,hrs_d_pm25_it2,bogota_2018
3,3,1040626,fine,hrs_d_pm25_it2,bogota_2018
4,3,425236,fine,hrs_d_pm25_it2,bogota_2018
5,3,376134,fine,hrs_d_pm25_it2,bogota_2018
6,3,72897,fine,hrs_d_pm25_it2,bogota_2018
1,4,10590,fine,hrs_d_pm25_it2,bogota_2018
2,4,112181,fine,hrs_d_pm25_it2,bogota_2018
3,4,167697,fine,hrs_d_pm25_it2,bogota_2018
4,4,137889,fine,hrs_d_pm25_it2,bogota_2018
5,4,204844,fine,hrs_d_pm25_it2,bogota_2018
6,4,67991,fine,hrs_d_pm25_it2,bogota_2018
1,2,33921,fine,hrs_d_pm25_it2,bogota_2018
3,2,237745,fine,hrs_d_pm25_it2,bogota_2018
4,2,62688,fine,hrs_d_pm25_it2,bogota_2018
5,2,39970,fine,hrs_d_pm25_it2,bogota_2018
6,2,5471,fine,hrs_d_pm25_it2,bogota_2018
2,5,74903,fine,hrs_d_pm25_it2,bogota_2018
4,5,111501,fine,hrs_d_pm25_it2,bogota_2018
5,5,421245,fine,hrs_d_pm25_it2,bogota_2018
3,5,124746,fine,hrs_d_pm25_it2,bogota_2018
1,5,22449,fine,hrs_d_pm25_it2,bogota_2018
6,5,296271,fine,hrs_d_pm25_it2,bogota_2018
1,1,38,fine,hrs_d_pm25_it2,bogota_2018
2,1,15,fine,hrs_d_pm25_it2,bogota_2018
3,1,5,fine,hrs_d_pm25_it2,bogota_2018
6,6,9415,fine,hrs_d_pm25_it2,bogota_2018
2,6,417,fine,hrs_d_pm25_it2,bogota_2018
3,6,740,fine,hrs_d_pm25_it2,bogota_2018
4,6,749,fine,hrs_d_pm25_it2,bogota_2018
5,6,5664,fine,hrs_d_pm25_it2,bogota_2018
1,6,403,fine,hrs_d_pm25_it2,bogota_2018
5,1,2,fine,hrs_d_pm25_it2,bogota_2018
2,2,453119,fine,avg_pm25,bogota_2018
1,3,58629,fine,avg_pm25,bogota_2018
2,3,974487,fine,avg_pm25,bogota_2018
3,3,1040626,fine,avg_pm25,bogota_2018
4,3,425236,fine,avg_pm25,bogota_2018
5,3,376134,fine,avg_pm25,bogota_2018
6,3,72897,fine,avg_pm25,bogota_2018
1,4,10590,fine,avg_pm25,bogota_2018
2,4,112181,fine,avg_pm25,bogota_2018
3,4,167697,fine,avg_pm25,bogota_2018
4,4,137889,fine,avg_pm25,bogota_2018
5,4,204844,fine,avg_pm25,bogota_2018
6,4,67991,fine,avg_pm25,bogota_2018
1,2,33921,fine,avg_pm25,bogota_2018
3,2,237745,fine,avg_pm25,bogota_2018
4,2,62688,fine,avg_pm25,bogota_2018
5,2,39970,fine,avg_pm25,bogota_2018
6,2,5471,fine,avg_pm25,bogota_2018
2,5,74903,fine,avg_pm25,bogota_2018
4,5,111501,fine,avg_pm25,bogota_2018
5,5,421245,fine,avg_pm25,bogota_2018
3,5,124746,fine,avg_pm25,bogota_2018
1,5,22449,fine,avg_pm25,bogota_2018
6,5,296271,fine,avg_pm25,bogota_2018
1,1,38,fine,avg_pm25,bogota_2018
2,1,15,fine,avg_pm25,bogota_2018
3,1,5,fine,avg_pm25,bogota_2018
6,6,9415,fine,avg_pm25,bogota_2018
2,6,417,fine,avg_pm25,bogota_2018
3,6,740,fine,avg_pm25,bogota_2018
4,6,749,fine,avg_pm25,bogota_2018
5,6,5664,fine,avg_pm25,bogota_2018
1,6,403,fine,avg_pm25,bogota_2018
5,1,2,fine,avg_pm25,bogota_2018
2,3,1064075,seccion,hrs_d_pm10_it1,bogota_2018
1,3,65424,seccion,hrs_d_pm10_it1,bogota_2018
3,3,1074423,seccion,hrs_d_pm10_it1,bogota_2018
4,3,456265,seccion,hrs_d_pm10_it1,bogota_2018
5,3,422240,seccion,hrs_d_pm10_it1,bogota_2018
6,3,91016,seccion,hrs_d_pm10_it1,bogota_2018
2,2,350373,seccion,hrs_d_pm10_it1,bogota_2018
3,2,202371,seccion,hrs_d_pm10_it1,bogota_2018
4,2,50803,seccion,hrs_d_pm10_it1,bogota_2018
5,2,30653,seccion,hrs_d_pm10_it1,bogota_2018
1,2,26929,seccion,hrs_d_pm10_it1,bogota_2018
6,2,4027,seccion,hrs_d_pm10_it1,bogota_2018
2,4,129011,seccion,hrs_d_pm10_it1,bogota_2018
3,4,181456,seccion,hrs_d_pm10_it1,bogota_2018
4,4,133565,seccion,hrs_d_pm10_it1,bogota_2018
5,4,222311,seccion,hrs_d_pm10_it1,bogota_2018
1,4,12481,seccion,hrs_d_pm10_it1,bogota_2018
6,4,82386,seccion,hrs_d_pm10_it1,bogota_2018
3,5,113226,seccion,hrs_d_pm10_it1,bogota_2018
4,5,97358,seccion,hrs_d_pm10_it1,bogota_2018
5,5,372180,seccion,hrs_d_pm10_it1,bogota_2018
6,5,273843,seccion,hrs_d_pm10_it1,bogota_2018
1,5,21148,seccion,hrs_d_pm10_it1,bogota_2018
2,5,71621,seccion,hrs_d_pm10_it1,bogota_2018
1,1,5,seccion,hrs_d_pm10_it1,bogota_2018
3,1,1,seccion,hrs_d_pm10_it1,bogota_2018
5,1,2,seccion,hrs_d_pm10_it1,bogota_2018
1,6,43,seccion,hrs_d_pm10_it1,bogota_2018
3,6,82,seccion,hrs_d_pm10_it1,bogota_2018
4,6,72,seccion,hrs_d_pm10_it1,bogota_2018
6,6,773,seccion,hrs_d_pm10_it1,bogota_2018
2,6,42,seccion,hrs_d_pm10_it1,bogota_2018
5,6,473,seccion,hrs_d_pm10_it1,bogota_2018
2,3,1064075,seccion,hrs_d_pm10_it2,bogota_2018
1,3,65424,seccion,hrs_d_pm10_it2,bogota_2018
3,3,1074423,seccion,hrs_d_pm10_it2,bogota_2018
4,3,456265,seccion,hrs_d_pm10_it2,bogota_2018
5,3,422240,seccion,hrs_d_pm10_it2,bogota_2018
6,3,91016,seccion,hrs_d_pm10_it2,bogota_2018
2,2,350373,seccion,hrs_d_pm10_it2,bogota_2018
3,2,202371,seccion,hrs_d_pm10_it2,bogota_2018
4,2,50803,seccion,hrs_d_pm10_it2,bogota_2018
5,2,30653,seccion,hrs_d_pm10_it2,bogota_2018
1,2,26929,seccion,hrs_d_pm10_it2,bogota_2018
6,2,4027,seccion,hrs_d_pm10_it2,bogota_2018
2,4,129011,seccion,hrs_d_pm10_it2,bogota_2018
3,4,181456,seccion,hrs_d_pm10_it2,bogota_2018
4,4,133565,seccion,hrs_d_pm10_it2,bogota_2018
5,4,222311,seccion,hrs_d_pm10_it2,bogota_2018
1,4,12481,seccion,hrs_d_pm10_it2,bogota_2018
6,4,82386,seccion,hrs_d_pm10_it2,bogota_2018
3,5,113226,seccion,hrs_d_pm10_it2,bogota_2018
4,5,97358,seccion,hrs_d_pm10_it2,bogota_2018
5,5,372180,seccion,hrs_d_pm10_it2,bogota_2018
6,5,273843,seccion,hrs_d_pm10_it2,bogota_2018
1,5,21148,seccion,hrs_d_pm10_it2,bogota_2018
2,5,71621,seccion,hrs_d_pm10_it2,bogota_2018
1,1,5,seccion,hrs_d_pm10_it2,bogota_2018
3,1,1,seccion,hrs_d_pm10_it2,bogota_2018
5,1,2,seccion,hrs_d_pm10_it2,bogota_2018
1,6,43,seccion,hrs_d_pm10_it2,bogota_2018
3,6,82,seccion,hrs_d_pm10_it2,bogota_2018
4,6,72,seccion,hrs_d_pm10_it2,bogota_2018
6,6,773,seccion,hrs_d_pm10_it2,bogota_2018
2,6,42,seccion,hrs_d_pm10_it2,bogota_2018
5,6,473,seccion,hrs_d_pm10_it2,bogota_2018
2,3,1064075,seccion,avg_pm10,bogota_2018
1,3,65424,seccion,avg_pm10,bogota_2018
3,3,1074423,seccion,avg_pm10,bogota_2018
4,3,456265,seccion,avg_pm10,bogota_2018
5,3,422240,seccion,avg_pm10,bogota_2018
6,3,91016,seccion,avg_pm10,bogota_2018
2,2,350373,seccion,avg_pm10,bogota_2018
3,2,202371,seccion,avg_pm10,bogota_2018
4,2,50803,seccion,avg_pm10,bogota_2018
5,2,30653,seccion,avg_pm10,bogota_2018
1,2,26929,seccion,avg_pm10,bogota_2018
6,2,4027,seccion,avg_pm10,bogota_2018
2,4,129011,seccion,avg_pm10,bogota_2018
3,4,181456,seccion,avg_pm10,bogota_2018
4,4,133565,seccion,avg_pm10,bogota_2018
5,4,222311,seccion,avg_pm10,bogota_2018
1,4,12481,seccion,avg_pm10,bogota_2018
6,4,82386,seccion,avg_pm10,bogota_2018
3,5,113226,seccion,avg_pm10,bogota_2018
4,5,97358,seccion,avg_pm10,bogota_2018
5,5,372180,seccion,avg_pm10,bogota_2018
6,5,273843,seccion,avg_pm10,bogota_2018
1,5,21148,seccion,avg_pm10,bogota_2018
2,5,71621,seccion,avg_pm10,bogota_2018
1,1,5,seccion,avg_pm10,bogota_2018
3,1,1,seccion,avg_pm10,bogota_2018
5,1,2,seccion,avg_pm10,bogota_2018
1,6,43,seccion,avg_pm10,bogota_2018
3,6,82,seccion,avg_pm10,bogota_2018
4,6,72,seccion,avg_pm10,bogota_2018
6,6,773,seccion,avg_pm10,bogota_2018
2,6,42,seccion,avg_pm10,bogota_2018
5,6,473,seccion,avg_pm10,bogota_2018
2,3,1064075,seccion,hrs_d_pm25_it1,bogota_2018
1,3,65424,seccion,hrs_d_pm25_it1,bogota_2018
3,3,1074423,seccion,hrs_d_pm25_it1,bogota_2018
4,3,456265,seccion,hrs_d_pm25_it1,bogota_2018
5,3,422240,seccion,hrs_d_pm25_it1,bogota_2018
6,3,91016,seccion,hrs_d_pm25_it1,bogota_2018
2,2,350373,seccion,hrs_d_pm25_it1,bogota_2018
3,2,202371,seccion,hrs_d_pm25_it1,bogota_2018
4,2,50803,seccion,hrs_d_pm25_it1,bogota_2018
5,2,30653,seccion,hrs_d_pm25_it1,bogota_2018
1,2,26929,seccion,hrs_d_pm25_it1,bogota_2018
6,2,4027,seccion,hrs_d_pm25_it1,bogota_2018
2,4,129011,seccion,hrs_d_pm25_it1,bogota_2018
3,4,181456,seccion,hrs_d_pm25_it1,bogota_2018
4,4,133565,seccion,hrs_d_pm25_it1,bogota_2018
5,4,222311,seccion,hrs_d_pm25_it1,bogota_2018
1,4,12481,seccion,hrs_d_pm25_it1,bogota_2018
6,4,82386,seccion,hrs_d_pm25_it1,bogota_2018
3,5,113226,seccion,hrs_d_pm25_it1,bogota_2018
4,5,97358,seccion,hrs_d_pm25_it1,bogota_2018
5,5,372180,seccion,hrs_d_pm25_it1,bogota_2018
6,5,273843,seccion,hrs_d_pm25_it1,bogota_2018
1,5,21148,seccion,hrs_d_pm25_it1,bogota_2018
2,5,71621,seccion,hrs_d_pm25_it1,bogota_2018
1,1,5,seccion,hrs_d_pm25_it1,bogota_2018
3,1,1,seccion,hrs_d_pm25_it1,bogota_2018
5,1,2,seccion,hrs_d_pm25_it1,bogota_2018
1,6,43,seccion,hrs_d_pm25_it1,bogota_2018
3,6,82,seccion,hrs_d_pm25_it1,bogota_2018
4,6,72,seccion,hrs_d_pm25_it1,bogota_2018
6,6,773,seccion,hrs_d_pm25_it1,bogota_2018
2,6,42,seccion,hrs_d_pm25_it1,bogota_2018
5,6,473,seccion,hrs_d_pm25_it1,bogota_2018
2,3,1064075,seccion,hrs_d_pm25_it2,bogota_2018
1,3,65424,seccion,hrs_d_pm25_it2,bogota_2018
3,3,1074423,seccion,hrs_d_pm25_it2,bogota_2018
4,3,456265,seccion,hrs_d_pm25_it2,bogota_2018
5,3,422240,seccion,hrs_d_pm25_it2,bogota_2018
6,3,91016,seccion,hrs_d_pm25_it2,bogota_2018
2,2,350373,seccion,hrs_d_pm25_it2,bogota_2018
3,2,202371,seccion,hrs_d_pm25_it2,bogota_2018
4,2,50803,seccion,hrs_d_pm25_it2,bogota_2018
5,2,30653,seccion,hrs_d_pm25_it2,bogota_2018
1,2,26929,seccion,hrs_d_pm25_it2,bogota_2018
6,2,4027,seccion,hrs_d_pm25_it2,bogota_2018
2,4,129011,seccion,hrs_d_pm25_it2,bogota_2018
3,4,181456,seccion,hrs_d_pm25_it2,bogota_2018
4,4,133565,seccion,hrs_d_pm25_it2,bogota_2018
5,4,222311,seccion,hrs_d_pm25_it2,bogota_2018
1,4,12481,seccion,hrs_d_pm25_it2,bogota_2018
6,4,82386,seccion,hrs_d_pm25_it2,bogota_2018
3,5,113226,seccion,hrs_d_pm25_it2,bogota_2018
4,5,97358,seccion,hrs_d_pm25_it2,bogota_2018
5,5,372180,seccion,hrs_d_pm25_it2,bogota_2018
6,5,273843,seccion,hrs_d_pm25_it2,bogota_2018
1,5,21148,seccion,hrs_d_pm25_it2,bogota_2018
2,5,71621,seccion,hrs_d_pm25_it2,bogota_2018
1,1,5,seccion,hrs_d_pm25_it2,bogota_2018
3,1,1,seccion,hrs_d_pm25_it2,bogota_2018
5,1,2,seccion,hrs_d_pm25_it2,bogota_2018
1,6,43,seccion,hrs_d_pm25_it2,bogota_2018
3,6,82,seccion,hrs_d_pm25_it2,bogota_2018
4,6,72,seccion,hrs_d_pm25_it2,bogota_2018
6,6,773,seccion,hrs_d_pm25_it2,bogota_2018
2,6,42,seccion,hrs_d_pm25_it2,bogota_2018
5,6,473,seccion,hrs_d_pm25_it2,bogota_2018
2,3,1064075,seccion,avg_pm25,bogota_2018
1,3,65424,seccion,avg_pm25,bogota_2018
3,3,1074423,seccion,avg_pm25,bogota_2018
4,3,456265,seccion,avg_pm25,bogota_2018
5,3,422240,seccion,avg_pm25,bogota_2018
6,3,91016,seccion,avg_pm25,bogota_2018
2,2,350373,seccion,avg_pm25,bogota_2018
3,2,202371,seccion,avg_pm25,bogota_2018
4,2,50803,seccion,avg_pm25,bogota_2018
5,2,30653,seccion,avg_pm25,bogota_2018
1,2,26929,seccion,avg_pm25,bogota_2018
6,2,4027,seccion,avg_pm25,bogota_2018
2,4,129011,seccion,avg_pm25,bogota_2018
3,4,181456,seccion,avg_pm25,bogota_2018
4,4,133565,seccion,avg_pm25,bogota_2018
5,4,222311,seccion,avg_pm25,bogota_2018
1,4,12481,seccion,avg_pm25,bogota_2018
6,4,82386,seccion,avg_pm25,bogota_2018
3,5,113226,seccion,avg_pm25,bogota_2018
4,5,97358,seccion,avg_pm25,bogota_2018
5,5,372180,seccion,avg_pm25,bogota_2018
6,5,273843,seccion,avg_pm25,bogota_2018
1,5,21148,seccion,avg_pm25,bogota_2018
2,5,71621,seccion,avg_pm25,bogota_2018
1,1,5,seccion,avg_pm25,bogota_2018
3,1,1,seccion,avg_pm25,bogota_2018
5,1,2,seccion,avg_pm25,bogota_2018
1,6,43,seccion,avg_pm25,bogota_2018
3,6,82,seccion,avg_pm25,bogota_2018
4,6,72,seccion,avg_pm25,bogota_2018
6,6,773,seccion,avg_pm25,bogota_2018
2,6,42,seccion,avg_pm25,bogota_2018
5,6,473,seccion,avg_pm25,bogota_2018
2,3,1149352,sector,hrs_d_pm10_it1,bogota_2018
1,3,72611,sector,hrs_d_pm10_it1,bogota_2018
3,3,1136711,sector,hrs_d_pm10_it1,bogota_2018
4,3,486633,sector,hrs_d_pm10_it1,bogota_2018
5,3,465143,sector,hrs_d_pm10_it1,bogota_2018
6,3,108791,sector,hrs_d_pm10_it1,bogota_2018
2,2,266466,sector,hrs_d_pm10_it1,bogota_2018
3,2,153534,sector,hrs_d_pm10_it1,bogota_2018
4,2,38891,sector,hrs_d_pm10_it1,bogota_2018
5,2,23655,sector,hrs_d_pm10_it1,bogota_2018
1,2,20956,sector,hrs_d_pm10_it1,bogota_2018
6,2,3346,sector,hrs_d_pm10_it1,bogota_2018
1,4,11317,sector,hrs_d_pm10_it1,bogota_2018
2,4,121160,sector,hrs_d_pm10_it1,bogota_2018
3,4,163645,sector,hrs_d_pm10_it1,bogota_2018
4,4,115438,sector,hrs_d_pm10_it1,bogota_2018
5,4,195993,sector,hrs_d_pm10_it1,bogota_2018
6,4,72569,sector,hrs_d_pm10_it1,bogota_2018
2,5,78118,sector,hrs_d_pm10_it1,bogota_2018
3,5,117620,sector,hrs_d_pm10_it1,bogota_2018
4,5,97056,sector,hrs_d_pm10_it1,bogota_2018
5,5,362820,sector,hrs_d_pm10_it1,bogota_2018
6,5,266907,sector,hrs_d_pm10_it1,bogota_2018
1,5,21109,sector,hrs_d_pm10_it1,bogota_2018
1,1,5,sector,hrs_d_pm10_it1,bogota_2018
3,1,1,sector,hrs_d_pm10_it1,bogota_2018
5,1,2,sector,hrs_d_pm10_it1,bogota_2018
1,6,32,sector,hrs_d_pm10_it1,bogota_2018
2,6,26,sector,hrs_d_pm10_it1,bogota_2018
3,6,48,sector,hrs_d_pm10_it1,bogota_2018
4,6,45,sector,hrs_d_pm10_it1,bogota_2018
5,6,246,sector,hrs_d_pm10_it1,bogota_2018
6,6,432,sector,hrs_d_pm10_it1,bogota_2018
2,3,1149352,sector,hrs_d_pm10_it2,bogota_2018
1,3,72611,sector,hrs_d_pm10_it2,bogota_2018
3,3,1136711,sector,hrs_d_pm10_it2,bogota_2018
4,3,486633,sector,hrs_d_pm10_it2,bogota_2018
5,3,465143,sector,hrs_d_pm10_it2,bogota_2018
6,3,108791,sector,hrs_d_pm10_it2,bogota_2018
2,2,266466,sector,hrs_d_pm10_it2,bogota_2018
3,2,153534,sector,hrs_d_pm10_it2,bogota_2018
4,2,38891,sector,hrs_d_pm10_it2,bogota_2018
5,2,23655,sector,hrs_d_pm10_it2,bogota_2018
1,2,20956,sector,hrs_d_pm10_it2,bogota_2018
6,2,3346,sector,hrs_d_pm10_it2,bogota_2018
1,4,11317,sector,hrs_d_pm10_it2,bogota_2018
2,4,121160,sector,hrs_d_pm10_it2,bogota_2018
3,4,163645,sector,hrs_d_pm10_it2,bogota_2018
4,4,115438,sector,hrs_d_pm10_it2,bogota_2018
5,4,195993,sector,hrs_d_pm10_it2,bogota_2018
6,4,72569,sector,hrs_d_pm10_it2,bogota_2018
2,5,78118,sector,hrs_d_pm10_it2,bogota_2018
3,5,117620,sector,hrs_d_pm10_it2,bogota_2018
4,5,97056,sector,hrs_d_pm10_it2,bogota_2018
5,5,362820,sector,hrs_d_pm10_it2,bogota_2018
6,5,266907,sector,hrs_d_pm10_it2,bogota_2018
1,5,21109,sector,hrs_d_pm10_it2,bogota_2018
1,1,5,sector,hrs_d_pm10_it2,bogota_2018
3,1,1,sector,hrs_d_pm10_it2,bogota_2018
5,1,2,sector,hrs_d_pm10_it2,bogota_2018
1,6,32,sector,hrs_d_pm10_it2,bogota_2018
2,6,26,sector,hrs_d_pm10_it2,bogota_2018
3,6,48,sector,hrs_d_pm10_it2,bogota_2018
4,6,45,sector,hrs_d_pm10_it2,bogota_2018
5,6,246,sector,hrs_d_pm10_it2,bogota_2018
6,6,432,sector,hrs_d_pm10_it2,bogota_2018
2,3,1149352,sector,avg_pm10,bogota_2018
1,3,72611,sector,avg_pm10,bogota_2018
3,3,1136711,sector,avg_pm10,bogota_2018
4,3,486633,sector,avg_pm10,bogota_2018
5,3,465143,sector,avg_pm10,bogota_2018
6,3,108791,sector,avg_pm10,bogota_2018
2,2,266466,sector,avg_pm10,bogota_2018
3,2,153534,sector,avg_pm10,bogota_2018
4,2,38891,sector,avg_pm10,bogota_2018
5,2,23655,sector,avg_pm10,bogota_2018
1,2,20956,sector,avg_pm10,bogota_2018
6,2,3346,sector,avg_pm10,bogota_2018
1,4,11317,sector,avg_pm10,bogota_2018
2,4,121160,sector,avg_pm10,bogota_2018
3,4,163645,sector,avg_pm10,bogota_2018
4,4,115438,sector,avg_pm10,bogota_2018
5,4,195993,sector,avg_pm10,bogota_2018
6,4,72569,sector,avg_pm10,bogota_2018
2,5,78118,sector,avg_pm10,bogota_2018
3,5,117620,sector,avg_pm10,bogota_2018
4,5,97056,sector,avg_pm10,bogota_2018
5,5,362820,sector,avg_pm10,bogota_2018
6,5,266907,sector,avg_pm10,bogota_2018
1,5,21109,sector,avg_pm10,bogota_2018
1,1,5,sector,avg_pm10,bogota_2018
3,1,1,sector,avg_pm10,bogota_2018
5,1,2,sector,avg_pm10,bogota_2018
1,6,32,sector,avg_pm10,bogota_2018
2,6,26,sector,avg_pm10,bogota_2018
3,6,48,sector,avg_pm10,bogota_2018
4,6,45,sector,avg_pm10,bogota_2018
5,6,246,sector,avg_pm10,bogota_2018
6,6,432,sector,avg_pm10,bogota_2018
2,3,1149352,sector,hrs_d_pm25_it1,bogota_2018
1,3,72611,sector,hrs_d_pm25_it1,bogota_2018
3,3,1136711,sector,hrs_d_pm25_it1,bogota_2018
4,3,486633,sector,hrs_d_pm25_it1,bogota_2018
5,3,465143,sector,hrs_d_pm25_it1,bogota_2018
6,3,108791,sector,hrs_d_pm25_it1,bogota_2018
2,2,266466,sector,hrs_d_pm25_it1,bogota_2018
3,2,153534,sector,hrs_d_pm25_it1,bogota_2018
4,2,38891,sector,hrs_d_pm25_it1,bogota_2018
5,2,23655,sector,hrs_d_pm25_it1,bogota_2018
1,2,20956,sector,hrs_d_pm25_it1,bogota_2018
6,2,3346,sector,hrs_d_pm25_it1,bogota_2018
1,4,11317,sector,hrs_d_pm25_it1,bogota_2018
2,4,121160,sector,hrs_d_pm25_it1,bogota_2018
3,4,163645,sector,hrs_d_pm25_it1,bogota_2018
4,4,115438,sector,hrs_d_pm25_it1,bogota_2018
5,4,195993,sector,hrs_d_pm25_it1,bogota_2018
6,4,72569,sector,hrs_d_pm25_it1,bogota_2018
2,5,78118,sector,hrs_d_pm25_it1,bogota_2018
3,5,117620,sector,hrs_d_pm25_it1,bogota_2018
4,5,97056,sector,hrs_d_pm25_it1,bogota_2018
5,5,362820,sector,hrs_d_pm25_it1,bogota_2018
6,5,266907,sector,hrs_d_pm25_it1,bogota_2018
1,5,21109,sector,hrs_d_pm25_it1,bogota_2018
1,1,5,sector,hrs_d_pm25_it1,bogota_2018
3,1,1,sector,hrs_d_pm25_it1,bogota_2018
5,1,2,sector,hrs_d_pm25_it1,bogota_2018
1,6,32,sector,hrs_d_pm25_it1,bogota_2018
2,6,26,sector,hrs_d_pm25_it1,bogota_2018
3,6,48,sector,hrs_d_pm25_it1,bogota_2018
4,6,45,sector,hrs_d_pm25_it1,bogota_2018
5,6,246,sector,hrs_d_pm25_it1,bogota_2018
6,6,432,sector,hrs_d_pm25_it1,bogota_2018
2,3,1149352,sector,hrs_d_pm25_it2,bogota_2018
1,3,72611,sector,hrs_d_pm25_it2,bogota_2018
3,3,1136711,sector,hrs_d_pm25_it2,bogota_2018
4,3,486633,sector,hrs_d_pm25_it2,bogota_2018
5,3,465143,sector,hrs_d_pm25_it2,bogota_2018
6,3,108791,sector,hrs_d_pm25_it2,bogota_2018
2,2,266466,sector,hrs_d_pm25_it2,bogota_2018
3,2,153534,sector,hrs_d_pm25_it2,bogota_2018
4,2,38891,sector,hrs_d_pm25_it2,bogota_2018
5,2,23655,sector,hrs_d_pm25_it2,bogota_2018
1,2,20956,sector,hrs_d_pm25_it2,bogota_2018
6,2,3346,sector,hrs_d_pm25_it2,bogota_2018
1,4,11317,sector,hrs_d_pm25_it2,bogota_2018
2,4,121160,sector,hrs_d_pm25_it2,bogota_2018
3,4,163645,sector,hrs_d_pm25_it2,bogota_2018
4,4,115438,sector,hrs_d_pm25_it2,bogota_2018
5,4,195993,sector,hrs_d_pm25_it2,bogota_2018
6,4,72569,sector,hrs_d_pm25_it2,bogota_2018
2,5,78118,sector,hrs_d_pm25_it2,bogota_2018
3,5,117620,sector,hrs_d_pm25_it2,bogota_2018
4,5,97056,sector,hrs_d_pm25_it2,bogota_2018
5,5,362820,sector,hrs_d_pm25_it2,bogota_2018
6,5,266907,sector,hrs_d_pm25_it2,bogota_2018
1,5,21109,sector,hrs_d_pm25_it2,bogota_2018
1,1,5,sector,hrs_d_pm25_it2,bogota_2018
3,1,1,sector,hrs_d_pm25_it2,bogota_2018
5,1,2,sector,hrs_d_pm25_it2,bogota_2018
1,6,32,sector,hrs_d_pm25_it2,bogota_2018
2,6,26,sector,hrs_d_pm25_it2,bogota_2018
3,6,48,sector,hrs_d_pm25_it2,bogota_2018
4,6,45,sector,hrs_d_pm25_it2,bogota_2018
5,6,246,sector,hrs_d_pm25_it2,bogota_2018
6,6,432,sector,hrs_d_pm25_it2,bogota_2018
2,3,1149352,sector,avg_pm25,bogota_2018
1,3,72611,sector,avg_pm25,bogota_2018
3,3,1136711,sector,avg_pm25,bogota_2018
4,3,486633,sector,avg_pm25,bogota_2018
5,3,465143,sector,avg_pm25,bogota_2018
6,3,108791,sector,avg_pm25,bogota_2018
2,2,266466,sector,avg_pm25,bogota_2018
3,2,153534,sector,avg_pm25,bogota_2018
4,2,38891,sector,avg_pm25,bogota_2018
5,2,23655,sector,avg_pm25,bogota_2018
1,2,20956,sector,avg_pm25,bogota_2018
6,2,3346,sector,avg_pm25,bogota_2018
1,4,11317,sector,avg_pm25,bogota_2018
2,4,121160,sector,avg_pm25,bogota_2018
3,4,163645,sector,avg_pm25,bogota_2018
4,4,115438,sector,avg_pm25,bogota_2018
5,4,195993,sector,avg_pm25,bogota_2018
6,4,72569,sector,avg_pm25,bogota_2018
2,5,78118,sector,avg_pm25,bogota_2018
3,5,117620,sector,avg_pm25,bogota_2018
4,5,97056,sector,avg_pm25,bogota_2018
5,5,362820,sector,avg_pm25,bogota_2018
6,5,266907,sector,avg_pm25,bogota_2018
1,5,21109,sector,avg_pm25,bogota_2018
1,1,5,sector,avg_pm25,bogota_2018
3,1,1,sector,avg_pm25,bogota_2018
5,1,2,sector,avg_pm25,bogota_2018
1,6,32,sector,avg_pm25,bogota_2018
2,6,26,sector,avg_pm25,bogota_2018
3,6,48,sector,avg_pm25,bogota_2018
4,6,45,sector,avg_pm25,bogota_2018
5,6,246,sector,avg_pm25,bogota_2018
6,6,432,sector,avg_pm25,bogota_2018
2,3,1319506,localidad,hrs_d_pm10_it1,bogota_2018
1,3,91736,localidad,hrs_d_pm10_it1,bogota_2018
3,3,1227514,localidad,hrs_d_pm10_it1,bogota_2018
4,3,537120,localidad,hrs_d_pm10_it1,bogota_2018
5,3,583249,localidad,hrs_d_pm10_it1,bogota_2018
6,3,170163,localidad,hrs_d_pm10_it1,bogota_2018
2,4,212353,localidad,hrs_d_pm10_it1,bogota_2018
3,4,254374,localidad,hrs_d_pm10_it1,bogota_2018
4,4,144516,localidad,hrs_d_pm10_it1,bogota_2018
5,4,268277,localidad,hrs_d_pm10_it1,bogota_2018
6,4,133593,localidad,hrs_d_pm10_it1,bogota_2018
1,4,20399,localidad,hrs_d_pm10_it1,bogota_2018
1,5,13118,localidad,hrs_d_pm10_it1,bogota_2018
2,5,68961,localidad,hrs_d_pm10_it1,bogota_2018
3,5,82868,localidad,hrs_d_pm10_it1,bogota_2018
4,5,54423,localidad,hrs_d_pm10_it1,bogota_2018
5,5,194250,localidad,hrs_d_pm10_it1,bogota_2018
6,5,147828,localidad,hrs_d_pm10_it1,bogota_2018
1,2,777,localidad,hrs_d_pm10_it1,bogota_2018
2,2,14302,localidad,hrs_d_pm10_it1,bogota_2018
3,2,6803,localidad,hrs_d_pm10_it1,bogota_2018
4,2,2004,localidad,hrs_d_pm10_it1,bogota_2018
5,2,2083,localidad,hrs_d_pm10_it1,bogota_2018
6,2,461,localidad,hrs_d_pm10_it1,bogota_2018
2,3,1319506,localidad,hrs_d_pm10_it2,bogota_2018
1,3,91736,localidad,hrs_d_pm10_it2,bogota_2018
3,3,1227514,localidad,hrs_d_pm10_it2,bogota_2018
4,3,537120,localidad,hrs_d_pm10_it2,bogota_2018
5,3,583249,localidad,hrs_d_pm10_it2,bogota_2018
6,3,170163,localidad,hrs_d_pm10_it2,bogota_2018
2,4,212353,localidad,hrs_d_pm10_it2,bogota_2018
3,4,254374,localidad,hrs_d_pm10_it2,bogota_2018
4,4,144516,localidad,hrs_d_pm10_it2,bogota_2018
5,4,268277,localidad,hrs_d_pm10_it2,bogota_2018
6,4,133593,localidad,hrs_d_pm10_it2,bogota_2018
1,4,20399,localidad,hrs_d_pm10_it2,bogota_2018
1,5,13118,localidad,hrs_d_pm10_it2,bogota_2018
2,5,68961,localidad,hrs_d_pm10_it2,bogota_2018
3,5,82868,localidad,hrs_d_pm10_it2,bogota_2018
4,5,54423,localidad,hrs_d_pm10_it2,bogota_2018
5,5,194250,localidad,hrs_d_pm10_it2,bogota_2018
6,5,147828,localidad,hrs_d_pm10_it2,bogota_2018
1,2,777,localidad,hrs_d_pm10_it2,bogota_2018
2,2,14302,localidad,hrs_d_pm10_it2,bogota_2018
3,2,6803,localidad,hrs_d_pm10_it2,bogota_2018
4,2,2004,localidad,hrs_d_pm10_it2,bogota_2018
5,2,2083,localidad,hrs_d_pm10_it2,bogota_2018
6,2,461,localidad,hrs_d_pm10_it2,bogota_2018
2,3,1319506,localidad,avg_pm10,bogota_2018
1,3,91736,localidad,avg_pm10,bogota_2018
3,3,1227514,localidad,avg_pm10,bogota_2018
4,3,537120,localidad,avg_pm10,bogota_2018
5,3,583249,localidad,avg_pm10,bogota_2018
6,3,170163,localidad,avg_pm10,bogota_2018
2,4,212353,localidad,avg_pm10,bogota_2018
3,4,254374,localidad,avg_pm10,bogota_2018
4,4,144516,localidad,avg_pm10,bogota_2018
5,4,268277,localidad,avg_pm10,bogota_2018
6,4,133593,localidad,avg_pm10,bogota_2018
1,4,20399,localidad,avg_pm10,bogota_2018
1,5,13118,localidad,avg_pm10,bogota_2018
2,5,68961,localidad,avg_pm10,bogota_2018
3,5,82868,localidad,avg_pm10,bogota_2018
4,5,54423,localidad,avg_pm10,bogota_2018
5,5,194250,localidad,avg_pm10,bogota_2018
6,5,147828,localidad,avg_pm10,bogota_2018
1,2,777,localidad,avg_pm10,bogota_2018
2,2,14302,localidad,avg_pm10,bogota_2018
3,2,6803,localidad,avg_pm10,bogota_2018
4,2,2004,localidad,avg_pm10,bogota_2018
5,2,2083,localidad,avg_pm10,bogota_2018
6,2,461,localidad,avg_pm10,bogota_2018
2,3,1319506,localidad,hrs_d_pm25_it1,bogota_2018
1,3,91736,localidad,hrs_d_pm25_it1,bogota_2018
3,3,1227514,localidad,hrs_d_pm25_it1,bogota_2018
4,3,537120,localidad,hrs_d_pm25_it1,bogota_2018
5,3,583249,localidad,hrs_d_pm25_it1,bogota_2018
6,3,170163,localidad,hrs_d_pm25_it1,bogota_2018
2,4,212353,localidad,hrs_d_pm25_it1,bogota_2018
3,4,254374,localidad,hrs_d_pm25_it1,bogota_2018
4,4,144516,localidad,hrs_d_pm25_it1,bogota_2018
5,4,268277,localidad,hrs_d_pm25_it1,bogota_2018
6,4,133593,localidad,hrs_d_pm25_it1,bogota_2018
1,4,20399,localidad,hrs_d_pm25_it1,bogota_2018
1,5,13118,localidad,hrs_d_pm25_it1,bogota_2018
2,5,68961,localidad,hrs_d_pm25_it1,bogota_2018
3,5,82868,localidad,hrs_d_pm25_it1,bogota_2018
4,5,54423,localidad,hrs_d_pm25_it1,bogota_2018
5,5,194250,localidad,hrs_d_pm25_it1,bogota_2018
6,5,147828,localidad,hrs_d_pm25_it1,bogota_2018
1,2,777,localidad,hrs_d_pm25_it1,bogota_2018
2,2,14302,localidad,hrs_d_pm25_it1,bogota_2018
3,2,6803,localidad,hrs_d_pm25_it1,bogota_2018
4,2,2004,localidad,hrs_d_pm25_it1,bogota_2018
5,2,2083,localidad,hrs_d_pm25_it1,bogota_2018
6,2,461,localidad,hrs_d_pm25_it1,bogota_2018
2,3,1319506,localidad,hrs_d_pm25_it2,bogota_2018
1,3,91736,localidad,hrs_d_pm25_it2,bogota_2018
3,3,1227514,localidad,hrs_d_pm25_it2,bogota_2018
4,3,537120,localidad,hrs_d_pm25_it2,bogota_2018
5,3,583249,localidad,hrs_d_pm25_it2,bogota_2018
6,3,170163,localidad,hrs_d_pm25_it2,bogota_2018
2,4,212353,localidad,hrs_d_pm25_it2,bogota_2018
3,4,254374,localidad,hrs_d_pm25_it2,bogota_2018
4,4,144516,localidad,hrs_d_pm25_it2,bogota_2018
5,4,268277,localidad,hrs_d_pm25_it2,bogota_2018
6,4,133593,localidad,hrs_d_pm25_it2,bogota_2018
1,4,20399,localidad,hrs_d_pm25_it2,bogota_2018
1,5,13118,localidad,hrs_d_pm25_it2,bogota_2018
2,5,68961,localidad,hrs_d_pm25_it2,bogota_2018
3,5,82868,localidad,hrs_d_pm25_it2,bogota_2018
4,5,54423,localidad,hrs_d_pm25_it2,bogota_2018
5,5,194250,localidad,hrs_d_pm25_it2,bogota_2018
6,5,147828,localidad,hrs_d_pm25_it2,bogota_2018
1,2,777,localidad,hrs_d_pm25_it2,bogota_2018
2,2,14302,localidad,hrs_d_pm25_it2,bogota_2018
3,2,6803,localidad,hrs_d_pm25_it2,bogota_2018
4,2,2004,localidad,hrs_d_pm25_it2,bogota_2018
5,2,2083,localidad,hrs_d_pm25_it2,bogota_2018
6,2,461,localidad,hrs_d_pm25_it2,bogota_2018
2,3,1319506,localidad,avg_pm25,bogota_2018
1,3,91736,localidad,avg_pm25,bogota_2018
3,3,1227514,localidad,avg_pm25,bogota_2018
4,3,537120,localidad,avg_pm25,bogota_2018
5,3,583249,localidad,avg_pm25,bogota_2018
6,3,170163,localidad,avg_pm25,bogota_2018
2,4,212353,localidad,avg_pm25,bogota_2018
3,4,254374,localidad,avg_pm25,bogota_2018
4,4,144516,localidad,avg_pm25,bogota_2018
5,4,268277,localidad,avg_pm25,bogota_2018
6,4,133593,localidad,avg_pm25,bogota_2018
1,4,20399,localidad,avg_pm25,bogota_2018
1,5,13118,localidad,avg_pm25,bogota_2018
2,5,68961,localidad,avg_pm25,bogota_2018
3,5,82868,localidad,avg_pm25,bogota_2018
4,5,54423,localidad,avg_pm25,bogota_2018
5,5,194250,localidad,avg_pm25,bogota_2018
6,5,147828,localidad,avg_pm25,bogota_2018
1,2,777,localidad,avg_pm25,bogota_2018
2,2,14302,localidad,avg_pm25,bogota_2018
3,2,6803,localidad,avg_pm25,bogota_2018
4,2,2004,localidad,avg_pm25,bogota_2018
5,2,2083,localidad,avg_pm25,bogota_2018
6,2,461,localidad,avg_pm25,bogota_2018
2,3,1600944,municipio,hrs_d_pm10_it1,bogota_2018
1,3,125272,municipio,hrs_d_pm10_it1,bogota_2018
3,3,1564825,municipio,hrs_d_pm10_it1,bogota_2018
4,3,736067,municipio,hrs_d_pm10_it1,bogota_2018
5,3,1045803,municipio,hrs_d_pm10_it1,bogota_2018
6,3,451592,municipio,hrs_d_pm10_it1,bogota_2018
2,2,14178,municipio,hrs_d_pm10_it1,bogota_2018
3,2,6734,municipio,hrs_d_pm10_it1,bogota_2018
4,2,1996,municipio,hrs_d_pm10_it1,bogota_2018
5,2,2056,municipio,hrs_d_pm10_it1,bogota_2018
6,2,453,municipio,hrs_d_pm10_it1,bogota_2018
1,2,758,municipio,hrs_d_pm10_it1,bogota_2018
2,3,1600944,municipio,hrs_d_pm10_it2,bogota_2018
1,3,125272,municipio,hrs_d_pm10_it2,bogota_2018
3,3,1564825,municipio,hrs_d_pm10_it2,bogota_2018
4,3,736067,municipio,hrs_d_pm10_it2,bogota_2018
5,3,1045803,municipio,hrs_d_pm10_it2,bogota_2018
6,3,451592,municipio,hrs_d_pm10_it2,bogota_2018
2,2,14178,municipio,hrs_d_pm10_it2,bogota_2018
3,2,6734,municipio,hrs_d_pm10_it2,bogota_2018
4,2,1996,municipio,hrs_d_pm10_it2,bogota_2018
5,2,2056,municipio,hrs_d_pm10_it2,bogota_2018
6,2,453,municipio,hrs_d_pm10_it2,bogota_2018
1,2,758,municipio,hrs_d_pm10_it2,bogota_2018
2,3,1600944,municipio,avg_pm10,bogota_2018
1,3,125272,municipio,avg_pm10,bogota_2018
3,3,1564825,municipio,avg_pm10,bogota_2018
4,3,736067,municipio,avg_pm10,bogota_2018
5,3,1045803,municipio,avg_pm10,bogota_2018
6,3,451592,municipio,avg_pm10,bogota_2018
2,2,14178,municipio,avg_pm10,bogota_2018
3,2,6734,municipio,avg_pm10,bogota_2018
4,2,1996,municipio,avg_pm10,bogota_2018
5,2,2056,municipio,avg_pm10,bogota_2018
6,2,453,municipio,avg_pm10,bogota_2018
1,2,758,municipio,avg_pm10,bogota_2018
2,3,1600944,municipio,hrs_d_pm25_it1,bogota_2018
1,3,125272,municipio,hrs_d_pm25_it1,bogota_2018
3,3,1564825,municipio,hrs_d_pm25_it1,bogota_2018
4,3,736067,municipio,hrs_d_pm25_it1,bogota_2018
5,3,1045803,municipio,hrs_d_pm25_it1,bogota_2018
6,3,451592,municipio,hrs_d_pm25_it1,bogota_2018
2,2,14178,municipio,hrs_d_pm25_it1,bogota_2018
3,2,6734,municipio,hrs_d_pm25_it1,bogota_2018
4,2,1996,municipio,hrs_d_pm25_it1,bogota_2018
5,2,2056,municipio,hrs_d_pm25_it1,bogota_2018
6,2,453,municipio,hrs_d_pm25_it1,bogota_2018
1,2,758,municipio,hrs_d_pm25_it1,bogota_2018
2,3,1600944,municipio,hrs_d_pm25_it2,bogota_2018
1,3,125272,municipio,hrs_d_pm25_it2,bogota_2018
3,3,1564825,municipio,hrs_d_pm25_it2,bogota_2018
4,3,736067,municipio,hrs_d_pm25_it2,bogota_2018
5,3,1045803,municipio,hrs_d_pm25_it2,bogota_2018
6,3,451592,municipio,hrs_d_pm25_it2,bogota_2018
2,2,14178,municipio,hrs_d_pm25_it2,bogota_2018
3,2,6734,municipio,hrs_d_pm25_it2,bogota_2018
4,2,1996,municipio,hrs_d_pm25_it2,bogota_2018
5,2,2056,municipio,hrs_d_pm25_it2,bogota_2018
6,2,453,municipio,hrs_d_pm25_it2,bogota_2018
1,2,758,municipio,hrs_d_pm25_it2,bogota_2018
2,3,1600944,municipio,avg_pm25,bogota_2018
1,3,125272,municipio,avg_pm25,bogota_2018
3,3,1564825,municipio,avg_pm25,bogota_2018
4,3,736067,municipio,avg_pm25,bogota_2018
5,3,1045803,municipio,avg_pm25,bogota_2018
6,3,451592,municipio,avg_pm25,bogota_2018
2,2,14178,municipio,avg_pm25,bogota_2018
3,2,6734,municipio,avg_pm25,bogota_2018
4,2,1996,municipio,avg_pm25,bogota_2018
5,2,2056,municipio,avg_pm25,bogota_2018
6,2,453,municipio,avg_pm25,bogota_2018
1,2,758,municipio,avg_pm25,bogota_2018
1,5,2912,fine,hrs_d_pm10_it1,santiago_2017
2,5,35825,fine,hrs_d_pm10_it1,santiago_2017
3,5,60038,fine,hrs_d_pm10_it1,santiago_2017
4,5,120739,fine,hrs_d_pm10_it1,santiago_2017
5,5,221625,fine,hrs_d_pm10_it1,santiago_2017
6,5,82141,fine,hrs_d_pm10_it1,santiago_2017
1,4,4920,fine,hrs_d_pm10_it1,santiago_2017
2,4,76006,fine,hrs_d_pm10_it1,santiago_2017
3,4,132863,fine,hrs_d_pm10_it1,santiago_2017
4,4,175231,fine,hrs_d_pm10_it1,santiago_2017
5,4,173455,fine,hrs_d_pm10_it1,santiago_2017
6,4,35443,fine,hrs_d_pm10_it1,santiago_2017
1,3,33746,fine,hrs_d_pm10_it1,santiago_2017
2,3,642393,fine,hrs_d_pm10_it1,santiago_2017
3,3,717593,fine,hrs_d_pm10_it1,santiago_2017
4,3,353949,fine,hrs_d_pm10_it1,santiago_2017
5,3,176976,fine,hrs_d_pm10_it1,santiago_2017
6,3,20307,fine,hrs_d_pm10_it1,santiago_2017
1,2,28764,fine,hrs_d_pm10_it1,santiago_2017
2,2,461254,fine,hrs_d_pm10_it1,santiago_2017
3,2,284297,fine,hrs_d_pm10_it1,santiago_2017
4,2,67986,fine,hrs_d_pm10_it1,santiago_2017
5,2,20947,fine,hrs_d_pm10_it1,santiago_2017
6,2,1477,fine,hrs_d_pm10_it1,santiago_2017
1,5,2912,fine,hrs_d_pm10_it2,santiago_2017
2,5,35825,fine,hrs_d_pm10_it2,santiago_2017
3,5,60038,fine,hrs_d_pm10_it2,santiago_2017
4,5,120739,fine,hrs_d_pm10_it2,santiago_2017
5,5,221625,fine,hrs_d_pm10_it2,santiago_2017
6,5,82141,fine,hrs_d_pm10_it2,santiago_2017
1,4,4920,fine,hrs_d_pm10_it2,santiago_2017
2,4,76006,fine,hrs_d_pm10_it2,santiago_2017
3,4,132863,fine,hrs_d_pm10_it2,santiago_2017
4,4,175231,fine,hrs_d_pm10_it2,santiago_2017
5,4,173455,fine,hrs_d_pm10_it2,santiago_2017
6,4,35443,fine,hrs_d_pm10_it2,santiago_2017
1,3,33746,fine,hrs_d_pm10_it2,santiago_2017
2,3,642393,fine,hrs_d_pm10_it2,santiago_2017
3,3,717593,fine,hrs_d_pm10_it2,santiago_2017
4,3,353949,fine,hrs_d_pm10_it2,santiago_2017
5,3,176976,fine,hrs_d_pm10_it2,santiago_2017
6,3,20307,fine,hrs_d_pm10_it2,santiago_2017
1,2,28764,fine,hrs_d_pm10_it2,santiago_2017
2,2,461254,fine,hrs_d_pm10_it2,santiago_2017
3,2,284297,fine,hrs_d_pm10_it2,santiago_2017
4,2,67986,fine,hrs_d_pm10_it2,santiago_2017
5,2,20947,fine,hrs_d_pm10_it2,santiago_2017
6,2,1477,fine,hrs_d_pm10_it2,santiago_2017
1,5,2912,fine,avg_pm10,santiago_2017
2,5,35825,fine,avg_pm10,santiago_2017
3,5,60038,fine,avg_pm10,santiago_2017
4,5,120739,fine,avg_pm10,santiago_2017
5,5,221625,fine,avg_pm10,santiago_2017
6,5,82141,fine,avg_pm10,santiago_2017
1,4,4920,fine,avg_pm10,santiago_2017
2,4,76006,fine,avg_pm10,santiago_2017
3,4,132863,fine,avg_pm10,santiago_2017
4,4,175231,fine,avg_pm10,santiago_2017
5,4,173455,fine,avg_pm10,santiago_2017
6,4,35443,fine,avg_pm10,santiago_2017
1,3,33746,fine,avg_pm10,santiago_2017
2,3,642393,fine,avg_pm10,santiago_2017
3,3,717593,fine,avg_pm10,santiago_2017
4,3,353949,fine,avg_pm10,santiago_2017
5,3,176976,fine,avg_pm10,santiago_2017
6,3,20307,fine,avg_pm10,santiago_2017
1,2,28764,fine,avg_pm10,santiago_2017
2,2,461254,fine,avg_pm10,santiago_2017
3,2,284297,fine,avg_pm10,santiago_2017
4,2,67986,fine,avg_pm10,santiago_2017
5,2,20947,fine,avg_pm10,santiago_2017
6,2,1477,fine,avg_pm10,santiago_2017
1,5,2912,fine,hrs_d_pm25_it1,santiago_2017
2,5,35825,fine,hrs_d_pm25_it1,santiago_2017
3,5,60038,fine,hrs_d_pm25_it1,santiago_2017
4,5,120739,fine,hrs_d_pm25_it1,santiago_2017
5,5,221625,fine,hrs_d_pm25_it1,santiago_2017
6,5,82141,fine,hrs_d_pm25_it1,santiago_2017
1,4,4920,fine,hrs_d_pm25_it1,santiago_2017
2,4,76006,fine,hrs_d_pm25_it1,santiago_2017
3,4,132863,fine,hrs_d_pm25_it1,santiago_2017
4,4,175231,fine,hrs_d_pm25_it1,santiago_2017
5,4,173455,fine,hrs_d_pm25_it1,santiago_2017
6,4,35443,fine,hrs_d_pm25_it1,santiago_2017
1,3,33746,fine,hrs_d_pm25_it1,santiago_2017
2,3,642393,fine,hrs_d_pm25_it1,santiago_2017
3,3,717593,fine,hrs_d_pm25_it1,santiago_2017
4,3,353949,fine,hrs_d_pm25_it1,santiago_2017
5,3,176976,fine,hrs_d_pm25_it1,santiago_2017
6,3,20307,fine,hrs_d_pm25_it1,santiago_2017
1,2,28764,fine,hrs_d_pm25_it1,santiago_2017
2,2,461254,fine,hrs_d_pm25_it1,santiago_2017
3,2,284297,fine,hrs_d_pm25_it1,santiago_2017
4,2,67986,fine,hrs_d_pm25_it1,santiago_2017
5,2,20947,fine,hrs_d_pm25_it1,santiago_2017
6,2,1477,fine,hrs_d_pm25_it1,santiago_2017
1,5,2912,fine,hrs_d_pm25_it2,santiago_2017
2,5,35825,fine,hrs_d_pm25_it2,santiago_2017
3,5,60038,fine,hrs_d_pm25_it2,santiago_2017
4,5,120739,fine,hrs_d_pm25_it2,santiago_2017
5,5,221625,fine,hrs_d_pm25_it2,santiago_2017
6,5,82141,fine,hrs_d_pm25_it2,santiago_2017
1,4,4920,fine,hrs_d_pm25_it2,santiago_2017
2,4,76006,fine,hrs_d_pm25_it2,santiago_2017
3,4,132863,fine,hrs_d_pm25_it2,santiago_2017
4,4,175231,fine,hrs_d_pm25_it2,santiago_2017
5,4,173455,fine,hrs_d_pm25_it2,santiago_2017
6,4,35443,fine,hrs_d_pm25_it2,santiago_2017
1,3,33746,fine,hrs_d_pm25_it2,santiago_2017
2,3,642393,fine,hrs_d_pm25_it2,santiago_2017
3,3,717593,fine,hrs_d_pm25_it2,santiago_2017
4,3,353949,fine,hrs_d_pm25_it2,santiago_2017
5,3,176976,fine,hrs_d_pm25_it2,santiago_2017
6,3,20307,fine,hrs_d_pm25_it2,santiago_2017
1,2,28764,fine,hrs_d_pm25_it2,santiago_2017
2,2,461254,fine,hrs_d_pm25_it2,santiago_2017
3,2,284297,fine,hrs_d_pm25_it2,santiago_2017
4,2,67986,fine,hrs_d_pm25_it2,santiago_2017
5,2,20947,fine,hrs_d_pm25_it2,santiago_2017
6,2,1477,fine,hrs_d_pm25_it2,santiago_2017
1,5,2912,fine,avg_pm25,santiago_2017
2,5,35825,fine,avg_pm25,santiago_2017
3,5,60038,fine,avg_pm25,santiago_2017
4,5,120739,fine,avg_pm25,santiago_2017
5,5,221625,fine,avg_pm25,santiago_2017
6,5,82141,fine,avg_pm25,santiago_2017
1,4,4920,fine,avg_pm25,santiago_2017
2,4,76006,fine,avg_pm25,santiago_2017
3,4,132863,fine,avg_pm25,santiago_2017
4,4,175231,fine,avg_pm25,santiago_2017
5,4,173455,fine,avg_pm25,santiago_2017
6,4,35443,fine,avg_pm25,santiago_2017
1,3,33746,fine,avg_pm25,santiago_2017
2,3,642393,fine,avg_pm25,santiago_2017
3,3,717593,fine,avg_pm25,santiago_2017
4,3,353949,fine,avg_pm25,santiago_2017
5,3,176976,fine,avg_pm25,santiago_2017
6,3,20307,fine,avg_pm25,santiago_2017
1,2,28764,fine,avg_pm25,santiago_2017
2,2,461254,fine,avg_pm25,santiago_2017
3,2,284297,fine,avg_pm25,santiago_2017
4,2,67986,fine,avg_pm25,santiago_2017
5,2,20947,fine,avg_pm25,santiago_2017
6,2,1477,fine,avg_pm25,santiago_2017
1,5,3357,distrito,hrs_d_pm10_it1,santiago_2017
2,5,38797,distrito,hrs_d_pm10_it1,santiago_2017
3,5,62792,distrito,hrs_d_pm10_it1,santiago_2017
4,5,119971,distrito,hrs_d_pm10_it1,santiago_2017
5,5,212182,distrito,hrs_d_pm10_it1,santiago_2017
6,5,78865,distrito,hrs_d_pm10_it1,santiago_2017
1,4,4652,distrito,hrs_d_pm10_it1,santiago_2017
2,4,72270,distrito,hrs_d_pm10_it1,santiago_2017
3,4,111662,distrito,hrs_d_pm10_it1,santiago_2017
4,4,138569,distrito,hrs_d_pm10_it1,santiago_2017
5,4,147440,distrito,hrs_d_pm10_it1,santiago_2017
6,4,31812,distrito,hrs_d_pm10_it1,santiago_2017
1,3,38738,distrito,hrs_d_pm10_it1,santiago_2017
2,3,722082,distrito,hrs_d_pm10_it1,santiago_2017
3,3,770943,distrito,hrs_d_pm10_it1,santiago_2017
4,3,397693,distrito,hrs_d_pm10_it1,santiago_2017
5,3,212571,distrito,hrs_d_pm10_it1,santiago_2017
6,3,27099,distrito,hrs_d_pm10_it1,santiago_2017
1,2,23595,distrito,hrs_d_pm10_it1,santiago_2017
2,2,382329,distrito,hrs_d_pm10_it1,santiago_2017
3,2,249394,distrito,hrs_d_pm10_it1,santiago_2017
4,2,61672,distrito,hrs_d_pm10_it1,santiago_2017
5,2,20810,distrito,hrs_d_pm10_it1,santiago_2017
6,2,1592,distrito,hrs_d_pm10_it1,santiago_2017
1,5,3357,distrito,hrs_d_pm10_it2,santiago_2017
2,5,38797,distrito,hrs_d_pm10_it2,santiago_2017
3,5,62792,distrito,hrs_d_pm10_it2,santiago_2017
4,5,119971,distrito,hrs_d_pm10_it2,santiago_2017
5,5,212182,distrito,hrs_d_pm10_it2,santiago_2017
6,5,78865,distrito,hrs_d_pm10_it2,santiago_2017
1,4,4652,distrito,hrs_d_pm10_it2,santiago_2017
2,4,72270,distrito,hrs_d_pm10_it2,santiago_2017
3,4,111662,distrito,hrs_d_pm10_it2,santiago_2017
4,4,138569,distrito,hrs_d_pm10_it2,santiago_2017
5,4,147440,distrito,hrs_d_pm10_it2,santiago_2017
6,4,31812,distrito,hrs_d_pm10_it2,santiago_2017
1,3,38738,distrito,hrs_d_pm10_it2,santiago_2017
2,3,722082,distrito,hrs_d_pm10_it2,santiago_2017
3,3,770943,distrito,hrs_d_pm10_it2,santiago_2017
4,3,397693,distrito,hrs_d_pm10_it2,santiago_2017
5,3,212571,distrito,hrs_d_pm10_it2,santiago_2017
6,3,27099,distrito,hrs_d_pm10_it2,santiago_2017
1,2,23595,distrito,hrs_d_pm10_it2,santiago_2017
2,2,382329,distrito,hrs_d_pm10_it2,santiago_2017
3,2,249394,distrito,hrs_d_pm10_it2,santiago_2017
4,2,61672,distrito,hrs_d_pm10_it2,santiago_2017
5,2,20810,distrito,hrs_d_pm10_it2,santiago_2017
6,2,1592,distrito,hrs_d_pm10_it2,santiago_2017
1,5,3357,distrito,avg_pm10,santiago_2017
2,5,38797,distrito,avg_pm10,santiago_2017
3,5,62792,distrito,avg_pm10,santiago_2017
4,5,119971,distrito,avg_pm10,santiago_2017
5,5,212182,distrito,avg_pm10,santiago_2017
6,5,78865,distrito,avg_pm10,santiago_2017
1,4,4652,distrito,avg_pm10,santiago_2017
2,4,72270,distrito,avg_pm10,santiago_2017
3,4,111662,distrito,avg_pm10,santiago_2017
4,4,138569,distrito,avg_pm10,santiago_2017
5,4,147440,distrito,avg_pm10,santiago_2017
6,4,31812,distrito,avg_pm10,santiago_2017
1,3,38738,distrito,avg_pm10,santiago_2017
2,3,722082,distrito,avg_pm10,santiago_2017
3,3,770943,distrito,avg_pm10,santiago_2017
4,3,397693,distrito,avg_pm10,santiago_2017
5,3,212571,distrito,avg_pm10,santiago_2017
6,3,27099,distrito,avg_pm10,santiago_2017
1,2,23595,distrito,avg_pm10,santiago_2017
2,2,382329,distrito,avg_pm10,santiago_2017
3,2,249394,distrito,avg_pm10,santiago_2017
4,2,61672,distrito,avg_pm10,santiago_2017
5,2,20810,distrito,avg_pm10,santiago_2017
6,2,1592,distrito,avg_pm10,santiago_2017
1,5,3357,distrito,hrs_d_pm25_it1,santiago_2017
2,5,38797,distrito,hrs_d_pm25_it1,santiago_2017
3,5,62792,distrito,hrs_d_pm25_it1,santiago_2017
4,5,119971,distrito,hrs_d_pm25_it1,santiago_2017
5,5,212182,distrito,hrs_d_pm25_it1,santiago_2017
6,5,78865,distrito,hrs_d_pm25_it1,santiago_2017
1,4,4652,distrito,hrs_d_pm25_it1,santiago_2017
2,4,72270,distrito,hrs_d_pm25_it1,santiago_2017
3,4,111662,distrito,hrs_d_pm25_it1,santiago_2017
4,4,138569,distrito,hrs_d_pm25_it1,santiago_2017
5,4,147440,distrito,hrs_d_pm25_it1,santiago_2017
6,4,31812,distrito,hrs_d_pm25_it1,santiago_2017
1,3,38738,distrito,hrs_d_pm25_it1,santiago_2017
2,3,722082,distrito,hrs_d_pm25_it1,santiago_2017
3,3,770943,distrito,hrs_d_pm25_it1,santiago_2017
4,3,397693,distrito,hrs_d_pm25_it1,santiago_2017
5,3,212571,distrito,hrs_d_pm25_it1,santiago_2017
6,3,27099,distrito,hrs_d_pm25_it1,santiago_2017
1,2,23595,distrito,hrs_d_pm25_it1,santiago_2017
2,2,382329,distrito,hrs_d_pm25_it1,santiago_2017
3,2,249394,distrito,hrs_d_pm25_it1,santiago_2017
4,2,61672,distrito,hrs_d_pm25_it1,santiago_2017
5,2,20810,distrito,hrs_d_pm25_it1,santiago_2017
6,2,1592,distrito,hrs_d_pm25_it1,santiago_2017
1,5,3357,distrito,hrs_d_pm25_it2,santiago_2017
2,5,38797,distrito,hrs_d_pm25_it2,santiago_2017
3,5,62792,distrito,hrs_d_pm25_it2,santiago_2017
4,5,119971,distrito,hrs_d_pm25_it2,santiago_2017
5,5,212182,distrito,hrs_d_pm25_it2,santiago_2017
6,5,78865,distrito,hrs_d_pm25_it2,santiago_2017
1,4,4652,distrito,hrs_d_pm25_it2,santiago_2017
2,4,72270,distrito,hrs_d_pm25_it2,santiago_2017
3,4,111662,distrito,hrs_d_pm25_it2,santiago_2017
4,4,138569,distrito,hrs_d_pm25_it2,santiago_2017
5,4,147440,distrito,hrs_d_pm25_it2,santiago_2017
6,4,31812,distrito,hrs_d_pm25_it2,santiago_2017
1,3,38738,distrito,hrs_d_pm25_it2,santiago_2017
2,3,722082,distrito,hrs_d_pm25_it2,santiago_2017
3,3,770943,distrito,hrs_d_pm25_it2,santiago_2017
4,3,397693,distrito,hrs_d_pm25_it2,santiago_2017
5,3,212571,distrito,hrs_d_pm25_it2,santiago_2017
6,3,27099,distrito,hrs_d_pm25_it2,santiago_2017
1,2,23595,distrito,hrs_d_pm25_it2,santiago_2017
2,2,382329,distrito,hrs_d_pm25_it2,santiago_2017
3,2,249394,distrito,hrs_d_pm25_it2,santiago_2017
4,2,61672,distrito,hrs_d_pm25_it2,santiago_2017
5,2,20810,distrito,hrs_d_pm25_it2,santiago_2017
6,2,1592,distrito,hrs_d_pm25_it2,santiago_2017
1,5,3357,distrito,avg_pm25,santiago_2017
2,5,38797,distrito,avg_pm25,santiago_2017
3,5,62792,distrito,avg_pm25,santiago_2017
4,5,119971,distrito,avg_pm25,santiago_2017
5,5,212182,distrito,avg_pm25,santiago_2017
6,5,78865,distrito,avg_pm25,santiago_2017
1,4,4652,distrito,avg_pm25,santiago_2017
2,4,72270,distrito,avg_pm25,santiago_2017
3,4,111662,distrito,avg_pm25,santiago_2017
4,4,138569,distrito,avg_pm25,santiago_2017
5,4,147440,distrito,avg_pm25,santiago_2017
6,4,31812,distrito,avg_pm25,santiago_2017
1,3,38738,distrito,avg_pm25,santiago_2017
2,3,722082,distrito,avg_pm25,santiago_2017
3,3,770943,distrito,avg_pm25,santiago_2017
4,3,397693,distrito,avg_pm25,santiago_2017
5,3,212571,distrito,avg_pm25,santiago_2017
6,3,27099,distrito,avg_pm25,santiago_2017
1,2,23595,distrito,avg_pm25,santiago_2017
2,2,382329,distrito,avg_pm25,santiago_2017
3,2,249394,distrito,avg_pm25,santiago_2017
4,2,61672,distrito,avg_pm25,santiago_2017
5,2,20810,distrito,avg_pm25,santiago_2017
6,2,1592,distrito,avg_pm25,santiago_2017
1,4,6555,comuna,hrs_d_pm10_it1,santiago_2017
2,4,100008,comuna,hrs_d_pm10_it1,santiago_2017
3,4,137506,comuna,hrs_d_pm10_it1,santiago_2017
4,4,160215,comuna,hrs_d_pm10_it1,santiago_2017
5,4,188201,comuna,hrs_d_pm10_it1,santiago_2017
6,4,48218,comuna,hrs_d_pm10_it1,santiago_2017
1,3,51711,comuna,hrs_d_pm10_it1,santiago_2017
2,3,929269,comuna,hrs_d_pm10_it1,santiago_2017
3,3,909706,comuna,hrs_d_pm10_it1,santiago_2017
4,3,451708,comuna,hrs_d_pm10_it1,santiago_2017
5,3,250811,comuna,hrs_d_pm10_it1,santiago_2017
6,3,33901,comuna,hrs_d_pm10_it1,santiago_2017
1,2,9389,comuna,hrs_d_pm10_it1,santiago_2017
2,2,154803,comuna,hrs_d_pm10_it1,santiago_2017
3,2,100825,comuna,hrs_d_pm10_it1,santiago_2017
4,2,24191,comuna,hrs_d_pm10_it1,santiago_2017
5,2,8363,comuna,hrs_d_pm10_it1,santiago_2017
6,2,564,comuna,hrs_d_pm10_it1,santiago_2017
1,5,2687,comuna,hrs_d_pm10_it1,santiago_2017
2,5,31398,comuna,hrs_d_pm10_it1,santiago_2017
3,5,46754,comuna,hrs_d_pm10_it1,santiago_2017
4,5,81791,comuna,hrs_d_pm10_it1,santiago_2017
5,5,145628,comuna,hrs_d_pm10_it1,santiago_2017
6,5,56685,comuna,hrs_d_pm10_it1,santiago_2017
1,4,6555,comuna,hrs_d_pm10_it2,santiago_2017
2,4,100008,comuna,hrs_d_pm10_it2,santiago_2017
3,4,137506,comuna,hrs_d_pm10_it2,santiago_2017
4,4,160215,comuna,hrs_d_pm10_it2,santiago_2017
5,4,188201,comuna,hrs_d_pm10_it2,santiago_2017
6,4,48218,comuna,hrs_d_pm10_it2,santiago_2017
1,3,51711,comuna,hrs_d_pm10_it2,santiago_2017
2,3,929269,comuna,hrs_d_pm10_it2,santiago_2017
3,3,909706,comuna,hrs_d_pm10_it2,santiago_2017
4,3,451708,comuna,hrs_d_pm10_it2,santiago_2017
5,3,250811,comuna,hrs_d_pm10_it2,santiago_2017
6,3,33901,comuna,hrs_d_pm10_it2,santiago_2017
1,2,9389,comuna,hrs_d_pm10_it2,santiago_2017
2,2,154803,comuna,hrs_d_pm10_it2,santiago_2017
3,2,100825,comuna,hrs_d_pm10_it2,santiago_2017
4,2,24191,comuna,hrs_d_pm10_it2,santiago_2017
5,2,8363,comuna,hrs_d_pm10_it2,santiago_2017
6,2,564,comuna,hrs_d_pm10_it2,santiago_2017
1,5,2687,comuna,hrs_d_pm10_it2,santiago_2017
2,5,31398,comuna,hrs_d_pm10_it2,santiago_2017
3,5,46754,comuna,hrs_d_pm10_it2,santiago_2017
4,5,81791,comuna,hrs_d_pm10_it2,santiago_2017
5,5,145628,comuna,hrs_d_pm10_it2,santiago_2017
6,5,56685,comuna,hrs_d_pm10_it2,santiago_2017
1,4,6555,comuna,avg_pm10,santiago_2017
2,4,100008,comuna,avg_pm10,santiago_2017
3,4,137506,comuna,avg_pm10,santiago_2017
4,4,160215,comuna,avg_pm10,santiago_2017
5,4,188201,comuna,avg_pm10,santiago_2017
6,4,48218,comuna,avg_pm10,santiago_2017
1,3,51711,comuna,avg_pm10,santiago_2017
2,3,929269,comuna,avg_pm10,santiago_2017
3,3,909706,comuna,avg_pm10,santiago_2017
4,3,451708,comuna,avg_pm10,santiago_2017
5,3,250811,comuna,avg_pm10,santiago_2017
6,3,33901,comuna,avg_pm10,santiago_2017
1,2,9389,comuna,avg_pm10,santiago_2017
2,2,154803,comuna,avg_pm10,santiago_2017
3,2,100825,comuna,avg_pm10,santiago_2017
4,2,24191,comuna,avg_pm10,santiago_2017
5,2,8363,comuna,avg_pm10,santiago_2017
6,2,564,comuna,avg_pm10,santiago_2017
1,5,2687,comuna,avg_pm10,santiago_2017
2,5,31398,comuna,avg_pm10,santiago_2017
3,5,46754,comuna,avg_pm10,santiago_2017
4,5,81791,comuna,avg_pm10,santiago_2017
5,5,145628,comuna,avg_pm10,santiago_2017
6,5,56685,comuna,avg_pm10,santiago_2017
1,4,6555,comuna,hrs_d_pm25_it1,santiago_2017
2,4,100008,comuna,hrs_d_pm25_it1,santiago_2017
3,4,137506,comuna,hrs_d_pm25_it1,santiago_2017
4,4,160215,comuna,hrs_d_pm25_it1,santiago_2017
5,4,188201,comuna,hrs_d_pm25_it1,santiago_2017
6,4,48218,comuna,hrs_d_pm25_it1,santiago_2017
1,3,51711,comuna,hrs_d_pm25_it1,santiago_2017
2,3,929269,comuna,hrs_d_pm25_it1,santiago_2017
3,3,909706,comuna,hrs_d_pm25_it1,santiago_2017
4,3,451708,comuna,hrs_d_pm25_it1,santiago_2017
5,3,250811,comuna,hrs_d_pm25_it1,santiago_2017
6,3,33901,comuna,hrs_d_pm25_it1,santiago_2017
1,2,9389,comuna,hrs_d_pm25_it1,santiago_2017
2,2,154803,comuna,hrs_d_pm25_it1,santiago_2017
3,2,100825,comuna,hrs_d_pm25_it1,santiago_2017
4,2,24191,comuna,hrs_d_pm25_it1,santiago_2017
5,2,8363,comuna,hrs_d_pm25_it1,santiago_2017
6,2,564,comuna,hrs_d_pm25_it1,santiago_2017
1,5,2687,comuna,hrs_d_pm25_it1,santiago_2017
2,5,31398,comuna,hrs_d_pm25_it1,santiago_2017
3,5,46754,comuna,hrs_d_pm25_it1,santiago_2017
4,5,81791,comuna,hrs_d_pm25_it1,santiago_2017
5,5,145628,comuna,hrs_d_pm25_it1,santiago_2017
6,5,56685,comuna,hrs_d_pm25_it1,santiago_2017
1,4,6555,comuna,hrs_d_pm25_it2,santiago_2017
2,4,100008,comuna,hrs_d_pm25_it2,santiago_2017
3,4,137506,comuna,hrs_d_pm25_it2,santiago_2017
4,4,160215,comuna,hrs_d_pm25_it2,santiago_2017
5,4,188201,comuna,hrs_d_pm25_it2,santiago_2017
6,4,48218,comuna,hrs_d_pm25_it2,santiago_2017
1,3,51711,comuna,hrs_d_pm25_it2,santiago_2017
2,3,929269,comuna,hrs_d_pm25_it2,santiago_2017
3,3,909706,comuna,hrs_d_pm25_it2,santiago_2017
4,3,451708,comuna,hrs_d_pm25_it2,santiago_2017
5,3,250811,comuna,hrs_d_pm25_it2,santiago_2017
6,3,33901,comuna,hrs_d_pm25_it2,santiago_2017
1,2,9389,comuna,hrs_d_pm25_it2,santiago_2017
2,2,154803,comuna,hrs_d_pm25_it2,santiago_2017
3,2,100825,comuna,hrs_d_pm25_it2,santiago_2017
4,2,24191,comuna,hrs_d_pm25_it2,santiago_2017
5,2,8363,comuna,hrs_d_pm25_it2,santiago_2017
6,2,564,comuna,hrs_d_pm25_it2,santiago_2017
1,5,2687,comuna,hrs_d_pm25_it2,santiago_2017
2,5,31398,comuna,hrs_d_pm25_it2,santiago_2017
3,5,46754,comuna,hrs_d_pm25_it2,santiago_2017
4,5,81791,comuna,hrs_d_pm25_it2,santiago_2017
5,5,145628,comuna,hrs_d_pm25_it2,santiago_2017
6,5,56685,comuna,hrs_d_pm25_it2,santiago_2017
1,4,6555,comuna,avg_pm25,santiago_2017
2,4,100008,comuna,avg_pm25,santiago_2017
3,4,137506,comuna,avg_pm25,santiago_2017
4,4,160215,comuna,avg_pm25,santiago_2017
5,4,188201,comuna,avg_pm25,santiago_2017
6,4,48218,comuna,avg_pm25,santiago_2017
1,3,51711,comuna,avg_pm25,santiago_2017
2,3,929269,comuna,avg_pm25,santiago_2017
3,3,909706,comuna,avg_pm25,santiago_2017
4,3,451708,comuna,avg_pm25,santiago_2017
5,3,250811,comuna,avg_pm25,santiago_2017
6,3,33901,comuna,avg_pm25,santiago_2017
1,2,9389,comuna,avg_pm25,santiago_2017
2,2,154803,comuna,avg_pm25,santiago_2017
3,2,100825,comuna,avg_pm25,santiago_2017
4,2,24191,comuna,avg_pm25,santiago_2017
5,2,8363,comuna,avg_pm25,santiago_2017
6,2,564,comuna,avg_pm25,santiago_2017
1,5,2687,comuna,avg_pm25,santiago_2017
2,5,31398,comuna,avg_pm25,santiago_2017
3,5,46754,comuna,avg_pm25,santiago_2017
4,5,81791,comuna,avg_pm25,santiago_2017
5,5,145628,comuna,avg_pm25,santiago_2017
6,5,56685,comuna,avg_pm25,santiago_2017
1,2,424896.720571117,fine,hrs_d_pm10_it1,sao_paulo_2010
2,2,3371898.86091514,fine,hrs_d_pm10_it1,sao_paulo_2010
3,2,1841265.25853116,fine,hrs_d_pm10_it1,sao_paulo_2010
5,2,401979.348603734,fine,hrs_d_pm10_it1,sao_paulo_2010
6,2,59402.3282916384,fine,hrs_d_pm10_it1,sao_paulo_2010
1,3,111997.940389263,fine,hrs_d_pm10_it1,sao_paulo_2010
2,3,1076419.2640073,fine,hrs_d_pm10_it1,sao_paulo_2010
3,3,922576.714729626,fine,hrs_d_pm10_it1,sao_paulo_2010
5,3,667369.521041103,fine,hrs_d_pm10_it1,sao_paulo_2010
6,3,142861.470647632,fine,hrs_d_pm10_it1,sao_paulo_2010
1,5,11887.8900523274,fine,hrs_d_pm10_it1,sao_paulo_2010
2,5,151885.920526376,fine,hrs_d_pm10_it1,sao_paulo_2010
3,5,173686.327275013,fine,hrs_d_pm10_it1,sao_paulo_2010
5,5,372491.210027603,fine,hrs_d_pm10_it1,sao_paulo_2010
6,5,133987.952899995,fine,hrs_d_pm10_it1,sao_paulo_2010
1,2,424896.720571117,fine,hrs_d_pm10_it2,sao_paulo_2010
2,2,3371898.86091514,fine,hrs_d_pm10_it2,sao_paulo_2010
3,2,1841265.25853116,fine,hrs_d_pm10_it2,sao_paulo_2010
5,2,401979.348603734,fine,hrs_d_pm10_it2,sao_paulo_2010
6,2,59402.3282916384,fine,hrs_d_pm10_it2,sao_paulo_2010
1,3,111997.940389263,fine,hrs_d_pm10_it2,sao_paulo_2010
2,3,1076419.2640073,fine,hrs_d_pm10_it2,sao_paulo_2010
3,3,922576.714729626,fine,hrs_d_pm10_it2,sao_paulo_2010
5,3,667369.521041103,fine,hrs_d_pm10_it2,sao_paulo_2010
6,3,142861.470647632,fine,hrs_d_pm10_it2,sao_paulo_2010
1,5,11887.8900523274,fine,hrs_d_pm10_it2,sao_paulo_2010
2,5,151885.920526376,fine,hrs_d_pm10_it2,sao_paulo_2010
3,5,173686.327275013,fine,hrs_d_pm10_it2,sao_paulo_2010
5,5,372491.210027603,fine,hrs_d_pm10_it2,sao_paulo_2010
6,5,133987.952899995,fine,hrs_d_pm10_it2,sao_paulo_2010
1,2,424896.720571117,fine,avg_pm10,sao_paulo_2010
2,2,3371898.86091514,fine,avg_pm10,sao_paulo_2010
3,2,1841265.25853116,fine,avg_pm10,sao_paulo_2010
5,2,401979.348603734,fine,avg_pm10,sao_paulo_2010
6,2,59402.3282916384,fine,avg_pm10,sao_paulo_2010
1,3,111997.940389263,fine,avg_pm10,sao_paulo_2010
2,3,1076419.2640073,fine,avg_pm10,sao_paulo_2010
3,3,922576.714729626,fine,avg_pm10,sao_paulo_2010
5,3,667369.521041103,fine,avg_pm10,sao_paulo_2010
6,3,142861.470647632,fine,avg_pm10,sao_paulo_2010
1,5,11887.8900523274,fine,avg_pm10,sao_paulo_2010
2,5,151885.920526376,fine,avg_pm10,sao_paulo_2010
3,5,173686.327275013,fine,avg_pm10,sao_paulo_2010
5,5,372491.210027603,fine,avg_pm10,sao_paulo_2010
6,5,133987.952899995,fine,avg_pm10,sao_paulo_2010
1,2,423914.260477143,fine,hrs_d_pm25_it1,sao_paulo_2010
2,2,3365379.31256388,fine,hrs_d_pm25_it1,sao_paulo_2010
3,2,1837696.72783807,fine,hrs_d_pm25_it1,sao_paulo_2010
5,2,400683.578408117,fine,hrs_d_pm25_it1,sao_paulo_2010
6,2,59256.6515235054,fine,hrs_d_pm25_it1,sao_paulo_2010
1,3,111997.940389263,fine,hrs_d_pm25_it1,sao_paulo_2010
2,3,1076419.2640073,fine,hrs_d_pm25_it1,sao_paulo_2010
3,3,922576.714729626,fine,hrs_d_pm25_it1,sao_paulo_2010
5,3,667369.521041103,fine,hrs_d_pm25_it1,sao_paulo_2010
6,3,142861.470647632,fine,hrs_d_pm25_it1,sao_paulo_2010
1,5,11887.8900523274,fine,hrs_d_pm25_it1,sao_paulo_2010
2,5,151885.920526376,fine,hrs_d_pm25_it1,sao_paulo_2010
3,5,173686.327275013,fine,hrs_d_pm25_it1,sao_paulo_2010
5,5,372491.210027603,fine,hrs_d_pm25_it1,sao_paulo_2010
6,5,133987.952899995,fine,hrs_d_pm25_it1,sao_paulo_2010
1,2,423914.260477143,fine,hrs_d_pm25_it2,sao_paulo_2010
2,2,3365379.31256388,fine,hrs_d_pm25_it2,sao_paulo_2010
3,2,1837696.72783807,fine,hrs_d_pm25_it2,sao_paulo_2010
5,2,400683.578408117,fine,hrs_d_pm25_it2,sao_paulo_2010
6,2,59256.6515235054,fine,hrs_d_pm25_it2,sao_paulo_2010
1,3,111997.940389263,fine,hrs_d_pm25_it2,sao_paulo_2010
2,3,1076419.2640073,fine,hrs_d_pm25_it2,sao_paulo_2010
3,3,922576.714729626,fine,hrs_d_pm25_it2,sao_paulo_2010
5,3,667369.521041103,fine,hrs_d_pm25_it2,sao_paulo_2010
6,3,142861.470647632,fine,hrs_d_pm25_it2,sao_paulo_2010
1,5,11887.8900523274,fine,hrs_d_pm25_it2,sao_paulo_2010
2,5,151885.920526376,fine,hrs_d_pm25_it2,sao_paulo_2010
3,5,173686.327275013,fine,hrs_d_pm25_it2,sao_paulo_2010
5,5,372491.210027603,fine,hrs_d_pm25_it2,sao_paulo_2010
6,5,133987.952899995,fine,hrs_d_pm25_it2,sao_paulo_2010
1,2,423914.260477143,fine,avg_pm25,sao_paulo_2010
2,2,3365379.31256388,fine,avg_pm25,sao_paulo_2010
3,2,1837696.72783807,fine,avg_pm25,sao_paulo_2010
5,2,400683.578408117,fine,avg_pm25,sao_paulo_2010
6,2,59256.6515235054,fine,avg_pm25,sao_paulo_2010
1,3,111997.940389263,fine,avg_pm25,sao_paulo_2010
2,3,1076419.2640073,fine,avg_pm25,sao_paulo_2010
3,3,922576.714729626,fine,avg_pm25,sao_paulo_2010
5,3,667369.521041103,fine,avg_pm25,sao_paulo_2010
6,3,142861.470647632,fine,avg_pm25,sao_paulo_2010
1,5,11887.8900523274,fine,avg_pm25,sao_paulo_2010
2,5,151885.920526376,fine,avg_pm25,sao_paulo_2010
3,5,173686.327275013,fine,avg_pm25,sao_paulo_2010
5,5,372491.210027603,fine,avg_pm25,sao_paulo_2010
6,5,133987.952899995,fine,avg_pm25,sao_paulo_2010
1,2,203081.898679301,municipio,hrs_d_pm10_it1,sao_paulo_2010
2,2,1584463.88384918,municipio,hrs_d_pm10_it1,sao_paulo_2010
3,2,953997.012309714,municipio,hrs_d_pm10_it1,sao_paulo_2010
5,2,250222.012202202,municipio,hrs_d_pm10_it1,sao_paulo_2010
6,2,40094.3031066884,municipio,hrs_d_pm10_it1,sao_paulo_2010
1,3,345700.652333407,municipio,hrs_d_pm10_it1,sao_paulo_2010
2,3,3015740.16159964,municipio,hrs_d_pm10_it1,sao_paulo_2010
3,3,1983531.28822609,municipio,hrs_d_pm10_it1,sao_paulo_2010
5,3,1191618.06747024,municipio,hrs_d_pm10_it1,sao_paulo_2010
6,3,296157.448732578,municipio,hrs_d_pm10_it1,sao_paulo_2010
1,2,203081.898679301,municipio,hrs_d_pm10_it2,sao_paulo_2010
2,2,1584463.88384918,municipio,hrs_d_pm10_it2,sao_paulo_2010
3,2,953997.012309714,municipio,hrs_d_pm10_it2,sao_paulo_2010
5,2,250222.012202202,municipio,hrs_d_pm10_it2,sao_paulo_2010
6,2,40094.3031066884,municipio,hrs_d_pm10_it2,sao_paulo_2010
1,3,345700.652333407,municipio,hrs_d_pm10_it2,sao_paulo_2010
2,3,3015740.16159964,municipio,hrs_d_pm10_it2,sao_paulo_2010
3,3,1983531.28822609,municipio,hrs_d_pm10_it2,sao_paulo_2010
5,3,1191618.06747024,municipio,hrs_d_pm10_it2,sao_paulo_2010
6,3,296157.448732578,municipio,hrs_d_pm10_it2,sao_paulo_2010
1,2,203081.898679301,municipio,avg_pm10,sao_paulo_2010
2,2,1584463.88384918,municipio,avg_pm10,sao_paulo_2010
3,2,953997.012309714,municipio,avg_pm10,sao_paulo_2010
5,2,250222.012202202,municipio,avg_pm10,sao_paulo_2010
6,2,40094.3031066884,municipio,avg_pm10,sao_paulo_2010
1,3,345700.652333407,municipio,avg_pm10,sao_paulo_2010
2,3,3015740.16159964,municipio,avg_pm10,sao_paulo_2010
3,3,1983531.28822609,municipio,avg_pm10,sao_paulo_2010
5,3,1191618.06747024,municipio,avg_pm10,sao_paulo_2010
6,3,296157.448732578,municipio,avg_pm10,sao_paulo_2010
1,2,202099.438585326,municipio,hrs_d_pm25_it1,sao_paulo_2010
2,2,1577944.33549791,municipio,hrs_d_pm25_it1,sao_paulo_2010
3,2,950428.481616619,municipio,hrs_d_pm25_it1,sao_paulo_2010
5,2,248926.242006585,municipio,hrs_d_pm25_it1,sao_paulo_2010
6,2,39948.6263385554,municipio,hrs_d_pm25_it1,sao_paulo_2010
1,3,345700.652333407,municipio,hrs_d_pm25_it1,sao_paulo_2010
2,3,3015740.16159964,municipio,hrs_d_pm25_it1,sao_paulo_2010
3,3,1983531.28822609,municipio,hrs_d_pm25_it1,sao_paulo_2010
5,3,1191618.06747024,municipio,hrs_d_pm25_it1,sao_paulo_2010
6,3,296157.448732578,municipio,hrs_d_pm25_it1,sao_paulo_2010
1,2,202099.438585326,municipio,hrs_d_pm25_it2,sao_paulo_2010
2,2,1577944.33549791,municipio,hrs_d_pm25_it2,sao_paulo_2010
3,2,950428.481616619,municipio,hrs_d_pm25_it2,sao_paulo_2010
5,2,248926.242006585,municipio,hrs_d_pm25_it2,sao_paulo_2010
6,2,39948.6263385554,municipio,hrs_d_pm25_it2,sao_paulo_2010
1,3,345700.652333407,municipio,hrs_d_pm25_it2,sao_paulo_2010
2,3,3015740.16159964,municipio,hrs_d_pm25_it2,sao_paulo_2010
3,3,1983531.28822609,municipio,hrs_d_pm25_it2,sao_paulo_2010
5,3,1191618.06747024,municipio,hrs_d_pm25_it2,sao_paulo_2010
6,3,296157.448732578,municipio,hrs_d_pm25_it2,sao_paulo_2010
1,2,202099.438585326,municipio,avg_pm25,sao_paulo_2010
2,2,1577944.33549791,municipio,avg_pm25,sao_paulo_2010
3,2,950428.481616619,municipio,avg_pm25,sao_paulo_2010
5,2,248926.242006585,municipio,avg_pm25,sao_paulo_2010
6,2,39948.6263385554,municipio,avg_pm25,sao_paulo_2010
1,3,345700.652333407,municipio,avg_pm25,sao_paulo_2010
2,3,3015740.16159964,municipio,avg_pm25,sao_paulo_2010
3,3,1983531.28822609,municipio,avg_pm25,sao_paulo_2010
5,3,1191618.06747024,municipio,avg_pm25,sao_paulo_2010
6,3,296157.448732578,municipio,avg_pm25,sao_paulo_2010
