city_id,outcome,q1,q5,gap,normalized_pct,q1_over_q5,population,n_clusters
bogota_2018,hrs_d_pm10_it1,26.5123795168382,9.96916825100341,16.5432112658347,165.943746251546,2.65943746251546,4255038,37375
bogota_2018,hrs_d_pm10_it2,144.404215032723,49.9781005748085,94.4261144579143,188.934980265156,2.88934980265156,4255038,37375
bogota_2018,avg_pm10,34.7019719860693,27.4383991759244,7.26357281014485,26.4722907614749,1.26472290761475,4255038,37375
bogota_2018,hrs_d_pm25_it1,14.455598590017,3.65839941904625,10.7971991709707,295.134509227141,3.95134509227142,4251366,37285
bogota_2018,hrs_d_pm25_it2,137.197451088882,47.8655966174791,89.3318544714033,186.63060900568,2.86630609005679,4251366,37285
bogota_2018,avg_pm25,16.4625758957927,13.5068412034656,2.95573469232712,21.8832415944058,1.21883241594406,4251366,37285
santiago_2017,hrs_d_pm10_it1,510.276227402646,409.639429036615,100.636798366031,24.56716595927,1.2456716595927,1429271,606
santiago_2017,hrs_d_pm10_it2,1577.86480480951,1430.74699809432,147.117806715191,10.282587131837,1.10282587131837,1429271,606
santiago_2017,avg_pm10,68.3409932281428,66.2302398412498,2.11075338689301,3.18699342166413,1.03186993421664,1429271,606
santiago_2017,hrs_d_pm25_it1,271.862154632834,168.69450406113,103.167650571705,61.1564977447753,1.61156497744775,1429271,606
santiago_2017,hrs_d_pm25_it2,945.442645835092,765.061421117875,180.381224717218,23.5773520580416,1.23577352058042,1429271,606
santiago_2017,avg_pm25,24.5386624242032,22.9288741815456,1.60978824265762,7.0207905975308,1.07020790597531,1429271,606
sao_paulo_2010,hrs_d_pm10_it1,5.66814512510804,2.39535856826671,3.27278655684133,136.630340033373,2.36630340033373,3211384.78869041,189
sao_paulo_2010,hrs_d_pm10_it2,71.8046125872221,51.3149644752196,20.4896481120026,39.9291869760471,1.39929186976047,3211384.78869041,189
sao_paulo_2010,avg_pm10,26.4865243401601,25.7369153312078,0.749609008952369,2.91258295450589,1.02912582954506,3211384.78869041,189
sao_paulo_2010,hrs_d_pm25_it1,17.991165069118,13.8015223546477,4.1896427144703,30.3563810340055,1.30356381034005,2856619.31561217,153
sao_paulo_2010,hrs_d_pm25_it2,141.434056020109,122.027289220931,19.4067667991784,15.903628543319,1.15903628543319,2856619.31561217,153
sao_paulo_2010,avg_pm25,14.2160809937141,14.1317294584027,0.0843515353114075,0.596894637416456,1.00596894637416,2856619.31561217,153
