individual_quintile_split,area_quintile_split,population,level,outcome,city_id
1,1,252017.220273188,fine,hrs_d_pm10_it1,bogota_2018
2,1,190082.816705003,fine,hrs_d_pm10_it1,bogota_2018
1,2,203768.358464278,fine,hrs_d_pm10_it1,bogota_2018
2,2,204685.096160754,fine,hrs_d_pm10_it1,bogota_2018
3,2,196520.270298234,fine,hrs_d_pm10_it1,bogota_2018
4,2,123065.509705808,fine,hrs_d_pm10_it1,bogota_2018
5,2,57189.7653709249,fine,hrs_d_pm10_it1,bogota_2018
1,4,114721.182909562,fine,hrs_d_pm10_it1,bogota_2018
2,4,157575.686728894,fine,hrs_d_pm10_it1,bogota_2018
3,4,186046.639999358,fine,hrs_d_pm10_it1,bogota_2018
4,4,271163.963372153,fine,hrs_d_pm10_it1,bogota_2018
5,4,233187.526990033,fine,hrs_d_pm10_it1,bogota_2018
3,1,155380.658939552,fine,hrs_d_pm10_it1,bogota_2018
4,1,66256.9563403003,fine,hrs_d_pm10_it1,bogota_2018
5,1,23794.3477419594,fine,hrs_d_pm10_it1,bogota_2018
1,3,164224.975586256,fine,hrs_d_pm10_it1,bogota_2018
2,3,197340.927323009,fine,hrs_d_pm10_it1,bogota_2018
3,3,208392.690399513,fine,hrs_d_pm10_it1,bogota_2018
4,3,186422.696778238,fine,hrs_d_pm10_it1,bogota_2018
5,3,108878.709912985,fine,hrs_d_pm10_it1,bogota_2018
2,5,66751.1739882515,fine,hrs_d_pm10_it1,bogota_2018
3,5,85348.4267731056,fine,hrs_d_pm10_it1,bogota_2018
4,5,245736.933769206,fine,hrs_d_pm10_it1,bogota_2018
5,5,499862.691000592,fine,hrs_d_pm10_it1,bogota_2018
1,5,56622.7744688445,fine,hrs_d_pm10_it1,bogota_2018
1,1,252017.220273188,fine,hrs_d_pm10_it2,bogota_2018
2,1,190082.816705003,fine,hrs_d_pm10_it2,bogota_2018
1,2,203768.358464278,fine,hrs_d_pm10_it2,bogota_2018
2,2,204685.096160754,fine,hrs_d_pm10_it2,bogota_2018
3,2,196520.270298234,fine,hrs_d_pm10_it2,bogota_2018
4,2,123065.509705808,fine,hrs_d_pm10_it2,bogota_2018
5,2,57189.7653709249,fine,hrs_d_pm10_it2,bogota_2018
1,4,114721.182909562,fine,hrs_d_pm10_it2,bogota_2018
2,4,157575.686728894,fine,hrs_d_pm10_it2,bogota_2018
3,4,186046.639999358,fine,hrs_d_pm10_it2,bogota_2018
4,4,271163.963372153,fine,hrs_d_pm10_it2,bogota_2018
5,4,233187.526990033,fine,hrs_d_pm10_it2,bogota_2018
3,1,155380.658939552,fine,hrs_d_pm10_it2,bogota_2018
4,1,66256.9563403003,fine,hrs_d_pm10_it2,bogota_2018
5,1,23794.3477419594,fine,hrs_d_pm10_it2,bogota_2018
1,3,164224.975586256,fine,hrs_d_pm10_it2,bogota_2018
2,3,197340.927323009,fine,hrs_d_pm10_it2,bogota_2018
3,3,208392.690399513,fine,hrs_d_pm10_it2,bogota_2018
4,3,186422.696778238,fine,hrs_d_pm10_it2,bogota_2018
5,3,108878.709912985,fine,hrs_d_pm10_it2,bogota_2018
2,5,66751.1739882515,fine,hrs_d_pm10_it2,bogota_2018
3,5,85348.4267731056,fine,hrs_d_pm10_it2,bogota_2018
4,5,245736.933769206,fine,hrs_d_pm10_it2,bogota_2018
5,5,499862.691000592,fine,hrs_d_pm10_it2,bogota_2018
1,5,56622.7744688445,fine,hrs_d_pm10_it2,bogota_2018
1,1,252017.220273188,fine,avg_pm10,bogota_2018
2,1,190082.816705003,fine,avg_pm10,bogota_2018
1,2,203768.358464278,fine,avg_pm10,bogota_2018
2,2,204685.096160754,fine,avg_pm10,bogota_2018
3,2,196520.270298234,fine,avg_pm10,bogota_2018
4,2,123065.509705808,fine,avg_pm10,bogota_2018
5,2,57189.7653709249,fine,avg_pm10,bogota_2018
1,4,114721.182909562,fine,avg_pm10,bogota_2018
2,4,157575.686728894,fine,avg_pm10,bogota_2018
3,4,186046.639999358,fine,avg_pm10,bogota_2018
4,4,271163.963372153,fine,avg_pm10,bogota_2018
5,4,233187.526990033,fine,avg_pm10,bogota_2018
3,1,155380.658939552,fine,avg_pm10,bogota_2018
4,1,66256.9563403003,fine,avg_pm10,bogota_2018
5,1,23794.3477419594,fine,avg_pm10,bogota_2018
1,3,164224.975586256,fine,avg_pm10,bogota_2018
2,3,197340.927323009,fine,avg_pm10,bogota_2018
3,3,208392.690399513,fine,avg_pm10,bogota_2018
4,3,186422.696778238,fine,avg_pm10,bogota_2018
5,3,108878.709912985,fine,avg_pm10,bogota_2018
2,5,66751.1739882515,fine,avg_pm10,bogota_2018
3,5,85348.4267731056,fine,avg_pm10,bogota_2018
4,5,245736.933769206,fine,avg_pm10,bogota_2018
5,5,499862.691000592,fine,avg_pm10,bogota_2018
1,5,56622.7744688445,fine,avg_pm10,bogota_2018
1,1,251005.896494625,fine,hrs_d_pm25_it1,bogota_2018
2,1,189316.006444064,fine,hrs_d_pm25_it1,bogota_2018
1,2,203576.519043104,fine,hrs_d_pm25_it1,bogota_2018
2,2,204478.497036928,fine,hrs_d_pm25_it1,bogota_2018
3,2,196327.931863492,fine,hrs_d_pm25_it1,bogota_2018
4,2,122948.979728883,fine,hrs_d_pm25_it1,bogota_2018
5,2,57148.0723275924,fine,hrs_d_pm25_it1,bogota_2018
1,4,114721.182909562,fine,hrs_d_pm25_it1,bogota_2018
2,4,157575.686728894,fine,hrs_d_pm25_it1,bogota_2018
3,4,186046.639999358,fine,hrs_d_pm25_it1,bogota_2018
4,4,271163.963372153,fine,hrs_d_pm25_it1,bogota_2018
5,4,233187.526990033,fine,hrs_d_pm25_it1,bogota_2018
3,1,154784.015999311,fine,hrs_d_pm25_it1,bogota_2018
4,1,66021.9654936774,fine,hrs_d_pm25_it1,bogota_2018
5,1,23719.1155683246,fine,hrs_d_pm25_it1,bogota_2018
1,3,164180.699049222,fine,hrs_d_pm25_it1,bogota_2018
2,3,197289.862449913,fine,hrs_d_pm25_it1,bogota_2018
3,3,208336.031809643,fine,hrs_d_pm25_it1,bogota_2018
4,3,186377.358691207,fine,hrs_d_pm25_it1,bogota_2018
5,3,108855.048000016,fine,hrs_d_pm25_it1,bogota_2018
2,5,66750.7468043192,fine,hrs_d_pm25_it1,bogota_2018
3,5,85347.7272843417,fine,hrs_d_pm25_it1,bogota_2018
4,5,245729.349247448,fine,hrs_d_pm25_it1,bogota_2018
5,5,499856.275522349,fine,hrs_d_pm25_it1,bogota_2018
1,5,56620.9011415406,fine,hrs_d_pm25_it1,bogota_2018
1,1,251005.896494625,fine,hrs_d_pm25_it2,bogota_2018
2,1,189316.006444064,fine,hrs_d_pm25_it2,bogota_2018
1,2,203576.519043104,fine,hrs_d_pm25_it2,bogota_2018
2,2,204478.497036928,fine,hrs_d_pm25_it2,bogota_2018
3,2,196327.931863492,fine,hrs_d_pm25_it2,bogota_2018
4,2,122948.979728883,fine,hrs_d_pm25_it2,bogota_2018
5,2,57148.0723275924,fine,hrs_d_pm25_it2,bogota_2018
1,4,114721.182909562,fine,hrs_d_pm25_it2,bogota_2018
2,4,157575.686728894,fine,hrs_d_pm25_it2,bogota_2018
3,4,186046.639999358,fine,hrs_d_pm25_it2,bogota_2018
4,4,271163.963372153,fine,hrs_d_pm25_it2,bogota_2018
5,4,233187.526990033,fine,hrs_d_pm25_it2,bogota_2018
3,1,154784.015999311,fine,hrs_d_pm25_it2,bogota_2018
4,1,66021.9654936774,fine,hrs_d_pm25_it2,bogota_2018
5,1,23719.1155683246,fine,hrs_d_pm25_it2,bogota_2018
1,3,164180.699049222,fine,hrs_d_pm25_it2,bogota_2018
2,3,197289.862449913,fine,hrs_d_pm25_it2,bogota_2018
3,3,208336.031809643,fine,hrs_d_pm25_it2,bogota_2018
4,3,186377.358691207,fine,hrs_d_pm25_it2,bogota_2018
5,3,108855.048000016,fine,hrs_d_pm25_it2,bogota_2018
2,5,66750.7468043192,fine,hrs_d_pm25_it2,bogota_2018
3,5,85347.7272843417,fine,hrs_d_pm25_it2,bogota_2018
4,5,245729.349247448,fine,hrs_d_pm25_it2,bogota_2018
5,5,499856.275522349,fine,hrs_d_pm25_it2,bogota_2018
1,5,56620.9011415406,fine,hrs_d_pm25_it2,bogota_2018
1,1,251005.896494625,fine,avg_pm25,bogota_2018
2,1,189316.006444064,fine,avg_pm25,bogota_2018
1,2,203576.519043104,fine,avg_pm25,bogota_2018
2,2,204478.497036928,fine,avg_pm25,bogota_2018
3,2,196327.931863492,fine,avg_pm25,bogota_2018
4,2,122948.979728883,fine,avg_pm25,bogota_2018
5,2,57148.0723275924,fine,avg_pm25,bogota_2018
1,4,114721.182909562,fine,avg_pm25,bogota_2018
2,4,157575.686728894,fine,avg_pm25,bogota_2018
3,4,186046.639999358,fine,avg_pm25,bogota_2018
4,4,271163.963372153,fine,avg_pm25,bogota_2018
5,4,233187.526990033,fine,avg_pm25,bogota_2018
3,1,154784.015999311,fine,avg_pm25,bogota_2018
4,1,66021.9654936774,fine,avg_pm25,bogota_2018
5,1,23719.1155683246,fine,avg_pm25,bogota_2018
1,3,164180.699049222,fine,avg_pm25,bogota_2018
2,3,197289.862449913,fine,avg_pm25,bogota_2018
3,3,208336.031809643,fine,avg_pm25,bogota_2018
4,3,186377.358691207,fine,avg_pm25,bogota_2018
5,3,108855.048000016,fine,avg_pm25,bogota_2018
2,5,66750.7468043192,fine,avg_pm25,bogota_2018
3,5,85347.7272843417,fine,avg_pm25,bogota_2018
4,5,245729.349247448,fine,avg_pm25,bogota_2018
5,5,499856.275522349,fine,avg_pm25,bogota_2018
1,5,56620.9011415406,fine,avg_pm25,bogota_2018
1,4,131906.543519359,seccion,hrs_d_pm10_it1,bogota_2018
2,4,163905.066080111,seccion,hrs_d_pm10_it1,bogota_2018
3,4,187144.063083158,seccion,hrs_d_pm10_it1,bogota_2018
4,4,259298.81283441,seccion,hrs_d_pm10_it1,bogota_2018
5,4,233427.514482963,seccion,hrs_d_pm10_it1,bogota_2018
1,2,185924.509067349,seccion,hrs_d_pm10_it1,bogota_2018
2,2,187927.872182421,seccion,hrs_d_pm10_it1,bogota_2018
3,2,181167.086982274,seccion,hrs_d_pm10_it1,bogota_2018
4,2,118326.425000211,seccion,hrs_d_pm10_it1,bogota_2018
5,2,56541.1067677433,seccion,hrs_d_pm10_it1,bogota_2018
1,3,173161.215226883,seccion,hrs_d_pm10_it1,bogota_2018
2,3,201651.880885515,seccion,hrs_d_pm10_it1,bogota_2018
3,3,211410.62190479,seccion,hrs_d_pm10_it1,bogota_2018
4,3,195368.303229139,seccion,hrs_d_pm10_it1,bogota_2018
5,3,121050.978753674,seccion,hrs_d_pm10_it1,bogota_2018
1,1,235035.77842339,seccion,hrs_d_pm10_it1,bogota_2018
2,1,186952.178566571,seccion,hrs_d_pm10_it1,bogota_2018
3,1,157327.439234719,seccion,hrs_d_pm10_it1,bogota_2018
4,1,71846.8346523892,seccion,hrs_d_pm10_it1,bogota_2018
5,1,26848.7691229326,seccion,hrs_d_pm10_it1,bogota_2018
1,5,65326.4654651466,seccion,hrs_d_pm10_it1,bogota_2018
2,5,75998.7031912941,seccion,hrs_d_pm10_it1,bogota_2018
3,5,94639.4752048222,seccion,hrs_d_pm10_it1,bogota_2018
4,5,247805.684249553,seccion,hrs_d_pm10_it1,bogota_2018
5,5,485044.671889181,seccion,hrs_d_pm10_it1,bogota_2018
1,4,131906.543519359,seccion,hrs_d_pm10_it2,bogota_2018
2,4,163905.066080111,seccion,hrs_d_pm10_it2,bogota_2018
3,4,187144.063083158,seccion,hrs_d_pm10_it2,bogota_2018
4,4,259298.81283441,seccion,hrs_d_pm10_it2,bogota_2018
5,4,233427.514482963,seccion,hrs_d_pm10_it2,bogota_2018
1,2,185924.509067349,seccion,hrs_d_pm10_it2,bogota_2018
2,2,187927.872182421,seccion,hrs_d_pm10_it2,bogota_2018
3,2,181167.086982274,seccion,hrs_d_pm10_it2,bogota_2018
4,2,118326.425000211,seccion,hrs_d_pm10_it2,bogota_2018
5,2,56541.1067677433,seccion,hrs_d_pm10_it2,bogota_2018
1,3,173161.215226883,seccion,hrs_d_pm10_it2,bogota_2018
2,3,201651.880885515,seccion,hrs_d_pm10_it2,bogota_2018
3,3,211410.62190479,seccion,hrs_d_pm10_it2,bogota_2018
4,3,195368.303229139,seccion,hrs_d_pm10_it2,bogota_2018
5,3,121050.978753674,seccion,hrs_d_pm10_it2,bogota_2018
1,1,235035.77842339,seccion,hrs_d_pm10_it2,bogota_2018
2,1,186952.178566571,seccion,hrs_d_pm10_it2,bogota_2018
3,1,157327.439234719,seccion,hrs_d_pm10_it2,bogota_2018
4,1,71846.8346523892,seccion,hrs_d_pm10_it2,bogota_2018
5,1,26848.7691229326,seccion,hrs_d_pm10_it2,bogota_2018
1,5,65326.4654651466,seccion,hrs_d_pm10_it2,bogota_2018
2,5,75998.7031912941,seccion,hrs_d_pm10_it2,bogota_2018
3,5,94639.4752048222,seccion,hrs_d_pm10_it2,bogota_2018
4,5,247805.684249553,seccion,hrs_d_pm10_it2,bogota_2018
5,5,485044.671889181,seccion,hrs_d_pm10_it2,bogota_2018
1,4,131906.543519359,seccion,avg_pm10,bogota_2018
2,4,163905.066080111,seccion,avg_pm10,bogota_2018
3,4,187144.063083158,seccion,avg_pm10,bogota_2018
4,4,259298.81283441,seccion,avg_pm10,bogota_2018
5,4,233427.514482963,seccion,avg_pm10,bogota_2018
1,2,185924.509067349,seccion,avg_pm10,bogota_2018
2,2,187927.872182421,seccion,avg_pm10,bogota_2018
3,2,181167.086982274,seccion,avg_pm10,bogota_2018
4,2,118326.425000211,seccion,avg_pm10,bogota_2018
5,2,56541.1067677433,seccion,avg_pm10,bogota_2018
1,3,173161.215226883,seccion,avg_pm10,bogota_2018
2,3,201651.880885515,seccion,avg_pm10,bogota_2018
3,3,211410.62190479,seccion,avg_pm10,bogota_2018
4,3,195368.303229139,seccion,avg_pm10,bogota_2018
5,3,121050.978753674,seccion,avg_pm10,bogota_2018
1,1,235035.77842339,seccion,avg_pm10,bogota_2018
2,1,186952.178566571,seccion,avg_pm10,bogota_2018
3,1,157327.439234719,seccion,avg_pm10,bogota_2018
4,1,71846.8346523892,seccion,avg_pm10,bogota_2018
5,1,26848.7691229326,seccion,avg_pm10,bogota_2018
1,5,65326.4654651466,seccion,avg_pm10,bogota_2018
2,5,75998.7031912941,seccion,avg_pm10,bogota_2018
3,5,94639.4752048222,seccion,avg_pm10,bogota_2018
4,5,247805.684249553,seccion,avg_pm10,bogota_2018
5,5,485044.671889181,seccion,avg_pm10,bogota_2018
1,4,131906.543519359,seccion,hrs_d_pm25_it1,bogota_2018
2,4,163905.066080111,seccion,hrs_d_pm25_it1,bogota_2018
3,4,187144.063083158,seccion,hrs_d_pm25_it1,bogota_2018
4,4,259298.81283441,seccion,hrs_d_pm25_it1,bogota_2018
5,4,233427.514482963,seccion,hrs_d_pm25_it1,bogota_2018
1,2,185904.77579431,seccion,hrs_d_pm25_it1,bogota_2018
2,2,187900.693697028,seccion,hrs_d_pm25_it1,bogota_2018
3,2,181150.998740706,seccion,hrs_d_pm25_it1,bogota_2018
4,2,118303.47126106,seccion,hrs_d_pm25_it1,bogota_2018
5,2,56536.0605068949,seccion,hrs_d_pm25_it1,bogota_2018
1,3,173089.648771247,seccion,hrs_d_pm25_it1,bogota_2018
2,3,201574.987015284,seccion,hrs_d_pm25_it1,bogota_2018
3,3,211327.6194007,seccion,hrs_d_pm25_it1,bogota_2018
4,3,195308.997363338,seccion,hrs_d_pm25_it1,bogota_2018
5,3,121016.747449432,seccion,hrs_d_pm25_it1,bogota_2018
1,1,233877.765087991,seccion,hrs_d_pm25_it1,bogota_2018
2,1,186031.349480401,seccion,hrs_d_pm25_it1,bogota_2018
3,1,156580.190526759,seccion,hrs_d_pm25_it1,bogota_2018
4,1,71524.6508250054,seccion,hrs_d_pm25_it1,bogota_2018
5,1,26741.0440798438,seccion,hrs_d_pm25_it1,bogota_2018
1,5,65326.4654651466,seccion,hrs_d_pm25_it1,bogota_2018
2,5,75998.7031912941,seccion,hrs_d_pm25_it1,bogota_2018
3,5,94639.4752048222,seccion,hrs_d_pm25_it1,bogota_2018
4,5,247805.684249553,seccion,hrs_d_pm25_it1,bogota_2018
5,5,485044.671889181,seccion,hrs_d_pm25_it1,bogota_2018
1,4,131906.543519359,seccion,hrs_d_pm25_it2,bogota_2018
2,4,163905.066080111,seccion,hrs_d_pm25_it2,bogota_2018
3,4,187144.063083158,seccion,hrs_d_pm25_it2,bogota_2018
4,4,259298.81283441,seccion,hrs_d_pm25_it2,bogota_2018
5,4,233427.514482963,seccion,hrs_d_pm25_it2,bogota_2018
1,2,185904.77579431,seccion,hrs_d_pm25_it2,bogota_2018
2,2,187900.693697028,seccion,hrs_d_pm25_it2,bogota_2018
3,2,181150.998740706,seccion,hrs_d_pm25_it2,bogota_2018
4,2,118303.47126106,seccion,hrs_d_pm25_it2,bogota_2018
5,2,56536.0605068949,seccion,hrs_d_pm25_it2,bogota_2018
1,3,173089.648771247,seccion,hrs_d_pm25_it2,bogota_2018
2,3,201574.987015284,seccion,hrs_d_pm25_it2,bogota_2018
3,3,211327.6194007,seccion,hrs_d_pm25_it2,bogota_2018
4,3,195308.997363338,seccion,hrs_d_pm25_it2,bogota_2018
5,3,121016.747449432,seccion,hrs_d_pm25_it2,bogota_2018
1,1,233877.765087991,seccion,hrs_d_pm25_it2,bogota_2018
2,1,186031.349480401,seccion,hrs_d_pm25_it2,bogota_2018
3,1,156580.190526759,seccion,hrs_d_pm25_it2,bogota_2018
4,1,71524.6508250054,seccion,hrs_d_pm25_it2,bogota_2018
5,1,26741.0440798438,seccion,hrs_d_pm25_it2,bogota_2018
1,5,65326.4654651466,seccion,hrs_d_pm25_it2,bogota_2018
2,5,75998.7031912941,seccion,hrs_d_pm25_it2,bogota_2018
3,5,94639.4752048222,seccion,hrs_d_pm25_it2,bogota_2018
4,5,247805.684249553,seccion,hrs_d_pm25_it2,bogota_2018
5,5,485044.671889181,seccion,hrs_d_pm25_it2,bogota_2018
1,4,131906.543519359,seccion,avg_pm25,bogota_2018
2,4,163905.066080111,seccion,avg_pm25,bogota_2018
3,4,187144.063083158,seccion,avg_pm25,bogota_2018
4,4,259298.81283441,seccion,avg_pm25,bogota_2018
5,4,233427.514482963,seccion,avg_pm25,bogota_2018
1,2,185904.77579431,seccion,avg_pm25,bogota_2018
2,2,187900.693697028,seccion,avg_pm25,bogota_2018
3,2,181150.998740706,seccion,avg_pm25,bogota_2018
4,2,118303.47126106,seccion,avg_pm25,bogota_2018
5,2,56536.0605068949,seccion,avg_pm25,bogota_2018
1,3,173089.648771247,seccion,avg_pm25,bogota_2018
2,3,201574.987015284,seccion,avg_pm25,bogota_2018
3,3,211327.6194007,seccion,avg_pm25,bogota_2018
4,3,195308.997363338,seccion,avg_pm25,bogota_2018
5,3,121016.747449432,seccion,avg_pm25,bogota_2018
1,1,233877.765087991,seccion,avg_pm25,bogota_2018
2,1,186031.349480401,seccion,avg_pm25,bogota_2018
3,1,156580.190526759,seccion,avg_pm25,bogota_2018
4,1,71524.6508250054,seccion,avg_pm25,bogota_2018
5,1,26741.0440798438,seccion,avg_pm25,bogota_2018
1,5,65326.4654651466,seccion,avg_pm25,bogota_2018
2,5,75998.7031912941,seccion,avg_pm25,bogota_2018
3,5,94639.4752048222,seccion,avg_pm25,bogota_2018
4,5,247805.684249553,seccion,avg_pm25,bogota_2018
5,5,485044.671889181,seccion,avg_pm25,bogota_2018
1,4,138391.090982242,sector,hrs_d_pm10_it1,bogota_2018
2,4,165284.914027136,sector,hrs_d_pm10_it1,bogota_2018
3,4,186371.283940899,sector,hrs_d_pm10_it1,bogota_2018
4,4,253008.300207546,sector,hrs_d_pm10_it1,bogota_2018
5,4,231022.410842178,sector,hrs_d_pm10_it1,bogota_2018
1,3,181336.962462712,sector,hrs_d_pm10_it1,bogota_2018
2,3,207385.783875881,sector,hrs_d_pm10_it1,bogota_2018
3,3,216394.789419541,sector,hrs_d_pm10_it1,bogota_2018
4,3,199398.586551272,sector,hrs_d_pm10_it1,bogota_2018
5,3,129923.877690596,sector,hrs_d_pm10_it1,bogota_2018
1,2,186186.379727573,sector,hrs_d_pm10_it1,bogota_2018
2,2,188564.575651441,sector,hrs_d_pm10_it1,bogota_2018
3,2,181328.680747444,sector,hrs_d_pm10_it1,bogota_2018
4,2,126369.324079529,sector,hrs_d_pm10_it1,bogota_2018
5,2,62633.0397940115,sector,hrs_d_pm10_it1,bogota_2018
1,1,214271.095031788,sector,hrs_d_pm10_it1,bogota_2018
2,1,174133.465062368,sector,hrs_d_pm10_it1,bogota_2018
3,1,148689.157462628,sector,hrs_d_pm10_it1,bogota_2018
4,1,71236.3079300477,sector,hrs_d_pm10_it1,bogota_2018
5,1,27538.974513169,sector,hrs_d_pm10_it1,bogota_2018
1,5,71168.9834978115,sector,hrs_d_pm10_it1,bogota_2018
2,5,81066.9622890861,sector,hrs_d_pm10_it1,bogota_2018
3,5,98904.7748392514,sector,hrs_d_pm10_it1,bogota_2018
4,5,242633.541197309,sector,hrs_d_pm10_it1,bogota_2018
5,5,471794.738176541,sector,hrs_d_pm10_it1,bogota_2018
1,4,138391.090982242,sector,hrs_d_pm10_it2,bogota_2018
2,4,165284.914027136,sector,hrs_d_pm10_it2,bogota_2018
3,4,186371.283940899,sector,hrs_d_pm10_it2,bogota_2018
4,4,253008.300207546,sector,hrs_d_pm10_it2,bogota_2018
5,4,231022.410842178,sector,hrs_d_pm10_it2,bogota_2018
1,3,181336.962462712,sector,hrs_d_pm10_it2,bogota_2018
2,3,207385.783875881,sector,hrs_d_pm10_it2,bogota_2018
3,3,216394.789419541,sector,hrs_d_pm10_it2,bogota_2018
4,3,199398.586551272,sector,hrs_d_pm10_it2,bogota_2018
5,3,129923.877690596,sector,hrs_d_pm10_it2,bogota_2018
1,2,186186.379727573,sector,hrs_d_pm10_it2,bogota_2018
2,2,188564.575651441,sector,hrs_d_pm10_it2,bogota_2018
3,2,181328.680747444,sector,hrs_d_pm10_it2,bogota_2018
4,2,126369.324079529,sector,hrs_d_pm10_it2,bogota_2018
5,2,62633.0397940115,sector,hrs_d_pm10_it2,bogota_2018
1,1,214271.095031788,sector,hrs_d_pm10_it2,bogota_2018
2,1,174133.465062368,sector,hrs_d_pm10_it2,bogota_2018
3,1,148689.157462628,sector,hrs_d_pm10_it2,bogota_2018
4,1,71236.3079300477,sector,hrs_d_pm10_it2,bogota_2018
5,1,27538.974513169,sector,hrs_d_pm10_it2,bogota_2018
1,5,71168.9834978115,sector,hrs_d_pm10_it2,bogota_2018
2,5,81066.9622890861,sector,hrs_d_pm10_it2,bogota_2018
3,5,98904.7748392514,sector,hrs_d_pm10_it2,bogota_2018
4,5,242633.541197309,sector,hrs_d_pm10_it2,bogota_2018
5,5,471794.738176541,sector,hrs_d_pm10_it2,bogota_2018
1,4,138391.090982242,sector,avg_pm10,bogota_2018
2,4,165284.914027136,sector,avg_pm10,bogota_2018
3,4,186371.283940899,sector,avg_pm10,bogota_2018
4,4,253008.300207546,sector,avg_pm10,bogota_2018
5,4,231022.410842178,sector,avg_pm10,bogota_2018
1,3,181336.962462712,sector,avg_pm10,bogota_2018
2,3,207385.783875881,sector,avg_pm10,bogota_2018
3,3,216394.789419541,sector,avg_pm10,bogota_2018
4,3,199398.586551272,sector,avg_pm10,bogota_2018
5,3,129923.877690596,sector,avg_pm10,bogota_2018
1,2,186186.379727573,sector,avg_pm10,bogota_2018
2,2,188564.575651441,sector,avg_pm10,bogota_2018
3,2,181328.680747444,sector,avg_pm10,bogota_2018
4,2,126369.324079529,sector,avg_pm10,bogota_2018
5,2,62633.0397940115,sector,avg_pm10,bogota_2018
1,1,214271.095031788,sector,avg_pm10,bogota_2018
2,1,174133.465062368,sector,avg_pm10,bogota_2018
3,1,148689.157462628,sector,avg_pm10,bogota_2018
4,1,71236.3079300477,sector,avg_pm10,bogota_2018
5,1,27538.974513169,sector,avg_pm10,bogota_2018
1,5,71168.9834978115,sector,avg_pm10,bogota_2018
2,5,81066.9622890861,sector,avg_pm10,bogota_2018
3,5,98904.7748392514,sector,avg_pm10,bogota_2018
4,5,242633.541197309,sector,avg_pm10,bogota_2018
5,5,471794.738176541,sector,avg_pm10,bogota_2018
1,4,138391.090982242,sector,hrs_d_pm25_it1,bogota_2018
2,4,165284.914027136,sector,hrs_d_pm25_it1,bogota_2018
3,4,186371.283940899,sector,hrs_d_pm25_it1,bogota_2018
4,4,253008.300207546,sector,hrs_d_pm25_it1,bogota_2018
5,4,231022.410842178,sector,hrs_d_pm25_it1,bogota_2018
1,3,181336.962462712,sector,hrs_d_pm25_it1,bogota_2018
2,3,207385.783875881,sector,hrs_d_pm25_it1,bogota_2018
3,3,216394.789419541,sector,hrs_d_pm25_it1,bogota_2018
4,3,199398.586551272,sector,hrs_d_pm25_it1,bogota_2018
5,3,129923.877690596,sector,hrs_d_pm25_it1,bogota_2018
1,2,185536.458254324,sector,hrs_d_pm25_it1,bogota_2018
2,2,188008.714720041,sector,hrs_d_pm25_it1,bogota_2018
3,2,180801.29768248,sector,hrs_d_pm25_it1,bogota_2018
4,2,126081.953027019,sector,hrs_d_pm25_it1,bogota_2018
5,2,62524.5763161349,sector,hrs_d_pm25_it1,bogota_2018
1,1,213671.703440965,sector,hrs_d_pm25_it1,bogota_2018
2,1,173664.424551974,sector,hrs_d_pm25_it1,bogota_2018
3,1,148370.201073974,sector,hrs_d_pm25_it1,bogota_2018
4,1,71119.2355502211,sector,hrs_d_pm25_it1,bogota_2018
5,1,27500.4353828667,sector,hrs_d_pm25_it1,bogota_2018
1,5,71168.9834978115,sector,hrs_d_pm25_it1,bogota_2018
2,5,81066.9622890861,sector,hrs_d_pm25_it1,bogota_2018
3,5,98904.7748392514,sector,hrs_d_pm25_it1,bogota_2018
4,5,242633.541197309,sector,hrs_d_pm25_it1,bogota_2018
5,5,471794.738176541,sector,hrs_d_pm25_it1,bogota_2018
1,4,138391.090982242,sector,hrs_d_pm25_it2,bogota_2018
2,4,165284.914027136,sector,hrs_d_pm25_it2,bogota_2018
3,4,186371.283940899,sector,hrs_d_pm25_it2,bogota_2018
4,4,253008.300207546,sector,hrs_d_pm25_it2,bogota_2018
5,4,231022.410842178,sector,hrs_d_pm25_it2,bogota_2018
1,3,181336.962462712,sector,hrs_d_pm25_it2,bogota_2018
2,3,207385.783875881,sector,hrs_d_pm25_it2,bogota_2018
3,3,216394.789419541,sector,hrs_d_pm25_it2,bogota_2018
4,3,199398.586551272,sector,hrs_d_pm25_it2,bogota_2018
5,3,129923.877690596,sector,hrs_d_pm25_it2,bogota_2018
1,2,185536.458254324,sector,hrs_d_pm25_it2,bogota_2018
2,2,188008.714720041,sector,hrs_d_pm25_it2,bogota_2018
3,2,180801.29768248,sector,hrs_d_pm25_it2,bogota_2018
4,2,126081.953027019,sector,hrs_d_pm25_it2,bogota_2018
5,2,62524.5763161349,sector,hrs_d_pm25_it2,bogota_2018
1,1,213671.703440965,sector,hrs_d_pm25_it2,bogota_2018
2,1,173664.424551974,sector,hrs_d_pm25_it2,bogota_2018
3,1,148370.201073974,sector,hrs_d_pm25_it2,bogota_2018
4,1,71119.2355502211,sector,hrs_d_pm25_it2,bogota_2018
5,1,27500.4353828667,sector,hrs_d_pm25_it2,bogota_2018
1,5,71168.9834978115,sector,hrs_d_pm25_it2,bogota_2018
2,5,81066.9622890861,sector,hrs_d_pm25_it2,bogota_2018
3,5,98904.7748392514,sector,hrs_d_pm25_it2,bogota_2018
4,5,242633.541197309,sector,hrs_d_pm25_it2,bogota_2018
5,5,471794.738176541,sector,hrs_d_pm25_it2,bogota_2018
1,4,138391.090982242,sector,avg_pm25,bogota_2018
2,4,165284.914027136,sector,avg_pm25,bogota_2018
3,4,186371.283940899,sector,avg_pm25,bogota_2018
4,4,253008.300207546,sector,avg_pm25,bogota_2018
5,4,231022.410842178,sector,avg_pm25,bogota_2018
1,3,181336.962462712,sector,avg_pm25,bogota_2018
2,3,207385.783875881,sector,avg_pm25,bogota_2018
3,3,216394.789419541,sector,avg_pm25,bogota_2018
4,3,199398.586551272,sector,avg_pm25,bogota_2018
5,3,129923.877690596,sector,avg_pm25,bogota_2018
1,2,185536.458254324,sector,avg_pm25,bogota_2018
2,2,188008.714720041,sector,avg_pm25,bogota_2018
3,2,180801.29768248,sector,avg_pm25,bogota_2018
4,2,126081.953027019,sector,avg_pm25,bogota_2018
5,2,62524.5763161349,sector,avg_pm25,bogota_2018
1,1,213671.703440965,sector,avg_pm25,bogota_2018
2,1,173664.424551974,sector,avg_pm25,bogota_2018
3,1,148370.201073974,sector,avg_pm25,bogota_2018
4,1,71119.2355502211,sector,avg_pm25,bogota_2018
5,1,27500.4353828667,sector,avg_pm25,bogota_2018
1,5,71168.9834978115,sector,avg_pm25,bogota_2018
2,5,81066.9622890861,sector,avg_pm25,bogota_2018
3,5,98904.7748392514,sector,avg_pm25,bogota_2018
4,5,242633.541197309,sector,avg_pm25,bogota_2018
5,5,471794.738176541,sector,avg_pm25,bogota_2018
1,2,209143.957829285,localidad,hrs_d_pm10_it1,bogota_2018
2,2,207075.743733846,localidad,hrs_d_pm10_it1,bogota_2018
3,2,196329.534225696,localidad,hrs_d_pm10_it1,bogota_2018
4,2,151984.690571774,localidad,hrs_d_pm10_it1,bogota_2018
5,2,88846.0736393972,localidad,hrs_d_pm10_it1,bogota_2018
1,3,195643.664034991,localidad,hrs_d_pm10_it1,bogota_2018
2,3,214767.705423245,localidad,hrs_d_pm10_it1,bogota_2018
3,3,222673.020320769,localidad,hrs_d_pm10_it1,bogota_2018
4,3,236212.292678492,localidad,hrs_d_pm10_it1,bogota_2018
5,3,198007.317542503,localidad,hrs_d_pm10_it1,bogota_2018
1,1,150838.267913913,localidad,hrs_d_pm10_it1,bogota_2018
2,1,135343.750336115,localidad,hrs_d_pm10_it1,bogota_2018
3,1,124790.449889935,localidad,hrs_d_pm10_it1,bogota_2018
4,1,79834.5486834104,localidad,hrs_d_pm10_it1,bogota_2018
5,1,39463.9831766276,localidad,hrs_d_pm10_it1,bogota_2018
1,4,66184.459530767,localidad,hrs_d_pm10_it1,bogota_2018
2,4,73844.0572002636,localidad,hrs_d_pm10_it1,bogota_2018
3,4,79279.6443493863,localidad,hrs_d_pm10_it1,bogota_2018
4,4,104099.886507088,localidad,hrs_d_pm10_it1,bogota_2018
5,4,106872.952412494,localidad,hrs_d_pm10_it1,bogota_2018
1,5,169544.162393169,localidad,hrs_d_pm10_it1,bogota_2018
2,5,185404.444212442,localidad,hrs_d_pm10_it1,bogota_2018
3,5,208616.037623975,localidad,hrs_d_pm10_it1,bogota_2018
4,5,320514.641524939,localidad,hrs_d_pm10_it1,bogota_2018
5,5,489722.714245471,localidad,hrs_d_pm10_it1,bogota_2018
1,2,209143.957829285,localidad,hrs_d_pm10_it2,bogota_2018
2,2,207075.743733846,localidad,hrs_d_pm10_it2,bogota_2018
3,2,196329.534225696,localidad,hrs_d_pm10_it2,bogota_2018
4,2,151984.690571774,localidad,hrs_d_pm10_it2,bogota_2018
5,2,88846.0736393972,localidad,hrs_d_pm10_it2,bogota_2018
1,3,195643.664034991,localidad,hrs_d_pm10_it2,bogota_2018
2,3,214767.705423245,localidad,hrs_d_pm10_it2,bogota_2018
3,3,222673.020320769,localidad,hrs_d_pm10_it2,bogota_2018
4,3,236212.292678492,localidad,hrs_d_pm10_it2,bogota_2018
5,3,198007.317542503,localidad,hrs_d_pm10_it2,bogota_2018
1,1,150838.267913913,localidad,hrs_d_pm10_it2,bogota_2018
2,1,135343.750336115,localidad,hrs_d_pm10_it2,bogota_2018
3,1,124790.449889935,localidad,hrs_d_pm10_it2,bogota_2018
4,1,79834.5486834104,localidad,hrs_d_pm10_it2,bogota_2018
5,1,39463.9831766276,localidad,hrs_d_pm10_it2,bogota_2018
1,4,66184.459530767,localidad,hrs_d_pm10_it2,bogota_2018
2,4,73844.0572002636,localidad,hrs_d_pm10_it2,bogota_2018
3,4,79279.6443493863,localidad,hrs_d_pm10_it2,bogota_2018
4,4,104099.886507088,localidad,hrs_d_pm10_it2,bogota_2018
5,4,106872.952412494,localidad,hrs_d_pm10_it2,bogota_2018
1,5,169544.162393169,localidad,hrs_d_pm10_it2,bogota_2018
2,5,185404.444212442,localidad,hrs_d_pm10_it2,bogota_2018
3,5,208616.037623975,localidad,hrs_d_pm10_it2,bogota_2018
4,5,320514.641524939,localidad,hrs_d_pm10_it2,bogota_2018
5,5,489722.714245471,localidad,hrs_d_pm10_it2,bogota_2018
1,2,209143.957829285,localidad,avg_pm10,bogota_2018
2,2,207075.743733846,localidad,avg_pm10,bogota_2018
3,2,196329.534225696,localidad,avg_pm10,bogota_2018
4,2,151984.690571774,localidad,avg_pm10,bogota_2018
5,2,88846.0736393972,localidad,avg_pm10,bogota_2018
1,3,195643.664034991,localidad,avg_pm10,bogota_2018
2,3,214767.705423245,localidad,avg_pm10,bogota_2018
3,3,222673.020320769,localidad,avg_pm10,bogota_2018
4,3,236212.292678492,localidad,avg_pm10,bogota_2018
5,3,198007.317542503,localidad,avg_pm10,bogota_2018
1,1,150838.267913913,localidad,avg_pm10,bogota_2018
2,1,135343.750336115,localidad,avg_pm10,bogota_2018
3,1,124790.449889935,localidad,avg_pm10,bogota_2018
4,1,79834.5486834104,localidad,avg_pm10,bogota_2018
5,1,39463.9831766276,localidad,avg_pm10,bogota_2018
1,4,66184.459530767,localidad,avg_pm10,bogota_2018
2,4,73844.0572002636,localidad,avg_pm10,bogota_2018
3,4,79279.6443493863,localidad,avg_pm10,bogota_2018
4,4,104099.886507088,localidad,avg_pm10,bogota_2018
5,4,106872.952412494,localidad,avg_pm10,bogota_2018
1,5,169544.162393169,localidad,avg_pm10,bogota_2018
2,5,185404.444212442,localidad,avg_pm10,bogota_2018
3,5,208616.037623975,localidad,avg_pm10,bogota_2018
4,5,320514.641524939,localidad,avg_pm10,bogota_2018
5,5,489722.714245471,localidad,avg_pm10,bogota_2018
1,2,208944.801726371,localidad,hrs_d_pm25_it1,bogota_2018
2,2,206934.030308642,localidad,hrs_d_pm25_it1,bogota_2018
3,2,196233.4780939,localidad,hrs_d_pm25_it1,bogota_2018
4,2,151948.185622961,localidad,hrs_d_pm25_it1,bogota_2018
5,2,88836.5042481246,localidad,hrs_d_pm25_it1,bogota_2018
1,3,195643.664034991,localidad,hrs_d_pm25_it1,bogota_2018
2,3,214767.705423245,localidad,hrs_d_pm25_it1,bogota_2018
3,3,222673.020320769,localidad,hrs_d_pm25_it1,bogota_2018
4,3,236212.292678492,localidad,hrs_d_pm25_it1,bogota_2018
5,3,198007.317542503,localidad,hrs_d_pm25_it1,bogota_2018
1,1,149788.110952753,localidad,hrs_d_pm25_it1,bogota_2018
2,1,134460.562319526,localidad,hrs_d_pm25_it1,bogota_2018
3,1,124040.166568113,localidad,hrs_d_pm25_it1,bogota_2018
4,1,79466.6101998871,localidad,hrs_d_pm25_it1,bogota_2018
5,1,39326.5499597212,localidad,hrs_d_pm25_it1,bogota_2018
1,4,66184.459530767,localidad,hrs_d_pm25_it1,bogota_2018
2,4,73844.0572002636,localidad,hrs_d_pm25_it1,bogota_2018
3,4,79279.6443493863,localidad,hrs_d_pm25_it1,bogota_2018
4,4,104099.886507088,localidad,hrs_d_pm25_it1,bogota_2018
5,4,106872.952412494,localidad,hrs_d_pm25_it1,bogota_2018
1,5,169544.162393169,localidad,hrs_d_pm25_it1,bogota_2018
2,5,185404.444212442,localidad,hrs_d_pm25_it1,bogota_2018
3,5,208616.037623975,localidad,hrs_d_pm25_it1,bogota_2018
4,5,320514.641524939,localidad,hrs_d_pm25_it1,bogota_2018
5,5,489722.714245471,localidad,hrs_d_pm25_it1,bogota_2018
1,2,208944.801726371,localidad,hrs_d_pm25_it2,bogota_2018
2,2,206934.030308642,localidad,hrs_d_pm25_it2,bogota_2018
3,2,196233.4780939,localidad,hrs_d_pm25_it2,bogota_2018
4,2,151948.185622961,localidad,hrs_d_pm25_it2,bogota_2018
5,2,88836.5042481246,localidad,hrs_d_pm25_it2,bogota_2018
1,3,195643.664034991,localidad,hrs_d_pm25_it2,bogota_2018
2,3,214767.705423245,localidad,hrs_d_pm25_it2,bogota_2018
3,3,222673.020320769,localidad,hrs_d_pm25_it2,bogota_2018
4,3,236212.292678492,localidad,hrs_d_pm25_it2,bogota_2018
5,3,198007.317542503,localidad,hrs_d_pm25_it2,bogota_2018
1,1,149788.110952753,localidad,hrs_d_pm25_it2,bogota_2018
2,1,134460.562319526,localidad,hrs_d_pm25_it2,bogota_2018
3,1,124040.166568113,localidad,hrs_d_pm25_it2,bogota_2018
4,1,79466.6101998871,localidad,hrs_d_pm25_it2,bogota_2018
5,1,39326.5499597212,localidad,hrs_d_pm25_it2,bogota_2018
1,4,66184.459530767,localidad,hrs_d_pm25_it2,bogota_2018
2,4,73844.0572002636,localidad,hrs_d_pm25_it2,bogota_2018
3,4,79279.6443493863,localidad,hrs_d_pm25_it2,bogota_2018
4,4,104099.886507088,localidad,hrs_d_pm25_it2,bogota_2018
5,4,106872.952412494,localidad,hrs_d_pm25_it2,bogota_2018
1,5,169544.162393169,localidad,hrs_d_pm25_it2,bogota_2018
2,5,185404.444212442,localidad,hrs_d_pm25_it2,bogota_2018
3,5,208616.037623975,localidad,hrs_d_pm25_it2,bogota_2018
4,5,320514.641524939,localidad,hrs_d_pm25_it2,bogota_2018
5,5,489722.714245471,localidad,hrs_d_pm25_it2,bogota_2018
1,2,208944.801726371,localidad,avg_pm25,bogota_2018
2,2,206934.030308642,localidad,avg_pm25,bogota_2018
3,2,196233.4780939,localidad,avg_pm25,bogota_2018
4,2,151948.185622961,localidad,avg_pm25,bogota_2018
5,2,88836.5042481246,localidad,avg_pm25,bogota_2018
1,3,195643.664034991,localidad,avg_pm25,bogota_2018
2,3,214767.705423245,localidad,avg_pm25,bogota_2018
3,3,222673.020320769,localidad,avg_pm25,bogota_2018
4,3,236212.292678492,localidad,avg_pm25,bogota_2018
5,3,198007.317542503,localidad,avg_pm25,bogota_2018
1,1,149788.110952753,localidad,avg_pm25,bogota_2018
2,1,134460.562319526,localidad,avg_pm25,bogota_2018
3,1,124040.166568113,localidad,avg_pm25,bogota_2018
4,1,79466.6101998871,localidad,avg_pm25,bogota_2018
5,1,39326.5499597212,localidad,avg_pm25,bogota_2018
1,4,66184.459530767,localidad,avg_pm25,bogota_2018
2,4,73844.0572002636,localidad,avg_pm25,bogota_2018
3,4,79279.6443493863,localidad,avg_pm25,bogota_2018
4,4,104099.886507088,localidad,avg_pm25,bogota_2018
5,4,106872.952412494,localidad,avg_pm25,bogota_2018
1,5,169544.162393169,localidad,avg_pm25,bogota_2018
2,5,185404.444212442,localidad,avg_pm25,bogota_2018
3,5,208616.037623975,localidad,avg_pm25,bogota_2018
4,5,320514.641524939,localidad,avg_pm25,bogota_2018
5,5,489722.714245471,localidad,avg_pm25,bogota_2018
1,5,671606.50931478,municipio,hrs_d_pm10_it1,bogota_2018
2,5,700434.513400344,municipio,hrs_d_pm10_it1,bogota_2018
3,5,717580.247542758,municipio,hrs_d_pm10_it1,bogota_2018
4,5,798207.608024866,municipio,hrs_d_pm10_it1,bogota_2018
5,5,862925.121717308,municipio,hrs_d_pm10_it1,bogota_2018
1,1,119748.002387395,municipio,hrs_d_pm10_it1,bogota_2018
2,1,116001.187505577,municipio,hrs_d_pm10_it1,bogota_2018
3,1,114108.438867003,municipio,hrs_d_pm10_it1,bogota_2018
4,1,94438.4519408327,municipio,hrs_d_pm10_it1,bogota_2018
5,1,59987.9192991905,municipio,hrs_d_pm10_it1,bogota_2018
1,5,671606.50931478,municipio,hrs_d_pm10_it2,bogota_2018
2,5,700434.513400344,municipio,hrs_d_pm10_it2,bogota_2018
3,5,717580.247542758,municipio,hrs_d_pm10_it2,bogota_2018
4,5,798207.608024866,municipio,hrs_d_pm10_it2,bogota_2018
5,5,862925.121717308,municipio,hrs_d_pm10_it2,bogota_2018
1,1,119748.002387395,municipio,hrs_d_pm10_it2,bogota_2018
2,1,116001.187505577,municipio,hrs_d_pm10_it2,bogota_2018
3,1,114108.438867003,municipio,hrs_d_pm10_it2,bogota_2018
4,1,94438.4519408327,municipio,hrs_d_pm10_it2,bogota_2018
5,1,59987.9192991905,municipio,hrs_d_pm10_it2,bogota_2018
1,5,671606.50931478,municipio,avg_pm10,bogota_2018
2,5,700434.513400344,municipio,avg_pm10,bogota_2018
3,5,717580.247542758,municipio,avg_pm10,bogota_2018
4,5,798207.608024866,municipio,avg_pm10,bogota_2018
5,5,862925.121717308,municipio,avg_pm10,bogota_2018
1,1,119748.002387395,municipio,avg_pm10,bogota_2018
2,1,116001.187505577,municipio,avg_pm10,bogota_2018
3,1,114108.438867003,municipio,avg_pm10,bogota_2018
4,1,94438.4519408327,municipio,avg_pm10,bogota_2018
5,1,59987.9192991905,municipio,avg_pm10,bogota_2018
1,5,671606.50931478,municipio,hrs_d_pm25_it1,bogota_2018
2,5,700434.513400344,municipio,hrs_d_pm25_it1,bogota_2018
3,5,717580.247542758,municipio,hrs_d_pm25_it1,bogota_2018
4,5,798207.608024866,municipio,hrs_d_pm25_it1,bogota_2018
5,5,862925.121717308,municipio,hrs_d_pm25_it1,bogota_2018
1,1,118498.689323322,municipio,hrs_d_pm25_it1,bogota_2018
2,1,114976.286063784,municipio,hrs_d_pm25_it1,bogota_2018
3,1,113262.099413385,municipio,hrs_d_pm25_it1,bogota_2018
4,1,94034.008508496,municipio,hrs_d_pm25_it1,bogota_2018
5,1,59840.9166910115,municipio,hrs_d_pm25_it1,bogota_2018
1,5,671606.50931478,municipio,hrs_d_pm25_it2,bogota_2018
2,5,700434.513400344,municipio,hrs_d_pm25_it2,bogota_2018
3,5,717580.247542758,municipio,hrs_d_pm25_it2,bogota_2018
4,5,798207.608024866,municipio,hrs_d_pm25_it2,bogota_2018
5,5,862925.121717308,municipio,hrs_d_pm25_it2,bogota_2018
1,1,118498.689323322,municipio,hrs_d_pm25_it2,bogota_2018
2,1,114976.286063784,municipio,hrs_d_pm25_it2,bogota_2018
3,1,113262.099413385,municipio,hrs_d_pm25_it2,bogota_2018
4,1,94034.008508496,municipio,hrs_d_pm25_it2,bogota_2018
5,1,59840.9166910115,municipio,hrs_d_pm25_it2,bogota_2018
1,5,671606.50931478,municipio,avg_pm25,bogota_2018
2,5,700434.513400344,municipio,avg_pm25,bogota_2018
3,5,717580.247542758,municipio,avg_pm25,bogota_2018
4,5,798207.608024866,municipio,avg_pm25,bogota_2018
5,5,862925.121717308,municipio,avg_pm25,bogota_2018
1,1,118498.689323322,municipio,avg_pm25,bogota_2018
2,1,114976.286063784,municipio,avg_pm25,bogota_2018
3,1,113262.099413385,municipio,avg_pm25,bogota_2018
4,1,94034.008508496,municipio,avg_pm25,bogota_2018
5,1,59840.9166910115,municipio,avg_pm25,bogota_2018
1,4,32684.6136236711,fine,hrs_d_pm10_it1,santiago_2017
2,4,50124.774794387,fine,hrs_d_pm10_it1,santiago_2017
3,4,58245.2086542333,fine,hrs_d_pm10_it1,santiago_2017
4,4,82916.6787145537,fine,hrs_d_pm10_it1,santiago_2017
5,4,72921.7242131551,fine,hrs_d_pm10_it1,santiago_2017
1,5,6592.75003458435,fine,hrs_d_pm10_it1,santiago_2017
2,5,12764.4192782076,fine,hrs_d_pm10_it1,santiago_2017
3,5,15905.9335818566,fine,hrs_d_pm10_it1,santiago_2017
4,5,42109.8969804846,fine,hrs_d_pm10_it1,santiago_2017
5,5,83460.0001248669,fine,hrs_d_pm10_it1,santiago_2017
1,3,56467.3351556296,fine,hrs_d_pm10_it1,santiago_2017
2,3,69706.7046807937,fine,hrs_d_pm10_it1,santiago_2017
3,3,75752.0662589524,fine,hrs_d_pm10_it1,santiago_2017
4,3,64396.8403954981,fine,hrs_d_pm10_it1,santiago_2017
5,3,31816.0535091263,fine,hrs_d_pm10_it1,santiago_2017
1,2,85654.6987524017,fine,hrs_d_pm10_it1,santiago_2017
2,2,78839.2794521546,fine,hrs_d_pm10_it1,santiago_2017
3,2,73930.0528519213,fine,hrs_d_pm10_it1,santiago_2017
4,2,46072.5539521529,fine,hrs_d_pm10_it1,santiago_2017
5,2,17611.4149913695,fine,hrs_d_pm10_it1,santiago_2017
1,1,142257.088909953,fine,hrs_d_pm10_it1,santiago_2017
2,1,98522.4087245291,fine,hrs_d_pm10_it1,santiago_2017
3,1,79196.7178247911,fine,hrs_d_pm10_it1,santiago_2017
4,1,39997.1904388506,fine,hrs_d_pm10_it1,santiago_2017
5,1,11324.5941018767,fine,hrs_d_pm10_it1,santiago_2017
1,4,32684.6136236711,fine,hrs_d_pm10_it2,santiago_2017
2,4,50124.774794387,fine,hrs_d_pm10_it2,santiago_2017
3,4,58245.2086542333,fine,hrs_d_pm10_it2,santiago_2017
4,4,82916.6787145537,fine,hrs_d_pm10_it2,santiago_2017
5,4,72921.7242131551,fine,hrs_d_pm10_it2,santiago_2017
1,5,6592.75003458435,fine,hrs_d_pm10_it2,santiago_2017
2,5,12764.4192782076,fine,hrs_d_pm10_it2,santiago_2017
3,5,15905.9335818566,fine,hrs_d_pm10_it2,santiago_2017
4,5,42109.8969804846,fine,hrs_d_pm10_it2,santiago_2017
5,5,83460.0001248669,fine,hrs_d_pm10_it2,santiago_2017
1,3,56467.3351556296,fine,hrs_d_pm10_it2,santiago_2017
2,3,69706.7046807937,fine,hrs_d_pm10_it2,santiago_2017
3,3,75752.0662589524,fine,hrs_d_pm10_it2,santiago_2017
4,3,64396.8403954981,fine,hrs_d_pm10_it2,santiago_2017
5,3,31816.0535091263,fine,hrs_d_pm10_it2,santiago_2017
1,2,85654.6987524017,fine,hrs_d_pm10_it2,santiago_2017
2,2,78839.2794521546,fine,hrs_d_pm10_it2,santiago_2017
3,2,73930.0528519213,fine,hrs_d_pm10_it2,santiago_2017
4,2,46072.5539521529,fine,hrs_d_pm10_it2,santiago_2017
5,2,17611.4149913695,fine,hrs_d_pm10_it2,santiago_2017
1,1,142257.088909953,fine,hrs_d_pm10_it2,santiago_2017
2,1,98522.4087245291,fine,hrs_d_pm10_it2,santiago_2017
3,1,79196.7178247911,fine,hrs_d_pm10_it2,santiago_2017
4,1,39997.1904388506,fine,hrs_d_pm10_it2,santiago_2017
5,1,11324.5941018767,fine,hrs_d_pm10_it2,santiago_2017
1,4,32684.6136236711,fine,avg_pm10,santiago_2017
2,4,50124.774794387,fine,avg_pm10,santiago_2017
3,4,58245.2086542333,fine,avg_pm10,santiago_2017
4,4,82916.6787145537,fine,avg_pm10,santiago_2017
5,4,72921.7242131551,fine,avg_pm10,santiago_2017
1,5,6592.75003458435,fine,avg_pm10,santiago_2017
2,5,12764.4192782076,fine,avg_pm10,santiago_2017
3,5,15905.9335818566,fine,avg_pm10,santiago_2017
4,5,42109.8969804846,fine,avg_pm10,santiago_2017
5,5,83460.0001248669,fine,avg_pm10,santiago_2017
1,3,56467.3351556296,fine,avg_pm10,santiago_2017
2,3,69706.7046807937,fine,avg_pm10,santiago_2017
3,3,75752.0662589524,fine,avg_pm10,santiago_2017
4,3,64396.8403954981,fine,avg_pm10,santiago_2017
5,3,31816.0535091263,fine,avg_pm10,santiago_2017
1,2,85654.6987524017,fine,avg_pm10,santiago_2017
2,2,78839.2794521546,fine,avg_pm10,santiago_2017
3,2,73930.0528519213,fine,avg_pm10,santiago_2017
4,2,46072.5539521529,fine,avg_pm10,santiago_2017
5,2,17611.4149913695,fine,avg_pm10,santiago_2017
1,1,142257.088909953,fine,avg_pm10,santiago_2017
2,1,98522.4087245291,fine,avg_pm10,santiago_2017
3,1,79196.7178247911,fine,avg_pm10,santiago_2017
4,1,39997.1904388506,fine,avg_pm10,santiago_2017
5,1,11324.5941018767,fine,avg_pm10,santiago_2017
1,4,32684.6136236711,fine,hrs_d_pm25_it1,santiago_2017
2,4,50124.774794387,fine,hrs_d_pm25_it1,santiago_2017
3,4,58245.2086542333,fine,hrs_d_pm25_it1,santiago_2017
4,4,82916.6787145537,fine,hrs_d_pm25_it1,santiago_2017
5,4,72921.7242131551,fine,hrs_d_pm25_it1,santiago_2017
1,5,6592.75003458435,fine,hrs_d_pm25_it1,santiago_2017
2,5,12764.4192782076,fine,hrs_d_pm25_it1,santiago_2017
3,5,15905.9335818566,fine,hrs_d_pm25_it1,santiago_2017
4,5,42109.8969804846,fine,hrs_d_pm25_it1,santiago_2017
5,5,83460.0001248669,fine,hrs_d_pm25_it1,santiago_2017
1,3,56467.3351556296,fine,hrs_d_pm25_it1,santiago_2017
2,3,69706.7046807937,fine,hrs_d_pm25_it1,santiago_2017
3,3,75752.0662589524,fine,hrs_d_pm25_it1,santiago_2017
4,3,64396.8403954981,fine,hrs_d_pm25_it1,santiago_2017
5,3,31816.0535091263,fine,hrs_d_pm25_it1,santiago_2017
1,2,85654.6987524017,fine,hrs_d_pm25_it1,santiago_2017
2,2,78839.2794521546,fine,hrs_d_pm25_it1,santiago_2017
3,2,73930.0528519213,fine,hrs_d_pm25_it1,santiago_2017
4,2,46072.5539521529,fine,hrs_d_pm25_it1,santiago_2017
5,2,17611.4149913695,fine,hrs_d_pm25_it1,santiago_2017
1,1,142257.088909953,fine,hrs_d_pm25_it1,santiago_2017
2,1,98522.4087245291,fine,hrs_d_pm25_it1,santiago_2017
3,1,79196.7178247911,fine,hrs_d_pm25_it1,santiago_2017
4,1,39997.1904388506,fine,hrs_d_pm25_it1,santiago_2017
5,1,11324.5941018767,fine,hrs_d_pm25_it1,santiago_2017
1,4,32684.6136236711,fine,hrs_d_pm25_it2,santiago_2017
2,4,50124.774794387,fine,hrs_d_pm25_it2,santiago_2017
3,4,58245.2086542333,fine,hrs_d_pm25_it2,santiago_2017
4,4,82916.6787145537,fine,hrs_d_pm25_it2,santiago_2017
5,4,72921.7242131551,fine,hrs_d_pm25_it2,santiago_2017
1,5,6592.75003458435,fine,hrs_d_pm25_it2,santiago_2017
2,5,12764.4192782076,fine,hrs_d_pm25_it2,santiago_2017
3,5,15905.9335818566,fine,hrs_d_pm25_it2,santiago_2017
4,5,42109.8969804846,fine,hrs_d_pm25_it2,santiago_2017
5,5,83460.0001248669,fine,hrs_d_pm25_it2,santiago_2017
1,3,56467.3351556296,fine,hrs_d_pm25_it2,santiago_2017
2,3,69706.7046807937,fine,hrs_d_pm25_it2,santiago_2017
3,3,75752.0662589524,fine,hrs_d_pm25_it2,santiago_2017
4,3,64396.8403954981,fine,hrs_d_pm25_it2,santiago_2017
5,3,31816.0535091263,fine,hrs_d_pm25_it2,santiago_2017
1,2,85654.6987524017,fine,hrs_d_pm25_it2,santiago_2017
2,2,78839.2794521546,fine,hrs_d_pm25_it2,santiago_2017
3,2,73930.0528519213,fine,hrs_d_pm25_it2,santiago_2017
4,2,46072.5539521529,fine,hrs_d_pm25_it2,santiago_2017
5,2,17611.4149913695,fine,hrs_d_pm25_it2,santiago_2017
1,1,142257.088909953,fine,hrs_d_pm25_it2,santiago_2017
2,1,98522.4087245291,fine,hrs_d_pm25_it2,santiago_2017
3,1,79196.7178247911,fine,hrs_d_pm25_it2,santiago_2017
4,1,39997.1904388506,fine,hrs_d_pm25_it2,santiago_2017
5,1,11324.5941018767,fine,hrs_d_pm25_it2,santiago_2017
1,4,32684.6136236711,fine,avg_pm25,santiago_2017
2,4,50124.774794387,fine,avg_pm25,santiago_2017
3,4,58245.2086542333,fine,avg_pm25,santiago_2017
4,4,82916.6787145537,fine,avg_pm25,santiago_2017
5,4,72921.7242131551,fine,avg_pm25,santiago_2017
1,5,6592.75003458435,fine,avg_pm25,santiago_2017
2,5,12764.4192782076,fine,avg_pm25,santiago_2017
3,5,15905.9335818566,fine,avg_pm25,santiago_2017
4,5,42109.8969804846,fine,avg_pm25,santiago_2017
5,5,83460.0001248669,fine,avg_pm25,santiago_2017
1,3,56467.3351556296,fine,avg_pm25,santiago_2017
2,3,69706.7046807937,fine,avg_pm25,santiago_2017
3,3,75752.0662589524,fine,avg_pm25,santiago_2017
4,3,64396.8403954981,fine,avg_pm25,santiago_2017
5,3,31816.0535091263,fine,avg_pm25,santiago_2017
1,2,85654.6987524017,fine,avg_pm25,santiago_2017
2,2,78839.2794521546,fine,avg_pm25,santiago_2017
3,2,73930.0528519213,fine,avg_pm25,santiago_2017
4,2,46072.5539521529,fine,avg_pm25,santiago_2017
5,2,17611.4149913695,fine,avg_pm25,santiago_2017
1,1,142257.088909953,fine,avg_pm25,santiago_2017
2,1,98522.4087245291,fine,avg_pm25,santiago_2017
3,1,79196.7178247911,fine,avg_pm25,santiago_2017
4,1,39997.1904388506,fine,avg_pm25,santiago_2017
5,1,11324.5941018767,fine,avg_pm25,santiago_2017
1,5,8523.7918944537,distrito,hrs_d_pm10_it1,santiago_2017
2,5,15035.4853903601,distrito,hrs_d_pm10_it1,santiago_2017
3,5,18435.9594215223,distrito,hrs_d_pm10_it1,santiago_2017
4,5,44813.3066775561,distrito,hrs_d_pm10_it1,santiago_2017
5,5,85882.4566161078,distrito,hrs_d_pm10_it1,santiago_2017
1,4,41175.5167618804,distrito,hrs_d_pm10_it1,santiago_2017
2,4,53223.5375701325,distrito,hrs_d_pm10_it1,santiago_2017
3,4,58735.4217232972,distrito,hrs_d_pm10_it1,santiago_2017
4,4,74752.5642399634,distrito,hrs_d_pm10_it1,santiago_2017
5,4,63165.9597047266,distrito,hrs_d_pm10_it1,santiago_2017
1,3,54318.2701626745,distrito,hrs_d_pm10_it1,santiago_2017
2,3,65065.3391137596,distrito,hrs_d_pm10_it1,santiago_2017
3,3,69429.3046742066,distrito,hrs_d_pm10_it1,santiago_2017
4,3,63189.295774285,distrito,hrs_d_pm10_it1,santiago_2017
5,3,34347.7902750744,distrito,hrs_d_pm10_it1,santiago_2017
1,1,139044.93029845,distrito,hrs_d_pm10_it1,santiago_2017
2,1,101017.339188012,distrito,hrs_d_pm10_it1,santiago_2017
3,1,83833.014851133,distrito,hrs_d_pm10_it1,santiago_2017
4,1,44223.0735161634,distrito,hrs_d_pm10_it1,santiago_2017
5,1,14147.6421462411,distrito,hrs_d_pm10_it1,santiago_2017
1,2,80593.9773587806,distrito,hrs_d_pm10_it1,santiago_2017
2,2,75615.8856678073,distrito,hrs_d_pm10_it1,santiago_2017
3,2,72596.2785015956,distrito,hrs_d_pm10_it1,santiago_2017
4,2,48514.9202735719,distrito,hrs_d_pm10_it1,santiago_2017
5,2,19589.9381982445,distrito,hrs_d_pm10_it1,santiago_2017
1,5,8523.7918944537,distrito,hrs_d_pm10_it2,santiago_2017
2,5,15035.4853903601,distrito,hrs_d_pm10_it2,santiago_2017
3,5,18435.9594215223,distrito,hrs_d_pm10_it2,santiago_2017
4,5,44813.3066775561,distrito,hrs_d_pm10_it2,santiago_2017
5,5,85882.4566161078,distrito,hrs_d_pm10_it2,santiago_2017
1,4,41175.5167618804,distrito,hrs_d_pm10_it2,santiago_2017
2,4,53223.5375701325,distrito,hrs_d_pm10_it2,santiago_2017
3,4,58735.4217232972,distrito,hrs_d_pm10_it2,santiago_2017
4,4,74752.5642399634,distrito,hrs_d_pm10_it2,santiago_2017
5,4,63165.9597047266,distrito,hrs_d_pm10_it2,santiago_2017
1,3,54318.2701626745,distrito,hrs_d_pm10_it2,santiago_2017
2,3,65065.3391137596,distrito,hrs_d_pm10_it2,santiago_2017
3,3,69429.3046742066,distrito,hrs_d_pm10_it2,santiago_2017
4,3,63189.295774285,distrito,hrs_d_pm10_it2,santiago_2017
5,3,34347.7902750744,distrito,hrs_d_pm10_it2,santiago_2017
1,1,139044.93029845,distrito,hrs_d_pm10_it2,santiago_2017
2,1,101017.339188012,distrito,hrs_d_pm10_it2,santiago_2017
3,1,83833.014851133,distrito,hrs_d_pm10_it2,santiago_2017
4,1,44223.0735161634,distrito,hrs_d_pm10_it2,santiago_2017
5,1,14147.6421462411,distrito,hrs_d_pm10_it2,santiago_2017
1,2,80593.9773587806,distrito,hrs_d_pm10_it2,santiago_2017
2,2,75615.8856678073,distrito,hrs_d_pm10_it2,santiago_2017
3,2,72596.2785015956,distrito,hrs_d_pm10_it2,santiago_2017
4,2,48514.9202735719,distrito,hrs_d_pm10_it2,santiago_2017
5,2,19589.9381982445,distrito,hrs_d_pm10_it2,santiago_2017
1,5,8523.7918944537,distrito,avg_pm10,santiago_2017
2,5,15035.4853903601,distrito,avg_pm10,santiago_2017
3,5,18435.9594215223,distrito,avg_pm10,santiago_2017
4,5,44813.3066775561,distrito,avg_pm10,santiago_2017
5,5,85882.4566161078,distrito,avg_pm10,santiago_2017
1,4,41175.5167618804,distrito,avg_pm10,santiago_2017
2,4,53223.5375701325,distrito,avg_pm10,santiago_2017
3,4,58735.4217232972,distrito,avg_pm10,santiago_2017
4,4,74752.5642399634,distrito,avg_pm10,santiago_2017
5,4,63165.9597047266,distrito,avg_pm10,santiago_2017
1,3,54318.2701626745,distrito,avg_pm10,santiago_2017
2,3,65065.3391137596,distrito,avg_pm10,santiago_2017
3,3,69429.3046742066,distrito,avg_pm10,santiago_2017
4,3,63189.295774285,distrito,avg_pm10,santiago_2017
5,3,34347.7902750744,distrito,avg_pm10,santiago_2017
1,1,139044.93029845,distrito,avg_pm10,santiago_2017
2,1,101017.339188012,distrito,avg_pm10,santiago_2017
3,1,83833.014851133,distrito,avg_pm10,santiago_2017
4,1,44223.0735161634,distrito,avg_pm10,santiago_2017
5,1,14147.6421462411,distrito,avg_pm10,santiago_2017
1,2,80593.9773587806,distrito,avg_pm10,santiago_2017
2,2,75615.8856678073,distrito,avg_pm10,santiago_2017
3,2,72596.2785015956,distrito,avg_pm10,santiago_2017
4,2,48514.9202735719,distrito,avg_pm10,santiago_2017
5,2,19589.9381982445,distrito,avg_pm10,santiago_2017
1,5,8523.7918944537,distrito,hrs_d_pm25_it1,santiago_2017
2,5,15035.4853903601,distrito,hrs_d_pm25_it1,santiago_2017
3,5,18435.9594215223,distrito,hrs_d_pm25_it1,santiago_2017
4,5,44813.3066775561,distrito,hrs_d_pm25_it1,santiago_2017
5,5,85882.4566161078,distrito,hrs_d_pm25_it1,santiago_2017
1,4,41175.5167618804,distrito,hrs_d_pm25_it1,santiago_2017
2,4,53223.5375701325,distrito,hrs_d_pm25_it1,santiago_2017
3,4,58735.4217232972,distrito,hrs_d_pm25_it1,santiago_2017
4,4,74752.5642399634,distrito,hrs_d_pm25_it1,santiago_2017
5,4,63165.9597047266,distrito,hrs_d_pm25_it1,santiago_2017
1,3,54318.2701626745,distrito,hrs_d_pm25_it1,santiago_2017
2,3,65065.3391137596,distrito,hrs_d_pm25_it1,santiago_2017
3,3,69429.3046742066,distrito,hrs_d_pm25_it1,santiago_2017
4,3,63189.295774285,distrito,hrs_d_pm25_it1,santiago_2017
5,3,34347.7902750744,distrito,hrs_d_pm25_it1,santiago_2017
1,1,139044.93029845,distrito,hrs_d_pm25_it1,santiago_2017
2,1,101017.339188012,distrito,hrs_d_pm25_it1,santiago_2017
3,1,83833.014851133,distrito,hrs_d_pm25_it1,santiago_2017
4,1,44223.0735161634,distrito,hrs_d_pm25_it1,santiago_2017
5,1,14147.6421462411,distrito,hrs_d_pm25_it1,santiago_2017
1,2,80593.9773587806,distrito,hrs_d_pm25_it1,santiago_2017
2,2,75615.8856678073,distrito,hrs_d_pm25_it1,santiago_2017
3,2,72596.2785015956,distrito,hrs_d_pm25_it1,santiago_2017
4,2,48514.9202735719,distrito,hrs_d_pm25_it1,santiago_2017
5,2,19589.9381982445,distrito,hrs_d_pm25_it1,santiago_2017
1,5,8523.7918944537,distrito,hrs_d_pm25_it2,santiago_2017
2,5,15035.4853903601,distrito,hrs_d_pm25_it2,santiago_2017
3,5,18435.9594215223,distrito,hrs_d_pm25_it2,santiago_2017
4,5,44813.3066775561,distrito,hrs_d_pm25_it2,santiago_2017
5,5,85882.4566161078,distrito,hrs_d_pm25_it2,santiago_2017
1,4,41175.5167618804,distrito,hrs_d_pm25_it2,santiago_2017
2,4,53223.5375701325,distrito,hrs_d_pm25_it2,santiago_2017
3,4,58735.4217232972,distrito,hrs_d_pm25_it2,santiago_2017
4,4,74752.5642399634,distrito,hrs_d_pm25_it2,santiago_2017
5,4,63165.9597047266,distrito,hrs_d_pm25_it2,santiago_2017
1,3,54318.2701626745,distrito,hrs_d_pm25_it2,santiago_2017
2,3,65065.3391137596,distrito,hrs_d_pm25_it2,santiago_2017
3,3,69429.3046742066,distrito,hrs_d_pm25_it2,santiago_2017
4,3,63189.295774285,distrito,hrs_d_pm25_it2,santiago_2017
5,3,34347.7902750744,distrito,hrs_d_pm25_it2,santiago_2017
1,1,139044.93029845,distrito,hrs_d_pm25_it2,santiago_2017
2,1,101017.339188012,distrito,hrs_d_pm25_it2,santiago_2017
3,1,83833.014851133,distrito,hrs_d_pm25_it2,santiago_2017
4,1,44223.0735161634,distrito,hrs_d_pm25_it2,santiago_2017
5,1,14147.6421462411,distrito,hrs_d_pm25_it2,santiago_2017
1,2,80593.9773587806,distrito,hrs_d_pm25_it2,santiago_2017
2,2,75615.8856678073,distrito,hrs_d_pm25_it2,santiago_2017
3,2,72596.2785015956,distrito,hrs_d_pm25_it2,santiago_2017
4,2,48514.9202735719,distrito,hrs_d_pm25_it2,santiago_2017
5,2,19589.9381982445,distrito,hrs_d_pm25_it2,santiago_2017
1,5,8523.7918944537,distrito,avg_pm25,santiago_2017
2,5,15035.4853903601,distrito,avg_pm25,santiago_2017
3,5,18435.9594215223,distrito,avg_pm25,santiago_2017
4,5,44813.3066775561,distrito,avg_pm25,santiago_2017
5,5,85882.4566161078,distrito,avg_pm25,santiago_2017
1,4,41175.5167618804,distrito,avg_pm25,santiago_2017
2,4,53223.5375701325,distrito,avg_pm25,santiago_2017
3,4,58735.4217232972,distrito,avg_pm25,santiago_2017
4,4,74752.5642399634,distrito,avg_pm25,santiago_2017
5,4,63165.9597047266,distrito,avg_pm25,santiago_2017
1,3,54318.2701626745,distrito,avg_pm25,santiago_2017
2,3,65065.3391137596,distrito,avg_pm25,santiago_2017
3,3,69429.3046742066,distrito,avg_pm25,santiago_2017
4,3,63189.295774285,distrito,avg_pm25,santiago_2017
5,3,34347.7902750744,distrito,avg_pm25,santiago_2017
1,1,139044.93029845,distrito,avg_pm25,santiago_2017
2,1,101017.339188012,distrito,avg_pm25,santiago_2017
3,1,83833.014851133,distrito,avg_pm25,santiago_2017
4,1,44223.0735161634,distrito,avg_pm25,santiago_2017
5,1,14147.6421462411,distrito,avg_pm25,santiago_2017
1,2,80593.9773587806,distrito,avg_pm25,santiago_2017
2,2,75615.8856678073,distrito,avg_pm25,santiago_2017
3,2,72596.2785015956,distrito,avg_pm25,santiago_2017
4,2,48514.9202735719,distrito,avg_pm25,santiago_2017
5,2,19589.9381982445,distrito,avg_pm25,santiago_2017
1,5,27005.2721813757,comuna,hrs_d_pm10_it1,santiago_2017
2,5,35963.9523367199,comuna,hrs_d_pm10_it1,santiago_2017
3,5,39979.6722996741,comuna,hrs_d_pm10_it1,santiago_2017
4,5,67743.4807649546,comuna,hrs_d_pm10_it1,santiago_2017
5,5,103177.622417276,comuna,hrs_d_pm10_it1,santiago_2017
1,2,72897.4112565646,comuna,hrs_d_pm10_it1,santiago_2017
2,2,74826.7869600272,comuna,hrs_d_pm10_it1,santiago_2017
3,2,75757.9882960283,comuna,hrs_d_pm10_it1,santiago_2017
4,2,57030.9945737216,comuna,hrs_d_pm10_it1,santiago_2017
5,2,25277.8189136582,comuna,hrs_d_pm10_it1,santiago_2017
1,1,132496.733116434,comuna,hrs_d_pm10_it1,santiago_2017
2,1,102592.086848397,comuna,hrs_d_pm10_it1,santiago_2017
3,1,88693.691282241,comuna,hrs_d_pm10_it1,santiago_2017
4,1,51629.8770595133,comuna,hrs_d_pm10_it1,santiago_2017
5,1,19304.6116934151,comuna,hrs_d_pm10_it1,santiago_2017
1,3,51270.4474548482,comuna,hrs_d_pm10_it1,santiago_2017
2,3,52569.1227710741,comuna,hrs_d_pm10_it1,santiago_2017
3,3,52900.8991952567,comuna,hrs_d_pm10_it1,santiago_2017
4,3,44451.1726001952,comuna,hrs_d_pm10_it1,santiago_2017
5,3,22736.3579786257,comuna,hrs_d_pm10_it1,santiago_2017
1,4,39986.6224670168,comuna,hrs_d_pm10_it1,santiago_2017
2,4,44005.6380138539,comuna,hrs_d_pm10_it1,santiago_2017
3,4,45697.7280985545,comuna,hrs_d_pm10_it1,santiago_2017
4,4,54637.6354831552,comuna,hrs_d_pm10_it1,santiago_2017
5,4,46637.3759374196,comuna,hrs_d_pm10_it1,santiago_2017
1,5,27005.2721813757,comuna,hrs_d_pm10_it2,santiago_2017
2,5,35963.9523367199,comuna,hrs_d_pm10_it2,santiago_2017
3,5,39979.6722996741,comuna,hrs_d_pm10_it2,santiago_2017
4,5,67743.4807649546,comuna,hrs_d_pm10_it2,santiago_2017
5,5,103177.622417276,comuna,hrs_d_pm10_it2,santiago_2017
1,2,72897.4112565646,comuna,hrs_d_pm10_it2,santiago_2017
2,2,74826.7869600272,comuna,hrs_d_pm10_it2,santiago_2017
3,2,75757.9882960283,comuna,hrs_d_pm10_it2,santiago_2017
4,2,57030.9945737216,comuna,hrs_d_pm10_it2,santiago_2017
5,2,25277.8189136582,comuna,hrs_d_pm10_it2,santiago_2017
1,1,132496.733116434,comuna,hrs_d_pm10_it2,santiago_2017
2,1,102592.086848397,comuna,hrs_d_pm10_it2,santiago_2017
3,1,88693.691282241,comuna,hrs_d_pm10_it2,santiago_2017
4,1,51629.8770595133,comuna,hrs_d_pm10_it2,santiago_2017
5,1,19304.6116934151,comuna,hrs_d_pm10_it2,santiago_2017
1,3,51270.4474548482,comuna,hrs_d_pm10_it2,santiago_2017
2,3,52569.1227710741,comuna,hrs_d_pm10_it2,santiago_2017
3,3,52900.8991952567,comuna,hrs_d_pm10_it2,santiago_2017
4,3,44451.1726001952,comuna,hrs_d_pm10_it2,santiago_2017
5,3,22736.3579786257,comuna,hrs_d_pm10_it2,santiago_2017
1,4,39986.6224670168,comuna,hrs_d_pm10_it2,santiago_2017
2,4,44005.6380138539,comuna,hrs_d_pm10_it2,santiago_2017
3,4,45697.7280985545,comuna,hrs_d_pm10_it2,santiago_2017
4,4,54637.6354831552,comuna,hrs_d_pm10_it2,santiago_2017
5,4,46637.3759374196,comuna,hrs_d_pm10_it2,santiago_2017
1,5,27005.2721813757,comuna,avg_pm10,santiago_2017
2,5,35963.9523367199,comuna,avg_pm10,santiago_2017
3,5,39979.6722996741,comuna,avg_pm10,santiago_2017
4,5,67743.4807649546,comuna,avg_pm10,santiago_2017
5,5,103177.622417276,comuna,avg_pm10,santiago_2017
1,2,72897.4112565646,comuna,avg_pm10,santiago_2017
2,2,74826.7869600272,comuna,avg_pm10,santiago_2017
3,2,75757.9882960283,comuna,avg_pm10,santiago_2017
4,2,57030.9945737216,comuna,avg_pm10,santiago_2017
5,2,25277.8189136582,comuna,avg_pm10,santiago_2017
1,1,132496.733116434,comuna,avg_pm10,santiago_2017
2,1,102592.086848397,comuna,avg_pm10,santiago_2017
3,1,88693.691282241,comuna,avg_pm10,santiago_2017
4,1,51629.8770595133,comuna,avg_pm10,santiago_2017
5,1,19304.6116934151,comuna,avg_pm10,santiago_2017
1,3,51270.4474548482,comuna,avg_pm10,santiago_2017
2,3,52569.1227710741,comuna,avg_pm10,santiago_2017
3,3,52900.8991952567,comuna,avg_pm10,santiago_2017
4,3,44451.1726001952,comuna,avg_pm10,santiago_2017
5,3,22736.3579786257,comuna,avg_pm10,santiago_2017
1,4,39986.6224670168,comuna,avg_pm10,santiago_2017
2,4,44005.6380138539,comuna,avg_pm10,santiago_2017
3,4,45697.7280985545,comuna,avg_pm10,santiago_2017
4,4,54637.6354831552,comuna,avg_pm10,santiago_2017
5,4,46637.3759374196,comuna,avg_pm10,santiago_2017
1,5,27005.2721813757,comuna,hrs_d_pm25_it1,santiago_2017
2,5,35963.9523367199,comuna,hrs_d_pm25_it1,santiago_2017
3,5,39979.6722996741,comuna,hrs_d_pm25_it1,santiago_2017
4,5,67743.4807649546,comuna,hrs_d_pm25_it1,santiago_2017
5,5,103177.622417276,comuna,hrs_d_pm25_it1,santiago_2017
1,2,72897.4112565646,comuna,hrs_d_pm25_it1,santiago_2017
2,2,74826.7869600272,comuna,hrs_d_pm25_it1,santiago_2017
3,2,75757.9882960283,comuna,hrs_d_pm25_it1,santiago_2017
4,2,57030.9945737216,comuna,hrs_d_pm25_it1,santiago_2017
5,2,25277.8189136582,comuna,hrs_d_pm25_it1,santiago_2017
1,1,132496.733116434,comuna,hrs_d_pm25_it1,santiago_2017
2,1,102592.086848397,comuna,hrs_d_pm25_it1,santiago_2017
3,1,88693.691282241,comuna,hrs_d_pm25_it1,santiago_2017
4,1,51629.8770595133,comuna,hrs_d_pm25_it1,santiago_2017
5,1,19304.6116934151,comuna,hrs_d_pm25_it1,santiago_2017
1,3,51270.4474548482,comuna,hrs_d_pm25_it1,santiago_2017
2,3,52569.1227710741,comuna,hrs_d_pm25_it1,santiago_2017
3,3,52900.8991952567,comuna,hrs_d_pm25_it1,santiago_2017
4,3,44451.1726001952,comuna,hrs_d_pm25_it1,santiago_2017
5,3,22736.3579786257,comuna,hrs_d_pm25_it1,santiago_2017
1,4,39986.6224670168,comuna,hrs_d_pm25_it1,santiago_2017
2,4,44005.6380138539,comuna,hrs_d_pm25_it1,santiago_2017
3,4,45697.7280985545,comuna,hrs_d_pm25_it1,santiago_2017
4,4,54637.6354831552,comuna,hrs_d_pm25_it1,santiago_2017
5,4,46637.3759374196,comuna,hrs_d_pm25_it1,santiago_2017
1,5,27005.2721813757,comuna,hrs_d_pm25_it2,santiago_2017
2,5,35963.9523367199,comuna,hrs_d_pm25_it2,santiago_2017
3,5,39979.6722996741,comuna,hrs_d_pm25_it2,santiago_2017
4,5,67743.4807649546,comuna,hrs_d_pm25_it2,santiago_2017
5,5,103177.622417276,comuna,hrs_d_pm25_it2,santiago_2017
1,2,72897.4112565646,comuna,hrs_d_pm25_it2,santiago_2017
2,2,74826.7869600272,comuna,hrs_d_pm25_it2,santiago_2017
3,2,75757.9882960283,comuna,hrs_d_pm25_it2,santiago_2017
4,2,57030.9945737216,comuna,hrs_d_pm25_it2,santiago_2017
5,2,25277.8189136582,comuna,hrs_d_pm25_it2,santiago_2017
1,1,132496.733116434,comuna,hrs_d_pm25_it2,santiago_2017
2,1,102592.086848397,comuna,hrs_d_pm25_it2,santiago_2017
3,1,88693.691282241,comuna,hrs_d_pm25_it2,santiago_2017
4,1,51629.8770595133,comuna,hrs_d_pm25_it2,santiago_2017
5,1,19304.6116934151,comuna,hrs_d_pm25_it2,santiago_2017
1,3,51270.4474548482,comuna,hrs_d_pm25_it2,santiago_2017
2,3,52569.1227710741,comuna,hrs_d_pm25_it2,santiago_2017
3,3,52900.8991952567,comuna,hrs_d_pm25_it2,santiago_2017
4,3,44451.1726001952,comuna,hrs_d_pm25_it2,santiago_2017
5,3,22736.3579786257,comuna,hrs_d_pm25_it2,santiago_2017
1,4,39986.6224670168,comuna,hrs_d_pm25_it2,santiago_2017
2,4,44005.6380138539,comuna,hrs_d_pm25_it2,santiago_2017
3,4,45697.7280985545,comuna,hrs_d_pm25_it2,santiago_2017
4,4,54637.6354831552,comuna,hrs_d_pm25_it2,santiago_2017
5,4,46637.3759374196,comuna,hrs_d_pm25_it2,santiago_2017
1,5,27005.2721813757,comuna,avg_pm25,santiago_2017
2,5,35963.9523367199,comuna,avg_pm25,santiago_2017
3,5,39979.6722996741,comuna,avg_pm25,santiago_2017
4,5,67743.4807649546,comuna,avg_pm25,santiago_2017
5,5,103177.622417276,comuna,avg_pm25,santiago_2017
1,2,72897.4112565646,comuna,avg_pm25,santiago_2017
2,2,74826.7869600272,comuna,avg_pm25,santiago_2017
3,2,75757.9882960283,comuna,avg_pm25,santiago_2017
4,2,57030.9945737216,comuna,avg_pm25,santiago_2017
5,2,25277.8189136582,comuna,avg_pm25,santiago_2017
1,1,132496.733116434,comuna,avg_pm25,santiago_2017
2,1,102592.086848397,comuna,avg_pm25,santiago_2017
3,1,88693.691282241,comuna,avg_pm25,santiago_2017
4,1,51629.8770595133,comuna,avg_pm25,santiago_2017
5,1,19304.6116934151,comuna,avg_pm25,santiago_2017
1,3,51270.4474548482,comuna,avg_pm25,santiago_2017
2,3,52569.1227710741,comuna,avg_pm25,santiago_2017
3,3,52900.8991952567,comuna,avg_pm25,santiago_2017
4,3,44451.1726001952,comuna,avg_pm25,santiago_2017
5,3,22736.3579786257,comuna,avg_pm25,santiago_2017
1,4,39986.6224670168,comuna,avg_pm25,santiago_2017
2,4,44005.6380138539,comuna,avg_pm25,santiago_2017
3,4,45697.7280985545,comuna,avg_pm25,santiago_2017
4,4,54637.6354831552,comuna,avg_pm25,santiago_2017
5,4,46637.3759374196,comuna,avg_pm25,santiago_2017
1,3,121983.138254825,fine,hrs_d_pm10_it1,sao_paulo_2010
2,3,127172.9343471,fine,hrs_d_pm10_it1,sao_paulo_2010
3,3,127801.560008387,fine,hrs_d_pm10_it1,sao_paulo_2010
4,3,129222.232919313,fine,hrs_d_pm10_it1,sao_paulo_2010
5,3,71422.9602807972,fine,hrs_d_pm10_it1,sao_paulo_2010
1,1,138788.791965129,fine,hrs_d_pm10_it1,sao_paulo_2010
2,1,116870.483666946,fine,hrs_d_pm10_it1,sao_paulo_2010
3,1,100325.902823143,fine,hrs_d_pm10_it1,sao_paulo_2010
4,1,84543.7200736482,fine,hrs_d_pm10_it1,sao_paulo_2010
5,1,27655.7745360595,fine,hrs_d_pm10_it1,sao_paulo_2010
1,2,131151.119169813,fine,hrs_d_pm10_it1,sao_paulo_2010
2,2,120022.126921421,fine,hrs_d_pm10_it1,sao_paulo_2010
3,2,117137.146003053,fine,hrs_d_pm10_it1,sao_paulo_2010
4,2,109037.801024043,fine,hrs_d_pm10_it1,sao_paulo_2010
5,2,43272.9077909908,fine,hrs_d_pm10_it1,sao_paulo_2010
1,4,119081.857882432,fine,hrs_d_pm10_it1,sao_paulo_2010
2,4,143509.888127552,fine,hrs_d_pm10_it1,sao_paulo_2010
3,4,160139.808434827,fine,hrs_d_pm10_it1,sao_paulo_2010
4,4,173398.048245946,fine,hrs_d_pm10_it1,sao_paulo_2010
5,4,184434.115596639,fine,hrs_d_pm10_it1,sao_paulo_2010
1,5,59462.6529393666,fine,hrs_d_pm10_it1,sao_paulo_2010
2,5,84135.0912513386,fine,hrs_d_pm10_it1,sao_paulo_2010
3,5,114596.166483678,fine,hrs_d_pm10_it1,sao_paulo_2010
4,5,135189.363045113,fine,hrs_d_pm10_it1,sao_paulo_2010
5,5,471029.196898846,fine,hrs_d_pm10_it1,sao_paulo_2010
1,3,121983.138254825,fine,hrs_d_pm10_it2,sao_paulo_2010
2,3,127172.9343471,fine,hrs_d_pm10_it2,sao_paulo_2010
3,3,127801.560008387,fine,hrs_d_pm10_it2,sao_paulo_2010
4,3,129222.232919313,fine,hrs_d_pm10_it2,sao_paulo_2010
5,3,71422.9602807972,fine,hrs_d_pm10_it2,sao_paulo_2010
1,1,138788.791965129,fine,hrs_d_pm10_it2,sao_paulo_2010
2,1,116870.483666946,fine,hrs_d_pm10_it2,sao_paulo_2010
3,1,100325.902823143,fine,hrs_d_pm10_it2,sao_paulo_2010
4,1,84543.7200736482,fine,hrs_d_pm10_it2,sao_paulo_2010
5,1,27655.7745360595,fine,hrs_d_pm10_it2,sao_paulo_2010
1,2,131151.119169813,fine,hrs_d_pm10_it2,sao_paulo_2010
2,2,120022.126921421,fine,hrs_d_pm10_it2,sao_paulo_2010
3,2,117137.146003053,fine,hrs_d_pm10_it2,sao_paulo_2010
4,2,109037.801024043,fine,hrs_d_pm10_it2,sao_paulo_2010
5,2,43272.9077909908,fine,hrs_d_pm10_it2,sao_paulo_2010
1,4,119081.857882432,fine,hrs_d_pm10_it2,sao_paulo_2010
2,4,143509.888127552,fine,hrs_d_pm10_it2,sao_paulo_2010
3,4,160139.808434827,fine,hrs_d_pm10_it2,sao_paulo_2010
4,4,173398.048245946,fine,hrs_d_pm10_it2,sao_paulo_2010
5,4,184434.115596639,fine,hrs_d_pm10_it2,sao_paulo_2010
1,5,59462.6529393666,fine,hrs_d_pm10_it2,sao_paulo_2010
2,5,84135.0912513386,fine,hrs_d_pm10_it2,sao_paulo_2010
3,5,114596.166483678,fine,hrs_d_pm10_it2,sao_paulo_2010
4,5,135189.363045113,fine,hrs_d_pm10_it2,sao_paulo_2010
5,5,471029.196898846,fine,hrs_d_pm10_it2,sao_paulo_2010
1,3,121983.138254825,fine,avg_pm10,sao_paulo_2010
2,3,127172.9343471,fine,avg_pm10,sao_paulo_2010
3,3,127801.560008387,fine,avg_pm10,sao_paulo_2010
4,3,129222.232919313,fine,avg_pm10,sao_paulo_2010
5,3,71422.9602807972,fine,avg_pm10,sao_paulo_2010
1,1,138788.791965129,fine,avg_pm10,sao_paulo_2010
2,1,116870.483666946,fine,avg_pm10,sao_paulo_2010
3,1,100325.902823143,fine,avg_pm10,sao_paulo_2010
4,1,84543.7200736482,fine,avg_pm10,sao_paulo_2010
5,1,27655.7745360595,fine,avg_pm10,sao_paulo_2010
1,2,131151.119169813,fine,avg_pm10,sao_paulo_2010
2,2,120022.126921421,fine,avg_pm10,sao_paulo_2010
3,2,117137.146003053,fine,avg_pm10,sao_paulo_2010
4,2,109037.801024043,fine,avg_pm10,sao_paulo_2010
5,2,43272.9077909908,fine,avg_pm10,sao_paulo_2010
1,4,119081.857882432,fine,avg_pm10,sao_paulo_2010
2,4,143509.888127552,fine,avg_pm10,sao_paulo_2010
3,4,160139.808434827,fine,avg_pm10,sao_paulo_2010
4,4,173398.048245946,fine,avg_pm10,sao_paulo_2010
5,4,184434.115596639,fine,avg_pm10,sao_paulo_2010
1,5,59462.6529393666,fine,avg_pm10,sao_paulo_2010
2,5,84135.0912513386,fine,avg_pm10,sao_paulo_2010
3,5,114596.166483678,fine,avg_pm10,sao_paulo_2010
4,5,135189.363045113,fine,avg_pm10,sao_paulo_2010
5,5,471029.196898846,fine,avg_pm10,sao_paulo_2010
1,3,91616.8238511584,fine,hrs_d_pm25_it1,sao_paulo_2010
2,3,96527.1092781459,fine,hrs_d_pm25_it1,sao_paulo_2010
3,3,96642.7815581055,fine,hrs_d_pm25_it1,sao_paulo_2010
4,3,97596.9975431956,fine,hrs_d_pm25_it1,sao_paulo_2010
5,3,54592.8299863906,fine,hrs_d_pm25_it1,sao_paulo_2010
1,1,131746.917260665,fine,hrs_d_pm25_it1,sao_paulo_2010
2,1,109111.051538851,fine,hrs_d_pm25_it1,sao_paulo_2010
3,1,94811.4590891703,fine,hrs_d_pm25_it1,sao_paulo_2010
4,1,81150.879439621,fine,hrs_d_pm25_it1,sao_paulo_2010
5,1,25140.1323139948,fine,hrs_d_pm25_it1,sao_paulo_2010
1,2,90033.6518921671,fine,hrs_d_pm25_it1,sao_paulo_2010
2,2,81111.0749360711,fine,hrs_d_pm25_it1,sao_paulo_2010
3,2,79571.4859422579,fine,hrs_d_pm25_it1,sao_paulo_2010
4,2,73160.2229016057,fine,hrs_d_pm25_it1,sao_paulo_2010
5,2,30051.8538733759,fine,hrs_d_pm25_it1,sao_paulo_2010
1,5,84486.2093341425,fine,hrs_d_pm25_it1,sao_paulo_2010
2,5,112888.075161333,fine,hrs_d_pm25_it1,sao_paulo_2010
3,5,148795.833643948,fine,hrs_d_pm25_it1,sao_paulo_2010
4,5,174610.959105065,fine,hrs_d_pm25_it1,sao_paulo_2010
5,5,541912.261664315,fine,hrs_d_pm25_it1,sao_paulo_2010
1,4,89010.0653858888,fine,hrs_d_pm25_it1,sao_paulo_2010
2,4,101645.41467002,fine,hrs_d_pm25_it1,sao_paulo_2010
3,4,113432.426939405,fine,hrs_d_pm25_it1,sao_paulo_2010
4,4,123361.682851093,fine,hrs_d_pm25_it1,sao_paulo_2010
5,4,133611.115452186,fine,hrs_d_pm25_it1,sao_paulo_2010
1,3,91616.8238511584,fine,hrs_d_pm25_it2,sao_paulo_2010
2,3,96527.1092781459,fine,hrs_d_pm25_it2,sao_paulo_2010
3,3,96642.7815581055,fine,hrs_d_pm25_it2,sao_paulo_2010
4,3,97596.9975431956,fine,hrs_d_pm25_it2,sao_paulo_2010
5,3,54592.8299863906,fine,hrs_d_pm25_it2,sao_paulo_2010
1,1,131746.917260665,fine,hrs_d_pm25_it2,sao_paulo_2010
2,1,109111.051538851,fine,hrs_d_pm25_it2,sao_paulo_2010
3,1,94811.4590891703,fine,hrs_d_pm25_it2,sao_paulo_2010
4,1,81150.879439621,fine,hrs_d_pm25_it2,sao_paulo_2010
5,1,25140.1323139948,fine,hrs_d_pm25_it2,sao_paulo_2010
1,2,90033.6518921671,fine,hrs_d_pm25_it2,sao_paulo_2010
2,2,81111.0749360711,fine,hrs_d_pm25_it2,sao_paulo_2010
3,2,79571.4859422579,fine,hrs_d_pm25_it2,sao_paulo_2010
4,2,73160.2229016057,fine,hrs_d_pm25_it2,sao_paulo_2010
5,2,30051.8538733759,fine,hrs_d_pm25_it2,sao_paulo_2010
1,5,84486.2093341425,fine,hrs_d_pm25_it2,sao_paulo_2010
2,5,112888.075161333,fine,hrs_d_pm25_it2,sao_paulo_2010
3,5,148795.833643948,fine,hrs_d_pm25_it2,sao_paulo_2010
4,5,174610.959105065,fine,hrs_d_pm25_it2,sao_paulo_2010
5,5,541912.261664315,fine,hrs_d_pm25_it2,sao_paulo_2010
1,4,89010.0653858888,fine,hrs_d_pm25_it2,sao_paulo_2010
2,4,101645.41467002,fine,hrs_d_pm25_it2,sao_paulo_2010
3,4,113432.426939405,fine,hrs_d_pm25_it2,sao_paulo_2010
4,4,123361.682851093,fine,hrs_d_pm25_it2,sao_paulo_2010
5,4,133611.115452186,fine,hrs_d_pm25_it2,sao_paulo_2010
1,3,91616.8238511584,fine,avg_pm25,sao_paulo_2010
2,3,96527.1092781459,fine,avg_pm25,sao_paulo_2010
3,3,96642.7815581055,fine,avg_pm25,sao_paulo_2010
4,3,97596.9975431956,fine,avg_pm25,sao_paulo_2010
5,3,54592.8299863906,fine,avg_pm25,sao_paulo_2010
1,1,131746.917260665,fine,avg_pm25,sao_paulo_2010
2,1,109111.051538851,fine,avg_pm25,sao_paulo_2010
3,1,94811.4590891703,fine,avg_pm25,sao_paulo_2010
4,1,81150.879439621,fine,avg_pm25,sao_paulo_2010
5,1,25140.1323139948,fine,avg_pm25,sao_paulo_2010
1,2,90033.6518921671,fine,avg_pm25,sao_paulo_2010
2,2,81111.0749360711,fine,avg_pm25,sao_paulo_2010
3,2,79571.4859422579,fine,avg_pm25,sao_paulo_2010
4,2,73160.2229016057,fine,avg_pm25,sao_paulo_2010
5,2,30051.8538733759,fine,avg_pm25,sao_paulo_2010
1,5,84486.2093341425,fine,avg_pm25,sao_paulo_2010
2,5,112888.075161333,fine,avg_pm25,sao_paulo_2010
3,5,148795.833643948,fine,avg_pm25,sao_paulo_2010
4,5,174610.959105065,fine,avg_pm25,sao_paulo_2010
5,5,541912.261664315,fine,avg_pm25,sao_paulo_2010
1,4,89010.0653858888,fine,avg_pm25,sao_paulo_2010
2,4,101645.41467002,fine,avg_pm25,sao_paulo_2010
3,4,113432.426939405,fine,avg_pm25,sao_paulo_2010
4,4,123361.682851093,fine,avg_pm25,sao_paulo_2010
5,4,133611.115452186,fine,avg_pm25,sao_paulo_2010
1,1,102369.807604997,municipio,hrs_d_pm10_it1,sao_paulo_2010
2,1,101943.994426907,municipio,hrs_d_pm10_it1,sao_paulo_2010
3,1,100966.887139313,municipio,hrs_d_pm10_it1,sao_paulo_2010
4,1,102335.810762075,municipio,hrs_d_pm10_it1,sao_paulo_2010
5,1,47244.1124505498,municipio,hrs_d_pm10_it1,sao_paulo_2010
1,2,96169.1834995425,municipio,hrs_d_pm10_it1,sao_paulo_2010
2,2,94801.6647328573,municipio,hrs_d_pm10_it1,sao_paulo_2010
3,2,100099.180831188,municipio,hrs_d_pm10_it1,sao_paulo_2010
4,2,99522.6890485483,municipio,hrs_d_pm10_it1,sao_paulo_2010
5,2,80263.1183587918,municipio,hrs_d_pm10_it1,sao_paulo_2010
1,5,371928.569107026,municipio,hrs_d_pm10_it1,sao_paulo_2010
2,5,394964.865154593,municipio,hrs_d_pm10_it1,sao_paulo_2010
3,5,418934.515782587,municipio,hrs_d_pm10_it1,sao_paulo_2010
4,5,429532.66549744,municipio,hrs_d_pm10_it1,sao_paulo_2010
5,5,670307.724293991,municipio,hrs_d_pm10_it1,sao_paulo_2010
1,1,102369.807604997,municipio,hrs_d_pm10_it2,sao_paulo_2010
2,1,101943.994426907,municipio,hrs_d_pm10_it2,sao_paulo_2010
3,1,100966.887139313,municipio,hrs_d_pm10_it2,sao_paulo_2010
4,1,102335.810762075,municipio,hrs_d_pm10_it2,sao_paulo_2010
5,1,47244.1124505498,municipio,hrs_d_pm10_it2,sao_paulo_2010
1,2,96169.1834995425,municipio,hrs_d_pm10_it2,sao_paulo_2010
2,2,94801.6647328573,municipio,hrs_d_pm10_it2,sao_paulo_2010
3,2,100099.180831188,municipio,hrs_d_pm10_it2,sao_paulo_2010
4,2,99522.6890485483,municipio,hrs_d_pm10_it2,sao_paulo_2010
5,2,80263.1183587918,municipio,hrs_d_pm10_it2,sao_paulo_2010
1,5,371928.569107026,municipio,hrs_d_pm10_it2,sao_paulo_2010
2,5,394964.865154593,municipio,hrs_d_pm10_it2,sao_paulo_2010
3,5,418934.515782587,municipio,hrs_d_pm10_it2,sao_paulo_2010
4,5,429532.66549744,municipio,hrs_d_pm10_it2,sao_paulo_2010
5,5,670307.724293991,municipio,hrs_d_pm10_it2,sao_paulo_2010
1,1,102369.807604997,municipio,avg_pm10,sao_paulo_2010
2,1,101943.994426907,municipio,avg_pm10,sao_paulo_2010
3,1,100966.887139313,municipio,avg_pm10,sao_paulo_2010
4,1,102335.810762075,municipio,avg_pm10,sao_paulo_2010
5,1,47244.1124505498,municipio,avg_pm10,sao_paulo_2010
1,2,96169.1834995425,municipio,avg_pm10,sao_paulo_2010
2,2,94801.6647328573,municipio,avg_pm10,sao_paulo_2010
3,2,100099.180831188,municipio,avg_pm10,sao_paulo_2010
4,2,99522.6890485483,municipio,avg_pm10,sao_paulo_2010
5,2,80263.1183587918,municipio,avg_pm10,sao_paulo_2010
1,5,371928.569107026,municipio,avg_pm10,sao_paulo_2010
2,5,394964.865154593,municipio,avg_pm10,sao_paulo_2010
3,5,418934.515782587,municipio,avg_pm10,sao_paulo_2010
4,5,429532.66549744,municipio,avg_pm10,sao_paulo_2010
5,5,670307.724293991,municipio,avg_pm10,sao_paulo_2010
1,1,67991.4622023359,municipio,hrs_d_pm25_it1,sao_paulo_2010
2,1,69106.2867376579,municipio,hrs_d_pm25_it1,sao_paulo_2010
3,1,66559.9470112398,municipio,hrs_d_pm25_it1,sao_paulo_2010
4,1,66667.1255235483,municipio,hrs_d_pm25_it1,sao_paulo_2010
5,1,31069.2799427332,municipio,hrs_d_pm25_it1,sao_paulo_2010
1,2,96169.1834995425,municipio,hrs_d_pm25_it1,sao_paulo_2010
2,2,94801.6647328573,municipio,hrs_d_pm25_it1,sao_paulo_2010
3,2,100099.180831188,municipio,hrs_d_pm25_it1,sao_paulo_2010
4,2,99522.6890485483,municipio,hrs_d_pm25_it1,sao_paulo_2010
5,2,80263.1183587918,municipio,hrs_d_pm25_it1,sao_paulo_2010
1,5,322733.022022143,municipio,hrs_d_pm25_it1,sao_paulo_2010
2,5,337374.774113906,municipio,hrs_d_pm25_it1,sao_paulo_2010
3,5,366594.859330459,municipio,hrs_d_pm25_it1,sao_paulo_2010
4,5,383690.927268484,municipio,hrs_d_pm25_it1,sao_paulo_2010
5,5,673975.794988737,municipio,hrs_d_pm25_it1,sao_paulo_2010
1,1,67991.4622023359,municipio,hrs_d_pm25_it2,sao_paulo_2010
2,1,69106.2867376579,municipio,hrs_d_pm25_it2,sao_paulo_2010
3,1,66559.9470112398,municipio,hrs_d_pm25_it2,sao_paulo_2010
4,1,66667.1255235483,municipio,hrs_d_pm25_it2,sao_paulo_2010
5,1,31069.2799427332,municipio,hrs_d_pm25_it2,sao_paulo_2010
1,2,96169.1834995425,municipio,hrs_d_pm25_it2,sao_paulo_2010
2,2,94801.6647328573,municipio,hrs_d_pm25_it2,sao_paulo_2010
3,2,100099.180831188,municipio,hrs_d_pm25_it2,sao_paulo_2010
4,2,99522.6890485483,municipio,hrs_d_pm25_it2,sao_paulo_2010
5,2,80263.1183587918,municipio,hrs_d_pm25_it2,sao_paulo_2010
1,5,322733.022022143,municipio,hrs_d_pm25_it2,sao_paulo_2010
2,5,337374.774113906,municipio,hrs_d_pm25_it2,sao_paulo_2010
3,5,366594.859330459,municipio,hrs_d_pm25_it2,sao_paulo_2010
4,5,383690.927268484,municipio,hrs_d_pm25_it2,sao_paulo_2010
5,5,673975.794988737,municipio,hrs_d_pm25_it2,sao_paulo_2010
1,1,67991.4622023359,municipio,avg_pm25,sao_paulo_2010
2,1,69106.2867376579,municipio,avg_pm25,sao_paulo_2010
3,1,66559.9470112398,municipio,avg_pm25,sao_paulo_2010
4,1,66667.1255235483,municipio,avg_pm25,sao_paulo_2010
5,1,31069.2799427332,municipio,avg_pm25,sao_paulo_2010
1,2,96169.1834995425,municipio,avg_pm25,sao_paulo_2010
2,2,94801.6647328573,municipio,avg_pm25,sao_paulo_2010
3,2,100099.180831188,municipio,avg_pm25,sao_paulo_2010
4,2,99522.6890485483,municipio,avg_pm25,sao_paulo_2010
5,2,80263.1183587918,municipio,avg_pm25,sao_paulo_2010
1,5,322733.022022143,municipio,avg_pm25,sao_paulo_2010
2,5,337374.774113906,municipio,avg_pm25,sao_paulo_2010
3,5,366594.859330459,municipio,avg_pm25,sao_paulo_2010
4,5,383690.927268484,municipio,avg_pm25,sao_paulo_2010
5,5,673975.794988737,municipio,avg_pm25,sao_paulo_2010
