city_id,level,outcome,native_change_3km,native_selection_3km,procedure_common_3km,baseline_selection_3km,population_native_3km,population_common_3km,native_change_20km,native_selection_20km,procedure_common_20km,baseline_selection_20km,population_native_20km,population_common_20km
bogota_2018,fine,avg_pm10,0,0,0,0,4255038,4255038,-0.000563582527583151,-0.000563582527590256,7.105427357601e-15,0,5550899,5550678
bogota_2018,fine,avg_pm25,0,0,0,0,4251366,4251366,-0.000201800490067683,-0.00020180049006413,-3.5527136788005e-15,0,5550899,5550678
bogota_2018,fine,hrs_d_pm10_it1,0,0,0,0,4255038,4255038,-4.36848550035007e-05,-4.36848550035007e-05,0,0,5550899,5550678
bogota_2018,fine,hrs_d_pm10_it2,0,0,0,0,4255038,4255038,-0.00206607580205898,-0.00206607580205898,0,0,5550899,5550678
bogota_2018,fine,hrs_d_pm25_it1,0,0,0,0,4251366,4251366,-1.7340726156917e-05,-1.7340726156917e-05,0,0,5550899,5550678
bogota_2018,fine,hrs_d_pm25_it2,0,0,0,0,4251366,4251366,-0.00154703706853354,-0.00154703706853354,0,0,5550899,5550678
bogota_2018,localidad,avg_pm10,-3.2330273340344,-0.597388461346256,-1.18242789171008,-1.45321098097806,3401841,2951799,-0.388521381897981,0,-0.390142823794722,0.00162144189674152,5550423,5550423
bogota_2018,localidad,avg_pm25,-1.10498376905527,-0.304285543135102,-0.76915029649963,-0.031547929420535,3401841,2951799,-0.171500730332864,0,-0.172238563401612,0.000737833068747307,5550423,5550423
bogota_2018,localidad,hrs_d_pm10_it1,-14.045260385115,-0.435658441784817,1.57515994924348,-15.1847618925737,3401841,2951799,-0.287847803217115,0,-0.287902583707454,5.47804903397453e-05,5550423,5550423
bogota_2018,localidad,hrs_d_pm10_it2,-47.3816866624463,-7.98767706515336,10.8283625574061,-50.222372154699,3401841,2951799,-2.09790953940616,0,-2.10043865219815,0.00252911279198642,5550423,5550423
bogota_2018,localidad,hrs_d_pm25_it1,-9.94105743469843,-0.147854534639138,-2.70776347140988,-7.08543942864941,3401841,2951799,0.0850177228880517,0,0.0849960402915889,2.16825964627909e-05,5550423,5550423
bogota_2018,localidad,hrs_d_pm25_it2,-50.5079469777237,-6.72606440127464,-20.7985239964323,-22.9833585800167,3401841,2951799,-2.33967205844732,0,-2.34154120277686,0.00186914432953245,5550423,5550423
bogota_2018,municipio,avg_pm10,-8.40748394519011,-1.35283687429189,-0.784005656963377,-6.27064141393484,224520,126498,-2.51882732195184,-0.0172476303821796,-0.573723272375045,-1.92785641919462,1082682,1076650
bogota_2018,municipio,avg_pm25,-3.49302590472455,-0.867766588938435,-0.274121532501846,-2.35113778328427,224520,126498,-0.953729556986547,-0.0182743760119806,-0.250123446207619,-0.685331734766947,1082682,1076650
bogota_2018,municipio,hrs_d_pm10_it1,-16.5432112658347,0,-0.0332813997759864,-16.5099298660588,224520,126498,-0.12970135082441,0.0426386046182236,-1.16501314529467,0.992673189852033,1082682,1076650
bogota_2018,municipio,hrs_d_pm10_it2,-94.9829839466577,-2.21153043689969,-4.77080849758232,-88.0006450121757,224520,126498,-1.48248976670143,0.857182029438917,-9.69728719453266,7.35761539839231,1082682,1076650
bogota_2018,municipio,hrs_d_pm25_it1,-10.7500902982647,0.0652736689583943,-0.210277439650251,-10.6050865275728,224520,126498,-0.039422957729668,0.00264696565524528,-0.0791853389269591,0.0371154155420458,1082682,1076650
bogota_2018,municipio,hrs_d_pm25_it2,-92.1936863889407,-5.24787773586439,-3.5442663417824,-83.4015423112939,224520,126498,-7.13620111848393,0.149485690249206,-3.68282449127288,-3.60286231746026,1082682,1076650
bogota_2018,seccion,avg_pm10,-0.0724488588766619,0.0265892169556743,-0.0818691932359172,-0.0171688825964189,4234229,4154476,0.0377139525788266,-0.000563202308114796,0.0382771548869414,0,5550899,5550678
bogota_2018,seccion,avg_pm25,-0.0284927228809497,-0.000923914334860498,-0.0243287999630581,-0.00324000858303108,4228451,4150804,0.018884254197955,-0.000201953188584625,0.0190862073865397,0,5550899,5550678
bogota_2018,seccion,hrs_d_pm10_it1,0.132549551293092,0.331362717684176,-0.249004018497853,0.0501908521067698,4234229,4154476,-0.00524342546004186,-4.97930764728483e-05,-0.00519363238356901,0,5550899,5550678
bogota_2018,seccion,hrs_d_pm10_it2,-0.0731757316034134,0.342339786933977,-1.05856994482481,0.643054426287421,4234229,4154476,-0.11485181928472,-0.00207218934462006,-0.1127796299401,0,5550899,5550678
bogota_2018,seccion,hrs_d_pm25_it1,-0.126844821063285,0.129196361778293,-0.274630169690482,0.0185889868489042,4228451,4150804,-0.00607660471360935,-1.7465464113825e-05,-0.00605913924949553,0,5550899,5550678
bogota_2018,seccion,hrs_d_pm25_it2,-1.32925753227751,-0.0074238083896887,-1.00273225050547,-0.319101473382347,4228451,4150804,-0.0306346134092657,-0.00154614635797579,-0.0290884670512899,0,5550899,5550678
bogota_2018,sector,avg_pm10,-0.387690919322477,-0.0629017010479487,-0.197207561003683,-0.127581657270845,4100522,3973908,0.0442065747139004,-0.000564940225718402,0.0447715149396188,0,5550899,5550678
bogota_2018,sector,avg_pm25,-0.0923135523295819,-0.0323527547677323,-0.0230371320076301,-0.0369236655542196,4096457,3971949,0.0192600340010536,-0.000202862496374578,0.0194628964974282,0,5550899,5550678
bogota_2018,sector,hrs_d_pm10_it1,-2.21605112705782,-0.393111416852291,-0.796284951338119,-1.02665475886741,4100522,3973908,0.0840635503669618,-7.24413834484183e-05,0.0841359917504103,0,5550899,5550678
bogota_2018,sector,hrs_d_pm10_it2,-6.04457835887283,-1.4572585110385,-3.95758136747128,-0.629738480363045,4100522,3973908,0.340794926815391,-0.00213813420193887,0.34293306101733,0,5550899,5550678
bogota_2018,sector,hrs_d_pm25_it1,-0.963641635409125,-0.227216226679966,-0.133680911517704,-0.602744497211456,4096457,3971949,0.0477743608117501,-2.21861271435808e-05,0.0477965469388937,0,5550899,5550678
bogota_2018,sector,hrs_d_pm25_it2,-5.52965941582056,-1.35558048446862,-1.67895045731166,-2.49512847404029,4096457,3971949,0.779314563137028,-0.00159875966072676,0.780913322797755,0,5550899,5550678
santiago_2017,comuna,avg_pm10,3.65796188095053,4.50136215050909,-0.155643765211835,-0.687756504346723,1449393,971812,0.394856971290636,0,0.394856971290636,0,3930887,3930887
santiago_2017,comuna,avg_pm25,1.21845163035901,1.17519390872327,-0.0016050982632656,0.0448628198990022,1449393,971812,0.148782553482395,0,0.148782553482395,0,3930887,3930887
santiago_2017,comuna,hrs_d_pm10_it1,92.047815963538,101.182038988708,-2.51462601602367,-6.61959700914593,1449393,971812,11.2774005382456,0,11.2774005382456,0,3930887,3930887
santiago_2017,comuna,hrs_d_pm10_it2,222.433313080944,259.992321987008,-1.58630189983637,-35.9727070062284,1449393,971812,31.450737511967,0,31.450737511967,0,3930887,3930887
santiago_2017,comuna,hrs_d_pm25_it1,42.1062024751407,25.5781462547006,1.79153718665287,14.7365190337872,1449393,971812,2.0429247057491,0,2.0429247057491,0,3930887,3930887
santiago_2017,comuna,hrs_d_pm25_it2,135.904606071498,127.767408115774,4.95765464991121,3.17954330581313,1449393,971812,22.8597751321581,0,22.8597751321581,0,3930887,3930887
santiago_2017,distrito,avg_pm10,0.65212028548244,0.686633202277548,0.0185134149033956,-0.0530263316985042,1404378,1251147,0.0207553035453429,0,0.0207553035453429,0,3930887,3930887
santiago_2017,distrito,avg_pm25,0.263006187172604,0.155226640251087,0.00888987609921088,0.0988896708223059,1404378,1251147,-0.00151877547499524,0,-0.00151877547499524,0,3930887,3930887
santiago_2017,distrito,hrs_d_pm10_it1,18.3804570039109,13.6944712716488,0.49518199847995,4.19080373378216,1404378,1251147,0.35059075003926,0,0.35059075003926,0,3930887,3930887
santiago_2017,distrito,hrs_d_pm10_it2,37.9803459739974,37.720164006337,1.55168250145402,-1.29150053379362,1404378,1251147,2.14838491595128,0,2.14838491595128,0,3930887,3930887
santiago_2017,distrito,hrs_d_pm25_it1,11.3946474678883,1.67534649663494,-0.0276100027124642,9.74691097396587,1404378,1251147,-0.252391101585459,0,-0.252391101585459,0,3930887,3930887
santiago_2017,distrito,hrs_d_pm25_it2,26.6484559618432,15.4699421550768,1.55089133090007,9.62762247586636,1404378,1251147,-0.0297751184235722,0,-0.0297751184235722,0,3930887,3930887
santiago_2017,fine,avg_pm10,0,0,0,0,1429271,1429271,-1.4210854715202e-14,0,-1.4210854715202e-14,0,3930887,3930887
santiago_2017,fine,avg_pm25,0,0,0,0,1429271,1429271,0,0,0,0,3930887,3930887
santiago_2017,fine,hrs_d_pm10_it1,0,0,0,0,1429271,1429271,0,0,0,0,3930887,3930887
santiago_2017,fine,hrs_d_pm10_it2,0,0,0,0,1429271,1429271,0,0,0,0,3930887,3930887
santiago_2017,fine,hrs_d_pm25_it1,0,0,0,0,1429271,1429271,0,0,0,0,3930887,3930887
santiago_2017,fine,hrs_d_pm25_it2,0,0,0,0,1429271,1429271,0,0,0,0,3930887,3930887
sao_paulo_2010,fine,avg_pm10,0,0,0,0,3211384.78869041,3211384.78869041,3.5527136788005e-15,0,3.5527136788005e-15,0,9864606.72850903,9864606.72850903
sao_paulo_2010,fine,avg_pm25,0,0,0,0,2856619.31561217,2856619.31561217,0,0,0,0,9852094.74240695,9852094.74240695
sao_paulo_2010,fine,hrs_d_pm10_it1,0,0,0,0,3211384.78869041,3211384.78869041,0,0,0,0,9864606.72850903,9864606.72850903
sao_paulo_2010,fine,hrs_d_pm10_it2,0,0,0,0,3211384.78869041,3211384.78869041,0,0,0,0,9864606.72850903,9864606.72850903
sao_paulo_2010,fine,hrs_d_pm25_it1,0,0,0,0,2856619.31561217,2856619.31561217,0,0,0,0,9852094.74240695,9852094.74240695
sao_paulo_2010,fine,hrs_d_pm25_it2,0,0,0,0,2856619.31561217,2856619.31561217,0,0,0,0,9852094.74240695,9852094.74240695
sao_paulo_2010,municipio,avg_pm10,-0.638173073886925,0.194232264809131,0.0252386603750843,-0.85764399907114,1134538.04332875,746182.288595823,-0.306089699548821,-0.00154945082376301,-0.308680974325217,0.0041407256001591,9747674.35461035,9739700.75459104
sao_paulo_2010,municipio,avg_pm25,0.232136999517264,0.46408739937273,0.320218708758858,-0.552169108614324,848104.879456181,498064.977619388,0.0375513866703905,-0.000266311515739304,0.0431619878962639,-0.00534428971013412,9735162.36850827,9727188.76848896
sao_paulo_2010,municipio,hrs_d_pm10_it1,-2.17441494308469,0.904363515053577,-0.129148971869074,-2.94962948626919,1134538.04332875,746182.288595823,-0.820758485794728,0.00261452107002924,-0.777157767997666,-0.0462152388670916,9747674.35461035,9739700.75459104
sao_paulo_2010,municipio,hrs_d_pm10_it2,-20.1481205433719,3.98378244063858,0.0137302308240663,-24.1456332148346,1134538.04332875,746182.288595823,-5.2767152516122,0.0100122751476519,-5.10247894515207,-0.184248581607783,9747674.35461035,9739700.75459104
sao_paulo_2010,municipio,hrs_d_pm25_it1,0.0357612239859026,3.05951084009253,2.09291071491646,-5.11666033102308,848104.879456181,498064.977619388,-0.855702357375755,0.00306932691677986,-0.652318397780439,-0.206453286512096,9735162.36850827,9727188.76848896
sao_paulo_2010,municipio,hrs_d_pm25_it2,18.1262578721129,24.5768861126159,14.9328501484586,-21.3834783889616,848104.879456181,498064.977619388,-4.03265183749775,0.0150170319552245,-3.03350728757478,-1.0141615818782,9735162.36850827,9727188.76848896
