level,outcome,population,mean_B_minus_fine,mean_absolute_B_minus_fine,rmse_B_minus_fine,mean_B_minus_A,mean_absolute_B_minus_A,rmse_B_minus_A,city_id
fine,hrs_d_pm10_it1,4255038,0,0,0,0,0,0,bogota_2018
fine,hrs_d_pm10_it2,4255038,0,0,0,0,0,0,bogota_2018
fine,avg_pm10,4255038,1.85858284908617e-16,4.68694600775619e-15,7.16867541162754e-15,1.76838814456122e-16,4.84953234726446e-15,7.3038485183938e-15,bogota_2018
fine,hrs_d_pm25_it1,4251366,0,0,0,0,0,0,bogota_2018
fine,hrs_d_pm25_it2,4251366,0,0,0,0,0,0,bogota_2018
fine,avg_pm25,4251366,-3.30854016785781e-16,2.07658084436726e-15,3.36332957853677e-15,-3.22918342164422e-16,2.15431828259112e-15,3.41439339829107e-15,bogota_2018
seccion,hrs_d_pm10_it1,4154476,-0.234504664366818,1.08786715821682,7.04418947376391,-0.233423398240622,0.95802855844165,4.5568973418369,bogota_2018
seccion,hrs_d_pm10_it2,4154476,-0.834522572762486,7.13209656283969,30.8651413058759,-0.828440238965164,6.45295135021765,23.4891350588413,bogota_2018
seccion,avg_pm10,4154476,-0.0336372761025269,0.394941773551134,1.60010248968725,-0.0333602332266731,0.359295030194044,1.23294874166147,bogota_2018
seccion,hrs_d_pm25_it1,4150804,-0.115468473095815,0.637656945497788,4.64927199775995,-0.114807130792011,0.582059289002267,2.81528327328011,bogota_2018
seccion,hrs_d_pm25_it2,4150804,-0.799432591854494,5.9989009358187,23.2191326643434,-0.794938404341012,5.39890647772623,17.6017176375427,bogota_2018
seccion,avg_pm25,4150804,-0.0115207033770115,0.157443177344434,0.659298386658447,-0.011448610236722,0.145008898284878,0.522060862646906,bogota_2018
sector,hrs_d_pm10_it1,3973908,-1.19761453964209,3.52777316435106,20.1952771821803,-1.19730729335472,2.98867845455452,14.4253782675495,bogota_2018
sector,hrs_d_pm10_it2,3973908,-2.00153752930365,16.5043528939271,50.2223292851559,-1.99792549328321,14.4577243287542,36.7646420020137,bogota_2018
sector,avg_pm10,3973908,-0.203781953339319,0.999486207572955,2.58308098066032,-0.203740133130139,0.872194439641087,1.85317323985995,bogota_2018
sector,hrs_d_pm25_it1,3971949,-0.433856779127829,1.85149633089448,8.89626288294793,-0.434253713556867,1.63880219094311,6.20596625796899,bogota_2018
sector,hrs_d_pm25_it2,3971949,-2.83095226046457,13.4725420693972,38.5209362287942,-2.82924407324587,11.8747737734508,27.8372492728509,bogota_2018
sector,avg_pm25,3971949,-0.0516089675227233,0.406270398178776,1.03931510877689,-0.0516816606553825,0.354304300229256,0.729895627969523,bogota_2018
localidad,hrs_d_pm10_it1,2951799,1.79908930113466,4.14835969522315,8.05251827863618,1.801050947884,3.22174137187735,5.39079118154321,bogota_2018
localidad,hrs_d_pm10_it2,2951799,6.2874633401529,43.145922876185,77.4928066382586,6.31321241852573,31.0226995863921,46.9643190499191,bogota_2018
localidad,avg_pm10,2951799,1.19298642859778,4.20422679162694,5.97884316753983,1.19749256109671,3.03728896657159,3.58268331454781,bogota_2018
localidad,hrs_d_pm25_it1,2951799,-1.84651631090057,2.91182394194185,6.11756543279401,-1.84568679500537,2.61607810602057,4.60695317759899,bogota_2018
localidad,hrs_d_pm25_it2,2951799,-19.3509226068577,43.4805100211769,71.0414476198689,-19.3253961509931,32.7121890303373,46.335954421745,bogota_2018
localidad,avg_pm25,2951799,-0.292785407074008,1.88532513796151,2.57770150643361,-0.291808941849629,0.968067055060329,1.28118455542775,bogota_2018
municipio,hrs_d_pm10_it1,126498,-0.406607219086468,0.406607219086468,1.65830643635056,-0.406969765253978,0.406969765253978,0.682088381021952,bogota_2018
municipio,hrs_d_pm10_it2,126498,-14.3875792502648,14.4644816518838,24.517922823552,-14.3966952640385,14.3966952640385,17.5389812085218,bogota_2018
municipio,avg_pm10,126498,-3.09231695876179,3.09925348825661,4.27112468006705,-3.09286010746183,3.09286010746183,4.0653116414915,bogota_2018
municipio,hrs_d_pm25_it1,126498,-1.7938307325017,1.7938307325017,2.61196947601406,-1.79400578091951,1.79400578091951,2.22475394139161,bogota_2018
municipio,hrs_d_pm25_it2,126498,-11.7453635630603,13.4723473888915,28.1497643287916,-11.7403090626367,11.7403090626367,14.4690807541327,bogota_2018
municipio,avg_pm25,126498,-1.00321439556617,1.00774488953985,1.70731514375664,-1.00334447515307,1.00334447515307,1.22067716783765,bogota_2018
fine,hrs_d_pm10_it1,1429271,0,0,0,0,0,0,santiago_2017
fine,hrs_d_pm10_it2,1429271,0,0,0,0,0,0,santiago_2017
fine,avg_pm10,1429271,6.79138127984037e-16,2.24112102279461e-15,9.75406393913303e-15,6.4256379808448e-16,2.5630119140093e-15,9.90411717850295e-15,santiago_2017
fine,hrs_d_pm25_it1,1429271,0,0,0,0,0,0,santiago_2017
fine,hrs_d_pm25_it2,1429271,0,0,0,0,0,0,santiago_2017
fine,avg_pm25,1429271,7.30566895526639e-17,5.94498158743189e-16,2.35483380880378e-15,5.51871192354205e-17,9.92334102385577e-16,2.68920671091581e-15,santiago_2017
distrito,hrs_d_pm10_it1,1251147,0.129212634486595,2.18187471176448,10.8660133417148,0.129212634486596,1.74489648298721,6.69084782977456,santiago_2017
distrito,hrs_d_pm10_it2,1251147,-4.47620783169364,11.6671406317563,26.7292106437167,-4.47620783169363,10.6149413298358,20.2782059647226,santiago_2017
distrito,avg_pm10,1251147,0.00459052975648947,0.089657943804515,0.483650483370442,0.00459052975648868,0.0677457236673483,0.360303758057167,santiago_2017
distrito,hrs_d_pm25_it1,1251147,-0.0556169658721158,0.885885511454689,4.49005396933349,-0.0556169658721154,0.701680138305092,2.79680723679481,santiago_2017
distrito,hrs_d_pm25_it2,1251147,-4.30853928435268,10.2799319344569,21.3982072872183,-4.30853928435267,9.66298444547284,17.7890057487752,santiago_2017
distrito,avg_pm25,1251147,0.00925118227527627,0.0190633134305418,0.146867527932328,0.00925118227527638,0.0142494550990156,0.129557408240061,santiago_2017
comuna,hrs_d_pm10_it1,971812,-0.717557511123551,11.336841899462,27.2894581111935,-0.717557511123551,8.1365418414261,14.815491002253,santiago_2017
comuna,hrs_d_pm10_it2,971812,2.47310590937342,19.5686017460167,41.6498580615902,2.47310590937342,12.5351714117546,21.249133606925,santiago_2017
comuna,avg_pm10,971812,-0.131903451980177,0.439405827810607,1.04792925834994,-0.13190345198018,0.315227755404777,0.510923061464613,santiago_2017
comuna,hrs_d_pm25_it1,971812,3.40037579284882,6.34247776318877,20.201970997708,3.40037579284883,4.89813873465238,10.8228245315371,santiago_2017
comuna,hrs_d_pm25_it2,971812,10.4635248381374,16.1743577975987,52.8591481684788,10.4635248381374,14.7168372071965,25.8162534379806,santiago_2017
comuna,avg_pm25,971812,0.0264847124155513,0.122292563646295,0.445735994674584,0.0264847124155532,0.104405315132138,0.19997700273536,santiago_2017
fine,hrs_d_pm10_it1,3211384.78869041,0,0,0,-2.33018672326239e-17,6.45852307909839e-17,3.68581831139715e-16,sao_paulo_2010
fine,hrs_d_pm10_it2,3211384.78869041,0,0,0,-6.14890848148603e-16,7.81983818884322e-16,3.73150009271722e-15,sao_paulo_2010
fine,avg_pm10,3211384.78869041,-3.98341584178661e-18,1.96281378094843e-16,1.10900584187816e-15,-8.22375891999561e-17,6.97244035335379e-16,1.73484029301449e-15,sao_paulo_2010
fine,hrs_d_pm25_it1,2856619.31561217,0,0,0,-9.00365916274646e-17,4.02638312039314e-16,1.48324956381407e-15,sao_paulo_2010
fine,hrs_d_pm25_it2,2856619.31561217,0,0,0,-3.32359605788113e-16,1.83301134024391e-15,8.46475711456139e-15,sao_paulo_2010
fine,avg_pm25,2856619.31561217,1.02184596916241e-16,1.75126024653017e-16,8.00584136775263e-16,4.32820223844705e-17,4.50014830901854e-16,1.07938196284952e-15,sao_paulo_2010
municipio,hrs_d_pm10_it1,746182.288595823,0.574065515848296,0.574065515848296,2.5165953760345,0.559574595512223,0.559574595512223,0.928144679632835,sao_paulo_2010
municipio,hrs_d_pm10_it2,746182.288595823,6.43847076050255,7.71350037182693,23.3241760493777,6.41149413776931,6.41149413776931,9.5289183145957,sao_paulo_2010
municipio,avg_pm10,746182.288595823,0.19422525980089,0.213407170659952,0.753940264305937,0.193881205622568,0.193881205622568,0.328045323396141,sao_paulo_2010
municipio,hrs_d_pm25_it1,498064.977619388,2.54139846737434,2.54139846737434,10.4135330052703,2.62233650989269,2.62233650989269,4.38838113122957,sao_paulo_2010
municipio,hrs_d_pm25_it2,498064.977619388,7.27939331382927,21.1540925645144,71.8331116359451,7.68148053715095,7.68148053715095,12.1849272182029,sao_paulo_2010
municipio,avg_pm25,498064.977619388,0.313426593766642,0.313426593766642,1.57829119361031,0.322416884026082,0.322416884026082,0.539552481122187,sao_paulo_2010
