edu_group3,population,mean,share,design,level,outcome,city_id
1,1254566,29.608695756142,0.29484249024333,A,fine,hrs_d_pm10_it1,bogota_2018
2,1758763,24.5834020843058,0.413336614150097,A,fine,hrs_d_pm10_it1,bogota_2018
3,1241709,8.75598227926189,0.291820895606573,A,fine,hrs_d_pm10_it1,bogota_2018
1,1254566,29.608695756142,0.29484249024333,B_native,fine,hrs_d_pm10_it1,bogota_2018
2,1758763,24.5834020843058,0.413336614150097,B_native,fine,hrs_d_pm10_it1,bogota_2018
3,1241709,8.75598227926189,0.291820895606573,B_native,fine,hrs_d_pm10_it1,bogota_2018
1,1254566,29.608695756142,0.29484249024333,B_common,fine,hrs_d_pm10_it1,bogota_2018
2,1758763,24.5834020843058,0.413336614150097,B_common,fine,hrs_d_pm10_it1,bogota_2018
3,1241709,8.75598227926189,0.291820895606573,B_common,fine,hrs_d_pm10_it1,bogota_2018
1,1254566,29.608695756142,0.29484249024333,baseline_common,fine,hrs_d_pm10_it1,bogota_2018
2,1758763,24.5834020843058,0.413336614150097,baseline_common,fine,hrs_d_pm10_it1,bogota_2018
3,1241709,8.75598227926189,0.291820895606573,baseline_common,fine,hrs_d_pm10_it1,bogota_2018
1,1254566,29.608695756142,0.29484249024333,A_common,fine,hrs_d_pm10_it1,bogota_2018
2,1758763,24.5834020843058,0.413336614150097,A_common,fine,hrs_d_pm10_it1,bogota_2018
3,1241709,8.75598227926189,0.291820895606573,A_common,fine,hrs_d_pm10_it1,bogota_2018
1,509187,49.8531541457264,0.119666851388871,C,fine,hrs_d_pm10_it1,bogota_2018
2,2834296,22.9317304896877,0.666103569462834,C,fine,hrs_d_pm10_it1,bogota_2018
3,911555,0.959824695163759,0.214229579148294,C,fine,hrs_d_pm10_it1,bogota_2018
1,1254566,148.533864300483,0.29484249024333,A,fine,hrs_d_pm10_it2,bogota_2018
2,1758763,130.103569383709,0.413336614150097,A,fine,hrs_d_pm10_it2,bogota_2018
3,1241709,65.1865622299589,0.291820895606573,A,fine,hrs_d_pm10_it2,bogota_2018
1,1254566,148.533864300483,0.29484249024333,B_native,fine,hrs_d_pm10_it2,bogota_2018
2,1758763,130.103569383709,0.413336614150097,B_native,fine,hrs_d_pm10_it2,bogota_2018
3,1241709,65.1865622299589,0.291820895606573,B_native,fine,hrs_d_pm10_it2,bogota_2018
1,1254566,148.533864300483,0.29484249024333,B_common,fine,hrs_d_pm10_it2,bogota_2018
2,1758763,130.103569383709,0.413336614150097,B_common,fine,hrs_d_pm10_it2,bogota_2018
3,1241709,65.1865622299589,0.291820895606573,B_common,fine,hrs_d_pm10_it2,bogota_2018
1,1254566,148.533864300483,0.29484249024333,baseline_common,fine,hrs_d_pm10_it2,bogota_2018
2,1758763,130.103569383709,0.413336614150097,baseline_common,fine,hrs_d_pm10_it2,bogota_2018
3,1241709,65.1865622299589,0.291820895606573,baseline_common,fine,hrs_d_pm10_it2,bogota_2018
1,1254566,148.533864300483,0.29484249024333,A_common,fine,hrs_d_pm10_it2,bogota_2018
2,1758763,130.103569383709,0.413336614150097,A_common,fine,hrs_d_pm10_it2,bogota_2018
3,1241709,65.1865622299589,0.291820895606573,A_common,fine,hrs_d_pm10_it2,bogota_2018
1,509187,227.771241213935,0.119666851388871,C,fine,hrs_d_pm10_it2,bogota_2018
2,2834296,127.315989226249,0.666103569462834,C,fine,hrs_d_pm10_it2,bogota_2018
3,911555,21.1509640120454,0.214229579148294,C,fine,hrs_d_pm10_it2,bogota_2018
1,1254566,34.7375078003383,0.29484249024333,A,fine,avg_pm10,bogota_2018
2,1758763,33.9604939762189,0.413336614150097,A,fine,avg_pm10,bogota_2018
3,1241709,29.0124820920913,0.291820895606573,A,fine,avg_pm10,bogota_2018
1,1254566,34.7375078003383,0.29484249024333,B_native,fine,avg_pm10,bogota_2018
2,1758763,33.9604939762189,0.413336614150097,B_native,fine,avg_pm10,bogota_2018
3,1241709,29.0124820920913,0.291820895606573,B_native,fine,avg_pm10,bogota_2018
1,1254566,34.7375078003383,0.29484249024333,B_common,fine,avg_pm10,bogota_2018
2,1758763,33.9604939762189,0.413336614150097,B_common,fine,avg_pm10,bogota_2018
3,1241709,29.0124820920913,0.291820895606573,B_common,fine,avg_pm10,bogota_2018
1,1254566,34.7375078003383,0.29484249024333,baseline_common,fine,avg_pm10,bogota_2018
2,1758763,33.9604939762189,0.413336614150097,baseline_common,fine,avg_pm10,bogota_2018
3,1241709,29.0124820920913,0.291820895606573,baseline_common,fine,avg_pm10,bogota_2018
1,1254566,34.7375078003383,0.29484249024333,A_common,fine,avg_pm10,bogota_2018
2,1758763,33.9604939762189,0.413336614150097,A_common,fine,avg_pm10,bogota_2018
3,1241709,29.0124820920913,0.291820895606573,A_common,fine,avg_pm10,bogota_2018
1,509187,38.2099001035713,0.119666851388871,C,fine,avg_pm10,bogota_2018
2,2834296,34.2118021821496,0.666103569462834,C,fine,avg_pm10,bogota_2018
3,911555,25.1346963403543,0.214229579148294,C,fine,avg_pm10,bogota_2018
1,1252653,14.6712313785222,0.294647179283082,A,fine,hrs_d_pm25_it1,bogota_2018
2,1757223,11.4094830308959,0.413331385724024,A,fine,hrs_d_pm25_it1,bogota_2018
3,1241490,4.32800908585651,0.292021434992894,A,fine,hrs_d_pm25_it1,bogota_2018
1,1252653,14.6712313785222,0.294647179283082,B_native,fine,hrs_d_pm25_it1,bogota_2018
2,1757223,11.4094830308959,0.413331385724024,B_native,fine,hrs_d_pm25_it1,bogota_2018
3,1241490,4.32800908585651,0.292021434992894,B_native,fine,hrs_d_pm25_it1,bogota_2018
1,1252653,14.6712313785222,0.294647179283082,B_common,fine,hrs_d_pm25_it1,bogota_2018
2,1757223,11.4094830308959,0.413331385724024,B_common,fine,hrs_d_pm25_it1,bogota_2018
3,1241490,4.32800908585651,0.292021434992894,B_common,fine,hrs_d_pm25_it1,bogota_2018
1,1252653,14.6712313785222,0.294647179283082,baseline_common,fine,hrs_d_pm25_it1,bogota_2018
2,1757223,11.4094830308959,0.413331385724024,baseline_common,fine,hrs_d_pm25_it1,bogota_2018
3,1241490,4.32800908585651,0.292021434992894,baseline_common,fine,hrs_d_pm25_it1,bogota_2018
1,1252653,14.6712313785222,0.294647179283082,A_common,fine,hrs_d_pm25_it1,bogota_2018
2,1757223,11.4094830308959,0.413331385724024,A_common,fine,hrs_d_pm25_it1,bogota_2018
3,1241490,4.32800908585651,0.292021434992894,A_common,fine,hrs_d_pm25_it1,bogota_2018
1,506952,27.7412555823826,0.119244496945217,C,fine,hrs_d_pm25_it1,bogota_2018
2,2832876,10.2671613582804,0.666344887737259,C,fine,hrs_d_pm25_it1,bogota_2018
3,911538,0.714252175992663,0.214410615317524,C,fine,hrs_d_pm25_it1,bogota_2018
1,1252653,136.672490306573,0.294647179283082,A,fine,hrs_d_pm25_it2,bogota_2018
2,1757223,121.597286172558,0.413331385724024,A,fine,hrs_d_pm25_it2,bogota_2018
3,1241490,68.5302797445006,0.292021434992894,A,fine,hrs_d_pm25_it2,bogota_2018
1,1252653,136.672490306573,0.294647179283082,B_native,fine,hrs_d_pm25_it2,bogota_2018
2,1757223,121.597286172558,0.413331385724024,B_native,fine,hrs_d_pm25_it2,bogota_2018
3,1241490,68.5302797445006,0.292021434992894,B_native,fine,hrs_d_pm25_it2,bogota_2018
1,1252653,136.672490306573,0.294647179283082,B_common,fine,hrs_d_pm25_it2,bogota_2018
2,1757223,121.597286172558,0.413331385724024,B_common,fine,hrs_d_pm25_it2,bogota_2018
3,1241490,68.5302797445006,0.292021434992894,B_common,fine,hrs_d_pm25_it2,bogota_2018
1,1252653,136.672490306573,0.294647179283082,baseline_common,fine,hrs_d_pm25_it2,bogota_2018
2,1757223,121.597286172558,0.413331385724024,baseline_common,fine,hrs_d_pm25_it2,bogota_2018
3,1241490,68.5302797445006,0.292021434992894,baseline_common,fine,hrs_d_pm25_it2,bogota_2018
1,1252653,136.672490306573,0.294647179283082,A_common,fine,hrs_d_pm25_it2,bogota_2018
2,1757223,121.597286172558,0.413331385724024,A_common,fine,hrs_d_pm25_it2,bogota_2018
3,1241490,68.5302797445006,0.292021434992894,A_common,fine,hrs_d_pm25_it2,bogota_2018
1,506952,193.110327999495,0.119244496945217,C,fine,hrs_d_pm25_it2,bogota_2018
2,2832876,121.96511283939,0.666344887737259,C,fine,hrs_d_pm25_it2,bogota_2018
3,911538,29.1229789652214,0.214410615317524,C,fine,hrs_d_pm25_it2,bogota_2018
1,1252653,16.3941538829185,0.294647179283082,A,fine,avg_pm25,bogota_2018
2,1757223,16.1969653910235,0.413331385724024,A,fine,avg_pm25,bogota_2018
3,1241490,14.4034449247927,0.292021434992894,A,fine,avg_pm25,bogota_2018
1,1252653,16.3941538829185,0.294647179283082,B_native,fine,avg_pm25,bogota_2018
2,1757223,16.1969653910235,0.413331385724024,B_native,fine,avg_pm25,bogota_2018
3,1241490,14.4034449247927,0.292021434992894,B_native,fine,avg_pm25,bogota_2018
1,1252653,16.3941538829185,0.294647179283082,B_common,fine,avg_pm25,bogota_2018
2,1757223,16.1969653910235,0.413331385724024,B_common,fine,avg_pm25,bogota_2018
3,1241490,14.4034449247927,0.292021434992894,B_common,fine,avg_pm25,bogota_2018
1,1252653,16.3941538829185,0.294647179283082,baseline_common,fine,avg_pm25,bogota_2018
2,1757223,16.1969653910235,0.413331385724024,baseline_common,fine,avg_pm25,bogota_2018
3,1241490,14.4034449247927,0.292021434992894,baseline_common,fine,avg_pm25,bogota_2018
1,1252653,16.3941538829185,0.294647179283082,A_common,fine,avg_pm25,bogota_2018
2,1757223,16.1969653910235,0.413331385724024,A_common,fine,avg_pm25,bogota_2018
3,1241490,14.4034449247927,0.292021434992894,A_common,fine,avg_pm25,bogota_2018
1,506952,17.1352792183753,0.119244496945217,C,fine,avg_pm25,bogota_2018
2,2832876,16.417085111269,0.666344887737259,C,fine,avg_pm25,bogota_2018
3,911538,12.8192884190298,0.214410615317524,C,fine,avg_pm25,bogota_2018
1,1254566,29.5859656991057,0.29484249024333,A,seccion,hrs_d_pm10_it1,bogota_2018
2,1758763,24.5893965278337,0.413336614150097,A,seccion,hrs_d_pm10_it1,bogota_2018
3,1241709,8.76697667307039,0.291820895606573,A,seccion,hrs_d_pm10_it1,bogota_2018
1,1249840,29.2220604237342,0.295175343610372,B_native,seccion,hrs_d_pm10_it1,bogota_2018
2,1748563,24.0234569758139,0.412959006232304,B_native,seccion,hrs_d_pm10_it1,bogota_2018
3,1235826,8.57686033470731,0.291865650157325,B_native,seccion,hrs_d_pm10_it1,bogota_2018
1,1224664,29.0496062593495,0.2947818208602,B_common,seccion,hrs_d_pm10_it1,bogota_2018
2,1715008,23.9142423825428,0.412809702114057,B_common,seccion,hrs_d_pm10_it1,bogota_2018
3,1214804,8.52298230825713,0.292408477025743,B_common,seccion,hrs_d_pm10_it1,bogota_2018
1,1224664,29.332578568489,0.2947818208602,baseline_common,seccion,hrs_d_pm10_it1,bogota_2018
2,1715008,24.1738971480016,0.412809702114057,baseline_common,seccion,hrs_d_pm10_it1,bogota_2018
3,1214804,8.67312010826438,0.292408477025743,baseline_common,seccion,hrs_d_pm10_it1,bogota_2018
1,1224664,29.3092635220638,0.2947818208602,A_common,seccion,hrs_d_pm10_it1,bogota_2018
2,1715008,24.1801373729834,0.412809702114057,A_common,seccion,hrs_d_pm10_it1,bogota_2018
3,1214804,8.68411691769122,0.292408477025743,A_common,seccion,hrs_d_pm10_it1,bogota_2018
1,377013,57.6973844403243,0.0886039090602716,C,seccion,hrs_d_pm10_it1,bogota_2018
2,3063949,22.4438301681914,0.720075590394257,C,seccion,hrs_d_pm10_it1,bogota_2018
3,814076,0.903365287761831,0.191320500545471,C,seccion,hrs_d_pm10_it1,bogota_2018
1,1254566,148.443085878137,0.29484249024333,A,seccion,hrs_d_pm10_it2,bogota_2018
2,1758763,130.116863866442,0.413336614150097,A,seccion,hrs_d_pm10_it2,bogota_2018
3,1241709,65.2404633647849,0.291820895606573,A,seccion,hrs_d_pm10_it2,bogota_2018
1,1249840,147.74585866991,0.295175343610372,B_native,seccion,hrs_d_pm10_it2,bogota_2018
2,1748563,128.95352069099,0.412959006232304,B_native,seccion,hrs_d_pm10_it2,bogota_2018
3,1235826,64.8150896647263,0.291865650157325,B_native,seccion,hrs_d_pm10_it2,bogota_2018
1,1224664,147.972743544352,0.2947818208602,B_common,seccion,hrs_d_pm10_it2,bogota_2018
2,1715008,129.246471736575,0.412809702114057,B_common,seccion,hrs_d_pm10_it2,bogota_2018
3,1214804,65.0262429165528,0.292408477025743,B_common,seccion,hrs_d_pm10_it2,bogota_2018
1,1224664,148.932577425318,0.2947818208602,baseline_common,seccion,hrs_d_pm10_it2,bogota_2018
2,1715008,130.175070903459,0.412809702114057,baseline_common,seccion,hrs_d_pm10_it2,bogota_2018
3,1214804,65.6016238010412,0.292408477025743,baseline_common,seccion,hrs_d_pm10_it2,bogota_2018
1,1224664,148.839669388587,0.2947818208602,A_common,seccion,hrs_d_pm10_it2,bogota_2018
2,1715008,130.189787884287,0.412809702114057,A_common,seccion,hrs_d_pm10_it2,bogota_2018
3,1214804,65.6537083169455,0.292408477025743,A_common,seccion,hrs_d_pm10_it2,bogota_2018
1,377013,270.115038473474,0.0886039090602716,C,seccion,hrs_d_pm10_it2,bogota_2018
2,3063949,123.955691494865,0.720075590394257,C,seccion,hrs_d_pm10_it2,bogota_2018
3,814076,17.7855912715766,0.191320500545471,C,seccion,hrs_d_pm10_it2,bogota_2018
1,1254566,34.7359911643903,0.29484249024333,A,seccion,avg_pm10,bogota_2018
2,1758763,33.9618447795413,0.413336614150097,A,seccion,avg_pm10,bogota_2018
3,1241709,29.0112950669252,0.291820895606573,A,seccion,avg_pm10,bogota_2018
1,1249840,34.6386892025904,0.295175343610372,B_native,seccion,avg_pm10,bogota_2018
2,1748563,33.8571437522812,0.412959006232304,B_native,seccion,avg_pm10,bogota_2018
3,1235826,28.9983511312442,0.291865650157325,B_native,seccion,avg_pm10,bogota_2018
1,1224664,34.6752831768786,0.2947818208602,B_common,seccion,avg_pm10,bogota_2018
2,1715008,33.9009409740432,0.412809702114057,B_common,seccion,avg_pm10,bogota_2018
3,1214804,29.0402336477343,0.292408477025743,B_common,seccion,avg_pm10,bogota_2018
1,1224664,34.7300589715794,0.2947818208602,baseline_common,seccion,avg_pm10,bogota_2018
2,1715008,33.9454959865898,0.412809702114057,baseline_common,seccion,avg_pm10,bogota_2018
3,1214804,29.0371476433041,0.292408477025743,baseline_common,seccion,avg_pm10,bogota_2018
1,1224664,34.7284419722852,0.2947818208602,A_common,seccion,avg_pm10,bogota_2018
2,1715008,33.9469847103721,0.412809702114057,A_common,seccion,avg_pm10,bogota_2018
3,1214804,29.0357285992848,0.292408477025743,A_common,seccion,avg_pm10,bogota_2018
1,377013,39.7968782845112,0.0886039090602716,C,seccion,avg_pm10,bogota_2018
2,3063949,34.0636236455482,0.720075590394257,C,seccion,avg_pm10,bogota_2018
3,814076,24.5196646583298,0.191320500545471,C,seccion,avg_pm10,bogota_2018
1,1252653,14.6482578137392,0.294647179283082,A,seccion,hrs_d_pm25_it1,bogota_2018
2,1757223,11.4114278360869,0.413331385724024,A,seccion,hrs_d_pm25_it1,bogota_2018
3,1241490,4.34628857306711,0.292021434992894,A,seccion,hrs_d_pm25_it1,bogota_2018
1,1247444,14.4526279335986,0.295012050512114,B_native,seccion,hrs_d_pm25_it1,bogota_2018
2,1745804,11.1731024788579,0.412870812503208,B_native,seccion,hrs_d_pm25_it1,bogota_2018
3,1235203,4.31181514293602,0.292117136984678,B_native,seccion,hrs_d_pm25_it1,bogota_2018
1,1222751,14.3755752397667,0.294581724408091,B_common,seccion,hrs_d_pm25_it1,bogota_2018
2,1713468,11.1526354737877,0.412803880886691,B_common,seccion,hrs_d_pm25_it1,bogota_2018
3,1214585,4.31789129620405,0.292614394705219,B_common,seccion,hrs_d_pm25_it1,bogota_2018
1,1222751,14.6080968242921,0.294581724408091,baseline_common,seccion,hrs_d_pm25_it1,bogota_2018
2,1713468,11.2778528691519,0.412803880886691,baseline_common,seccion,hrs_d_pm25_it1,bogota_2018
3,1214585,4.30176644697572,0.292614394705219,baseline_common,seccion,hrs_d_pm25_it1,bogota_2018
1,1222751,14.5844777867745,0.294581724408091,A_common,seccion,hrs_d_pm25_it1,bogota_2018
2,1713468,11.2798420048195,0.412803880886691,A_common,seccion,hrs_d_pm25_it1,bogota_2018
3,1214585,4.32047800619109,0.292614394705219,A_common,seccion,hrs_d_pm25_it1,bogota_2018
1,375470,34.8423176285722,0.0883174960706747,C,seccion,hrs_d_pm25_it1,bogota_2018
2,3061820,9.95040041543918,0.72019675558397,C,seccion,hrs_d_pm25_it1,bogota_2018
3,814076,0.309022744805153,0.191485748345355,C,seccion,hrs_d_pm25_it1,bogota_2018
1,1252653,136.543960481889,0.294647179283082,A,seccion,hrs_d_pm25_it2,bogota_2018
2,1757223,121.592131377286,0.413331385724024,A,seccion,hrs_d_pm25_it2,bogota_2018
3,1241490,68.6532883983842,0.292021434992894,A,seccion,hrs_d_pm25_it2,bogota_2018
1,1247444,134.722522213422,0.295012050512114,B_native,seccion,hrs_d_pm25_it2,bogota_2018
2,1745804,119.696063246504,0.412870812503208,B_native,seccion,hrs_d_pm25_it2,bogota_2018
3,1235203,67.9907440315479,0.292117136984678,B_native,seccion,hrs_d_pm25_it2,bogota_2018
1,1222751,135.188911724464,0.294581724408091,B_common,seccion,hrs_d_pm25_it2,bogota_2018
2,1713468,120.274362287478,0.412803880886691,B_common,seccion,hrs_d_pm25_it2,bogota_2018
3,1214585,68.4237118027968,0.292614394705219,B_common,seccion,hrs_d_pm25_it2,bogota_2018
1,1222751,136.391182669243,0.294581724408091,baseline_common,seccion,hrs_d_pm25_it2,bogota_2018
2,1713468,121.133795320368,0.412803880886691,baseline_common,seccion,hrs_d_pm25_it2,bogota_2018
3,1214585,68.7329524076125,0.292614394705219,baseline_common,seccion,hrs_d_pm25_it2,bogota_2018
1,1222751,136.260039639662,0.294581724408091,A_common,seccion,hrs_d_pm25_it2,bogota_2018
2,1713468,121.128870745855,0.412803880886691,A_common,seccion,hrs_d_pm25_it2,bogota_2018
3,1214585,68.8565657240096,0.292614394705219,A_common,seccion,hrs_d_pm25_it2,bogota_2018
1,375470,215.442986124058,0.0883174960706747,C,seccion,hrs_d_pm25_it2,bogota_2018
2,3061820,120.742678864205,0.72019675558397,C,seccion,hrs_d_pm25_it2,bogota_2018
3,814076,23.7959146320491,0.191485748345355,C,seccion,hrs_d_pm25_it2,bogota_2018
1,1252653,16.3936216724137,0.294647179283082,A,seccion,avg_pm25,bogota_2018
2,1757223,16.1971207203002,0.413331385724024,A,seccion,avg_pm25,bogota_2018
3,1241490,14.4035615723112,0.292021434992894,A,seccion,avg_pm25,bogota_2018
1,1247444,16.3397810782109,0.295012050512114,B_native,seccion,avg_pm25,bogota_2018
2,1745804,16.1498193098227,0.412870812503208,B_native,seccion,avg_pm25,bogota_2018
3,1235203,14.3879060996529,0.292117136984678,B_native,seccion,avg_pm25,bogota_2018
1,1222751,16.3620270151282,0.294581724408091,B_common,seccion,avg_pm25,bogota_2018
2,1713468,16.1705530245213,0.412803880886691,B_common,seccion,avg_pm25,bogota_2018
3,1214585,14.4071544130551,0.292614394705219,B_common,seccion,avg_pm25,bogota_2018
1,1222751,16.3853906733922,0.294581724408091,baseline_common,seccion,avg_pm25,bogota_2018
2,1713468,16.1844394261549,0.412803880886691,baseline_common,seccion,avg_pm25,bogota_2018
3,1214585,14.4034151443497,0.292614394705219,baseline_common,seccion,avg_pm25,bogota_2018
1,1222751,16.3849238634607,0.294581724408091,A_common,seccion,avg_pm25,bogota_2018
2,1713468,16.1846372773945,0.412803880886691,A_common,seccion,avg_pm25,bogota_2018
3,1214585,14.4033595994908,0.292614394705219,A_common,seccion,avg_pm25,bogota_2018
1,375470,17.3658459875824,0.0883174960706747,C,seccion,avg_pm25,bogota_2018
2,3061820,16.3660159089918,0.72019675558397,C,seccion,avg_pm25,bogota_2018
3,814076,12.5902863804654,0.191485748345355,C,seccion,avg_pm25,bogota_2018
1,1254566,29.6092357668,0.29484249024333,A,sector,hrs_d_pm10_it1,bogota_2018
2,1758763,24.5734934470313,0.413336614150097,A,sector,hrs_d_pm10_it1,bogota_2018
3,1241709,8.76835550044004,0.291820895606573,A,sector,hrs_d_pm10_it1,bogota_2018
1,1200255,24.8110384876547,0.292707855243796,B_native,sector,hrs_d_pm10_it1,bogota_2018
2,1684729,20.1744880037086,0.410857203058537,B_native,sector,hrs_d_pm10_it1,bogota_2018
3,1215538,7.07838586699881,0.296434941697667,B_native,sector,hrs_d_pm10_it1,bogota_2018
1,1162472,25.4711218850863,0.29252614806382,B_common,sector,hrs_d_pm10_it1,bogota_2018
2,1634236,20.6717646655685,0.411241528490343,B_common,sector,hrs_d_pm10_it1,bogota_2018
3,1177200,7.24543577981651,0.296232323445837,B_common,sector,hrs_d_pm10_it1,bogota_2018
1,1162472,26.8038851688471,0.29252614806382,baseline_common,sector,hrs_d_pm10_it1,bogota_2018
2,1634236,22.1626943721715,0.411241528490343,baseline_common,sector,hrs_d_pm10_it1,bogota_2018
3,1177200,7.9024006116208,0.296232323445837,baseline_common,sector,hrs_d_pm10_it1,bogota_2018
1,1162472,26.8071708690393,0.29252614806382,A_common,sector,hrs_d_pm10_it1,bogota_2018
2,1634236,22.1515285066814,0.411241528490343,A_common,sector,hrs_d_pm10_it1,bogota_2018
3,1177200,7.91361973870342,0.296232323445837,A_common,sector,hrs_d_pm10_it1,bogota_2018
1,284606,56.7367588877255,0.0668868292128061,C,sector,hrs_d_pm10_it1,bogota_2018
2,3160718,23.5526642996939,0.742817807972573,C,sector,hrs_d_pm10_it1,bogota_2018
3,809714,0.819883316825447,0.190295362814621,C,sector,hrs_d_pm10_it1,bogota_2018
1,1254566,147.986778474969,0.29484249024333,A,sector,hrs_d_pm10_it2,bogota_2018
2,1758763,130.080764167656,0.413336614150097,A,sector,hrs_d_pm10_it2,bogota_2018
3,1241709,65.7603418083095,0.291820895606573,A,sector,hrs_d_pm10_it2,bogota_2018
1,1200255,139.503277220257,0.292707855243796,B_native,sector,hrs_d_pm10_it2,bogota_2018
2,1684729,122.966529928552,0.410857203058537,B_native,sector,hrs_d_pm10_it2,bogota_2018
3,1215538,63.2496919059709,0.296434941697667,B_native,sector,hrs_d_pm10_it2,bogota_2018
1,1162472,141.988718007832,0.29252614806382,B_common,sector,hrs_d_pm10_it2,bogota_2018
2,1634236,124.88372303633,0.411241528490343,B_common,sector,hrs_d_pm10_it2,bogota_2018
3,1177200,64.1933910975195,0.296232323445837,B_common,sector,hrs_d_pm10_it2,bogota_2018
1,1162472,144.978927664494,0.29252614806382,baseline_common,sector,hrs_d_pm10_it2,bogota_2018
2,1634236,127.357617871593,0.411241528490343,baseline_common,sector,hrs_d_pm10_it2,bogota_2018
3,1177200,64.5628805640503,0.296232323445837,baseline_common,sector,hrs_d_pm10_it2,bogota_2018
1,1162472,144.404510304218,0.29252614806382,A_common,sector,hrs_d_pm10_it2,bogota_2018
2,1634236,127.33346210486,0.411241528490343,A_common,sector,hrs_d_pm10_it2,bogota_2018
3,1177200,65.1514521087362,0.296232323445837,A_common,sector,hrs_d_pm10_it2,bogota_2018
1,284606,288.165931146919,0.0668868292128061,C,sector,hrs_d_pm10_it2,bogota_2018
2,3160718,127.055098873104,0.742817807972573,C,sector,hrs_d_pm10_it2,bogota_2018
3,809714,15.4505541462788,0.190295362814621,C,sector,hrs_d_pm10_it2,bogota_2018
1,1254566,34.7238466898371,0.29484249024333,A,sector,avg_pm10,bogota_2018
2,1758763,33.9555750079976,0.413336614150097,A,sector,avg_pm10,bogota_2018
3,1241709,29.033286373638,0.291820895606573,A,sector,avg_pm10,bogota_2018
1,1200255,34.0624397198526,0.292707855243796,B_native,sector,avg_pm10,bogota_2018
2,1684729,33.3595470214838,0.410857203058537,B_native,sector,avg_pm10,bogota_2018
3,1215538,28.7668305802855,0.296434941697667,B_native,sector,avg_pm10,bogota_2018
1,1162472,34.2285013904096,0.29252614806382,B_common,sector,avg_pm10,bogota_2018
2,1634236,33.4979939794209,0.411241528490343,B_common,sector,avg_pm10,bogota_2018
3,1177200,28.8632165718618,0.296232323445837,B_common,sector,avg_pm10,bogota_2018
1,1162472,34.4814243657079,0.29252614806382,baseline_common,sector,avg_pm10,bogota_2018
2,1634236,33.7617072850868,0.411241528490343,baseline_common,sector,avg_pm10,bogota_2018
3,1177200,28.9352732146512,0.296232323445837,baseline_common,sector,avg_pm10,bogota_2018
1,1162472,34.4681576581834,0.29252614806382,A_common,sector,avg_pm10,bogota_2018
2,1634236,33.7559754718342,0.411241528490343,A_common,sector,avg_pm10,bogota_2018
3,1177200,28.9561898999452,0.296232323445837,A_common,sector,avg_pm10,bogota_2018
1,284606,41.2282822414896,0.0668868292128061,C,sector,avg_pm10,bogota_2018
2,3160718,34.1739127478429,0.742817807972573,C,sector,avg_pm10,bogota_2018
3,809714,24.1889098571456,0.190295362814621,C,sector,avg_pm10,bogota_2018
1,1252653,14.660898778864,0.294647179283082,A,sector,hrs_d_pm25_it1,bogota_2018
2,1757223,11.4035171746103,0.413331385724024,A,sector,hrs_d_pm25_it1,bogota_2018
3,1241490,4.34704939727003,0.292021434992894,A,sector,hrs_d_pm25_it1,bogota_2018
1,1198687,12.8526187403384,0.292615545579998,B_native,sector,hrs_d_pm25_it1,bogota_2018
2,1682750,9.79531184073689,0.410781804862104,B_native,sector,hrs_d_pm25_it1,bogota_2018
3,1215020,3.69617537159882,0.296602649557898,B_native,sector,hrs_d_pm25_it1,bogota_2018
1,1161387,13.1492499916049,0.292397258877191,B_common,sector,hrs_d_pm25_it1,bogota_2018
2,1633476,10.0033890917283,0.411253014577982,B_common,sector,hrs_d_pm25_it1,bogota_2018
3,1177086,3.77552022537011,0.296349726544827,B_common,sector,hrs_d_pm25_it1,bogota_2018
1,1161387,13.6116574406292,0.292397258877191,baseline_common,sector,hrs_d_pm25_it1,bogota_2018
2,1633476,10.5465681773102,0.411253014577982,baseline_common,sector,hrs_d_pm25_it1,bogota_2018
3,1177086,4.02949741989965,0.296349726544827,baseline_common,sector,hrs_d_pm25_it1,bogota_2018
1,1161387,13.6067478777101,0.292397258877191,A_common,sector,hrs_d_pm25_it1,bogota_2018
2,1633476,10.5382152266277,0.411253014577982,A_common,sector,hrs_d_pm25_it1,bogota_2018
3,1177086,4.04727254451019,0.296349726544827,A_common,sector,hrs_d_pm25_it1,bogota_2018
1,283063,41.3166468242052,0.0665816586951112,C,sector,hrs_d_pm25_it1,bogota_2018
2,3158589,10.0875843612448,0.742958616124794,C,sector,hrs_d_pm25_it1,bogota_2018
3,809714,0.299366195965489,0.190459725180095,C,sector,hrs_d_pm25_it1,bogota_2018
1,1252653,136.225371167538,0.294647179283082,A,sector,hrs_d_pm25_it2,bogota_2018
2,1757223,121.53144218717,0.413331385724024,A,sector,hrs_d_pm25_it2,bogota_2018
3,1241490,69.0665089951955,0.292021434992894,A,sector,hrs_d_pm25_it2,bogota_2018
1,1198687,127.060562098363,0.292615545579998,B_native,sector,hrs_d_pm25_it2,bogota_2018
2,1682750,113.478818600505,0.410781804862104,B_native,sector,hrs_d_pm25_it2,bogota_2018
3,1215020,65.0562163585785,0.296602649557898,B_native,sector,hrs_d_pm25_it2,bogota_2018
1,1161387,129.177628990164,0.292397258877191,B_common,sector,hrs_d_pm25_it2,bogota_2018
2,1633476,115.203916066107,0.411253014577982,B_common,sector,hrs_d_pm25_it2,bogota_2018
3,1177086,66.0537454357626,0.296349726544827,B_common,sector,hrs_d_pm25_it2,bogota_2018
1,1161387,132.770449471193,0.292397258877191,baseline_common,sector,hrs_d_pm25_it2,bogota_2018
2,1633476,118.388264045508,0.411253014577982,baseline_common,sector,hrs_d_pm25_it2,bogota_2018
3,1177086,67.6425732699225,0.296349726544827,baseline_common,sector,hrs_d_pm25_it2,bogota_2018
1,1161387,132.315088133336,0.292397258877191,A_common,sector,hrs_d_pm25_it2,bogota_2018
2,1633476,118.309371677815,0.411253014577982,A_common,sector,hrs_d_pm25_it2,bogota_2018
3,1177086,68.1955784834633,0.296349726544827,A_common,sector,hrs_d_pm25_it2,bogota_2018
1,283063,243.785235089009,0.0665816586951112,C,sector,hrs_d_pm25_it2,bogota_2018
2,3158589,120.990123754626,0.742958616124794,C,sector,hrs_d_pm25_it2,bogota_2018
3,809714,23.207893157337,0.190459725180095,C,sector,hrs_d_pm25_it2,bogota_2018
1,1252653,16.386943877353,0.294647179283082,A,sector,avg_pm25,bogota_2018
2,1757223,16.1938214299979,0.413331385724024,A,sector,avg_pm25,bogota_2018
3,1241490,14.415454659934,0.292021434992894,A,sector,avg_pm25,bogota_2018
1,1198687,16.1751441463693,0.292615545579998,B_native,sector,avg_pm25,bogota_2018
2,1682750,16.0106328791321,0.410781804862104,B_native,sector,avg_pm25,bogota_2018
3,1215020,14.3002078940497,0.296602649557898,B_native,sector,avg_pm25,bogota_2018
1,1161387,16.2428627365509,0.292397258877191,B_common,sector,avg_pm25,bogota_2018
2,1633476,16.064786343866,0.411253014577982,B_common,sector,avg_pm25,bogota_2018
3,1177086,14.3381054512777,0.296349726544827,B_common,sector,avg_pm25,bogota_2018
1,1161387,16.3093760190949,0.292397258877191,baseline_common,sector,avg_pm25,bogota_2018
2,1633476,16.1234503244829,0.411253014577982,baseline_common,sector,avg_pm25,bogota_2018
3,1177086,14.3652184412096,0.296349726544827,baseline_common,sector,avg_pm25,bogota_2018
1,1161387,16.3021223439858,0.292397258877191,A_common,sector,avg_pm25,bogota_2018
2,1633476,16.1198554072544,0.411253014577982,A_common,sector,avg_pm25,bogota_2018
3,1177086,14.3776094376228,0.296349726544827,A_common,sector,avg_pm25,bogota_2018
1,283063,17.9791344035009,0.0665816586951112,C,sector,avg_pm25,bogota_2018
2,3158589,16.3518281622929,0.742958616124794,C,sector,avg_pm25,bogota_2018
3,809714,12.524998596941,0.190459725180095,C,sector,avg_pm25,bogota_2018
1,1254566,30.4653461702622,0.29484249024333,A,localidad,hrs_d_pm10_it1,bogota_2018
2,1758763,24.1014894137806,0.413336614150097,A,localidad,hrs_d_pm10_it1,bogota_2018
3,1241709,8.55739875870671,0.291820895606573,A,localidad,hrs_d_pm10_it1,bogota_2018
1,873789,4.500034905452,0.256857683824729,B_native,localidad,hrs_d_pm10_it1,bogota_2018
2,1374159,4.263068538648,0.403945687055921,B_native,localidad,hrs_d_pm10_it1,bogota_2018
3,1153893,2.91008698380179,0.33919662911935,B_native,localidad,hrs_d_pm10_it1,bogota_2018
1,742330,5.15485835140706,0.251483925565393,B_common,localidad,hrs_d_pm10_it1,bogota_2018
2,1190162,4.80386955725355,0.403198862795197,B_common,localidad,hrs_d_pm10_it1,bogota_2018
3,1019307,3.21260719292617,0.34531721163941,B_common,localidad,hrs_d_pm10_it1,bogota_2018
1,742330,2.8354828714992,0.251483925565393,baseline_common,localidad,hrs_d_pm10_it1,bogota_2018
2,1190162,2.93208067473168,0.403198862795197,baseline_common,localidad,hrs_d_pm10_it1,bogota_2018
3,1019307,1.87731174219347,0.34531721163941,baseline_common,localidad,hrs_d_pm10_it1,bogota_2018
1,742330,2.96640291974223,0.251483925565393,A_common,localidad,hrs_d_pm10_it1,bogota_2018
2,1190162,2.7979804057687,0.403198862795197,A_common,localidad,hrs_d_pm10_it1,bogota_2018
3,1019307,1.93286397325265,0.34531721163941,A_common,localidad,hrs_d_pm10_it1,bogota_2018
1,342,0,8.03753103967579e-05,C,localidad,hrs_d_pm10_it1,bogota_2018
2,3849888,23.6949734641631,0.904783459043139,C,localidad,hrs_d_pm10_it1,bogota_2018
3,404808,0.0786273986680105,0.0951361656464643,C,localidad,hrs_d_pm10_it1,bogota_2018
1,1254566,149.643883214593,0.29484249024333,A,localidad,hrs_d_pm10_it2,bogota_2018
2,1758763,128.233112987121,0.413336614150097,A,localidad,hrs_d_pm10_it2,bogota_2018
3,1241709,66.6160621252879,0.291820895606573,A,localidad,hrs_d_pm10_it2,bogota_2018
1,873789,76.9703269324746,0.256857683824729,B_native,localidad,hrs_d_pm10_it2,bogota_2018
2,1374159,71.856645410029,0.403945687055921,B_native,localidad,hrs_d_pm10_it2,bogota_2018
3,1153893,46.1771732734318,0.33919662911935,B_native,localidad,hrs_d_pm10_it2,bogota_2018
1,742330,87.7289534304151,0.251483925565393,B_common,localidad,hrs_d_pm10_it2,bogota_2018
2,1190162,80.5400852993122,0.403198862795197,B_common,localidad,hrs_d_pm10_it2,bogota_2018
3,1019307,50.6149638921346,0.34531721163941,B_common,localidad,hrs_d_pm10_it2,bogota_2018
1,742330,77.023986636671,0.251483925565393,baseline_common,localidad,hrs_d_pm10_it2,bogota_2018
2,1190162,75.3127935524744,0.403198862795197,baseline_common,localidad,hrs_d_pm10_it2,bogota_2018
3,1019307,46.3067564531589,0.34531721163941,baseline_common,localidad,hrs_d_pm10_it2,bogota_2018
1,742330,77.4735547840339,0.251483925565393,A_common,localidad,hrs_d_pm10_it2,bogota_2018
2,1190162,72.7741649641855,0.403198862795197,A_common,localidad,hrs_d_pm10_it2,bogota_2018
3,1019307,48.8689337474121,0.34531721163941,A_common,localidad,hrs_d_pm10_it2,bogota_2018
1,342,0.0233918128654971,8.03753103967579e-05,C,localidad,hrs_d_pm10_it2,bogota_2018
2,3849888,128.621435740468,0.904783459043139,C,localidad,hrs_d_pm10_it2,bogota_2018
3,404808,2.30106865476967,0.0951361656464643,C,localidad,hrs_d_pm10_it2,bogota_2018
1,1254566,34.4564928933497,0.29484249024333,A,localidad,avg_pm10,bogota_2018
2,1758763,33.6519482411525,0.413336614150097,A,localidad,avg_pm10,bogota_2018
3,1241709,29.723817944977,0.291820895606573,A,localidad,avg_pm10,bogota_2018
1,873789,32.7596110636228,0.256857683824729,B_native,localidad,avg_pm10,bogota_2018
2,1374159,32.6454580988173,0.403945687055921,B_native,localidad,avg_pm10,bogota_2018
3,1153893,30.1002145104196,0.33919662911935,B_native,localidad,avg_pm10,bogota_2018
1,742330,33.6386769370419,0.251483925565393,B_common,localidad,avg_pm10,bogota_2018
2,1190162,33.2813261828892,0.403198862795197,B_common,localidad,avg_pm10,bogota_2018
3,1019307,30.4560853857147,0.34531721163941,B_common,localidad,avg_pm10,bogota_2018
1,742330,32.8482415343177,0.251483925565393,baseline_common,localidad,avg_pm10,bogota_2018
2,1190162,32.4951633471184,0.403198862795197,baseline_common,localidad,avg_pm10,bogota_2018
3,1019307,28.4949185326507,0.34531721163941,baseline_common,localidad,avg_pm10,bogota_2018
1,742330,32.3704821133491,0.251483925565393,A_common,localidad,avg_pm10,bogota_2018
2,1190162,32.0385497319893,0.403198862795197,A_common,localidad,avg_pm10,bogota_2018
3,1019307,29.3629574325836,0.34531721163941,A_common,localidad,avg_pm10,bogota_2018
1,342,15.6139444811443,8.03753103967579e-05,C,localidad,avg_pm10,bogota_2018
2,3849888,33.8826478647662,0.904783459043139,C,localidad,avg_pm10,bogota_2018
3,404808,21.9468913964697,0.0951361656464643,C,localidad,avg_pm10,bogota_2018
1,1252653,13.9085313155382,0.294647179283082,A,localidad,hrs_d_pm25_it1,bogota_2018
2,1757223,11.4166862113141,0.413331385724024,A,localidad,hrs_d_pm25_it1,bogota_2018
3,1241490,5.09924279339669,0.292021434992894,A,localidad,hrs_d_pm25_it1,bogota_2018
1,873789,1.79798212154193,0.256857683824729,B_native,localidad,hrs_d_pm25_it1,bogota_2018
2,1374159,1.68189125130352,0.403945687055921,B_native,localidad,hrs_d_pm25_it1,bogota_2018
3,1153893,1.17579532937629,0.33919662911935,B_native,localidad,hrs_d_pm25_it1,bogota_2018
1,742330,1.95658399903008,0.251483925565393,B_common,localidad,hrs_d_pm25_it1,bogota_2018
2,1190162,1.79906180839247,0.403198862795197,B_common,localidad,hrs_d_pm25_it1,bogota_2018
3,1019307,1.21371677031552,0.34531721163941,B_common,localidad,hrs_d_pm25_it1,bogota_2018
1,742330,4.69045168590789,0.251483925565393,baseline_common,localidad,hrs_d_pm25_it1,bogota_2018
2,1190162,4.03348283679029,0.403198862795197,baseline_common,localidad,hrs_d_pm25_it1,bogota_2018
3,1019307,1.96107747714869,0.34531721163941,baseline_common,localidad,hrs_d_pm25_it1,bogota_2018
1,742330,4.19723622244573,0.251483925565393,A_common,localidad,hrs_d_pm25_it1,bogota_2018
2,1190162,3.91229528559244,0.403198862795197,A_common,localidad,hrs_d_pm25_it1,bogota_2018
3,1019307,2.45936983569294,0.34531721163941,A_common,localidad,hrs_d_pm25_it1,bogota_2018
1,342,0,8.04447323519076e-05,C,localidad,hrs_d_pm25_it1,bogota_2018
2,3846216,11.3811398007808,0.904701218384867,C,localidad,hrs_d_pm25_it1,bogota_2018
3,404808,0.063798146281694,0.0952183368827807,C,localidad,hrs_d_pm25_it1,bogota_2018
1,1252653,131.938940367444,0.294647179283082,A,localidad,hrs_d_pm25_it2,bogota_2018
2,1757223,120.34685406157,0.413331385724024,A,localidad,hrs_d_pm25_it2,bogota_2018
3,1241490,75.0475097345579,0.292021434992894,A,localidad,hrs_d_pm25_it2,bogota_2018
1,873789,70.7730539066068,0.256857683824729,B_native,localidad,hrs_d_pm25_it2,bogota_2018
2,1374159,66.4441996886823,0.403945687055921,B_native,localidad,hrs_d_pm25_it2,bogota_2018
3,1153893,45.6483868088289,0.33919662911935,B_native,localidad,hrs_d_pm25_it2,bogota_2018
1,742330,78.988965823825,0.251483925565393,B_common,localidad,hrs_d_pm25_it2,bogota_2018
2,1190162,72.6398431474035,0.403198862795197,B_common,localidad,hrs_d_pm25_it2,bogota_2018
3,1019307,48.5514167959212,0.34531721163941,B_common,localidad,hrs_d_pm25_it2,bogota_2018
1,742330,104.176059165061,0.251483925565393,baseline_common,localidad,hrs_d_pm25_it2,bogota_2018
2,1190162,96.4829266940131,0.403198862795197,baseline_common,localidad,hrs_d_pm25_it2,bogota_2018
3,1019307,58.4069039062814,0.34531721163941,baseline_common,localidad,hrs_d_pm25_it2,bogota_2018
1,742330,99.210431872325,0.251483925565393,A_common,localidad,hrs_d_pm25_it2,bogota_2018
2,1190162,93.9875312929439,0.403198862795197,A_common,localidad,hrs_d_pm25_it2,bogota_2018
3,1019307,64.8629666259991,0.34531721163941,A_common,localidad,hrs_d_pm25_it2,bogota_2018
1,342,0.0233918128654971,8.04447323519076e-05,C,localidad,hrs_d_pm25_it2,bogota_2018
2,3846216,120.648718636707,0.904701218384867,C,localidad,hrs_d_pm25_it2,bogota_2018
3,404808,14.6127793917116,0.0952183368827807,C,localidad,hrs_d_pm25_it2,bogota_2018
1,1252653,16.2527128984353,0.294647179283082,A,localidad,avg_pm25,bogota_2018
2,1757223,16.0740503299807,0.413331385724024,A,localidad,avg_pm25,bogota_2018
3,1241490,14.7192598710344,0.292021434992894,A,localidad,avg_pm25,bogota_2018
1,873789,15.4370956085589,0.256857683824729,B_native,localidad,avg_pm25,bogota_2018
2,1374159,15.3863271729373,0.403945687055921,B_native,localidad,avg_pm25,bogota_2018
3,1153893,14.2930509678026,0.33919662911935,B_native,localidad,avg_pm25,bogota_2018
1,742330,15.8061088076878,0.251483925565393,B_common,localidad,avg_pm25,bogota_2018
2,1190162,15.6204159961044,0.403198862795197,B_common,localidad,avg_pm25,bogota_2018
3,1019307,14.4027306464295,0.34531721163941,B_common,localidad,avg_pm25,bogota_2018
1,742330,16.3181266936279,0.251483925565393,baseline_common,localidad,avg_pm25,bogota_2018
2,1190162,16.1066084707984,0.403198862795197,baseline_common,localidad,avg_pm25,bogota_2018
3,1019307,14.3100300434505,0.34531721163941,baseline_common,localidad,avg_pm25,bogota_2018
1,742330,16.0552259545281,0.251483925565393,A_common,localidad,avg_pm25,bogota_2018
2,1190162,15.9211759708486,0.403198862795197,A_common,localidad,avg_pm25,bogota_2018
3,1019307,14.7151793179942,0.34531721163941,A_common,localidad,avg_pm25,bogota_2018
1,342,6.87141880786382,8.04447323519076e-05,C,localidad,avg_pm25,bogota_2018
2,3846216,16.1758343867766,0.904701218384867,C,localidad,avg_pm25,bogota_2018
3,404808,11.5153256405194,0.0952183368827807,C,localidad,avg_pm25,bogota_2018
1,1254566,28.7316373797861,0.29484249024333,A,municipio,hrs_d_pm10_it1,bogota_2018
2,1758763,23.5721055296851,0.413336614150097,A,municipio,hrs_d_pm10_it1,bogota_2018
3,1241709,11.0087621101378,0.291820895606573,A,municipio,hrs_d_pm10_it1,bogota_2018
1,78706,0,0.350552289328345,B_native,municipio,hrs_d_pm10_it1,bogota_2018
2,97226,0,0.433039372884376,B_native,municipio,hrs_d_pm10_it1,bogota_2018
3,48588,0,0.21640833778728,B_native,municipio,hrs_d_pm10_it1,bogota_2018
1,38976,0,0.308115543328748,B_common,municipio,hrs_d_pm10_it1,bogota_2018
2,57888,0,0.457619883318313,B_common,municipio,hrs_d_pm10_it1,bogota_2018
3,29634,0,0.234264573352938,B_common,municipio,hrs_d_pm10_it1,bogota_2018
1,38976,0.567939244663383,0.308115543328748,baseline_common,municipio,hrs_d_pm10_it1,bogota_2018
2,57888,0.39443407960199,0.457619883318313,baseline_common,municipio,hrs_d_pm10_it1,bogota_2018
3,29634,0.218195316190862,0.234264573352938,baseline_common,municipio,hrs_d_pm10_it1,bogota_2018
1,38976,0.450278915171828,0.308115543328748,A_common,municipio,hrs_d_pm10_it1,bogota_2018
2,57888,0.430901502969255,0.457619883318313,A_common,municipio,hrs_d_pm10_it1,bogota_2018
3,29634,0.303258559879744,0.234264573352938,A_common,municipio,hrs_d_pm10_it1,bogota_2018
1,334,0,7.84951861769507e-05,C,municipio,hrs_d_pm10_it1,bogota_2018
2,4254704,21.4479839255563,0.999921504813823,C,municipio,hrs_d_pm10_it1,bogota_2018
3,0,,0,C,municipio,hrs_d_pm10_it1,bogota_2018
1,1254566,130.964895483204,0.29484249024333,A,municipio,hrs_d_pm10_it2,bogota_2018
2,1758763,120.766237678619,0.413336614150097,A,municipio,hrs_d_pm10_it2,bogota_2018
3,1241709,95.4292594143204,0.291820895606573,A,municipio,hrs_d_pm10_it2,bogota_2018
1,78706,9.82603613447514,0.350552289328345,B_native,municipio,hrs_d_pm10_it2,bogota_2018
2,97226,10.8917162075988,0.433039372884376,B_native,municipio,hrs_d_pm10_it2,bogota_2018
3,48588,11.1325430147361,0.21640833778728,B_native,municipio,hrs_d_pm10_it2,bogota_2018
1,38976,12.9674158456486,0.308115543328748,B_common,municipio,hrs_d_pm10_it2,bogota_2018
2,57888,13.6666148424544,0.457619883318313,B_common,municipio,hrs_d_pm10_it2,bogota_2018
3,29634,13.5281770938787,0.234264573352938,B_common,municipio,hrs_d_pm10_it2,bogota_2018
1,38976,28.8890599343186,0.308115543328748,baseline_common,municipio,hrs_d_pm10_it2,bogota_2018
2,57888,29.1181419292427,0.457619883318313,baseline_common,municipio,hrs_d_pm10_it2,bogota_2018
3,29634,23.8197340892218,0.234264573352938,baseline_common,municipio,hrs_d_pm10_it2,bogota_2018
1,38976,27.3079427721104,0.308115543328748,A_common,municipio,hrs_d_pm10_it2,bogota_2018
2,57888,28.7812929562391,0.457619883318313,A_common,municipio,hrs_d_pm10_it2,bogota_2018
3,29634,26.5962169593642,0.234264573352938,A_common,municipio,hrs_d_pm10_it2,bogota_2018
1,334,0,7.84951861769507e-05,C,municipio,hrs_d_pm10_it2,bogota_2018
2,4254704,116.602617009315,0.999921504813823,C,municipio,hrs_d_pm10_it2,bogota_2018
3,0,,0,C,municipio,hrs_d_pm10_it2,bogota_2018
1,1254566,33.2008890482349,0.29484249024333,A,municipio,avg_pm10,bogota_2018
2,1758763,32.8967142006973,0.413336614150097,A,municipio,avg_pm10,bogota_2018
3,1241709,31.9863691172205,0.291820895606573,A,municipio,avg_pm10,bogota_2018
1,78706,25.2439115009142,0.350552289328345,B_native,municipio,avg_pm10,bogota_2018
2,97226,25.6399639134755,0.433039372884376,B_native,municipio,avg_pm10,bogota_2018
3,48588,26.5523468786846,0.21640833778728,B_native,municipio,avg_pm10,bogota_2018
1,38976,26.1811364231864,0.308115543328748,B_common,municipio,avg_pm10,bogota_2018
2,57888,26.1869830948558,0.457619883318313,B_common,municipio,avg_pm10,bogota_2018
3,29634,26.5350340498603,0.234264573352938,B_common,municipio,avg_pm10,bogota_2018
1,38976,29.3048178598302,0.308115543328748,baseline_common,municipio,avg_pm10,bogota_2018
2,57888,29.44425874128,0.457619883318313,baseline_common,municipio,avg_pm10,bogota_2018
3,29634,29.2638634469925,0.234264573352938,baseline_common,municipio,avg_pm10,bogota_2018
1,38976,29.1749813290614,0.308115543328748,A_common,municipio,avg_pm10,bogota_2018
2,57888,29.4270475679709,0.457619883318313,A_common,municipio,avg_pm10,bogota_2018
3,29634,29.4705698061749,0.234264573352938,A_common,municipio,avg_pm10,bogota_2018
1,334,15.6919917257683,7.84951861769507e-05,C,municipio,avg_pm10,bogota_2018
2,4254704,32.7469961433249,0.999921504813823,C,municipio,avg_pm10,bogota_2018
3,0,,0,C,municipio,avg_pm10,bogota_2018
1,1252653,12.0325781215314,0.294647179283082,A,municipio,hrs_d_pm25_it1,bogota_2018
2,1757223,10.8215519053031,0.413331385724024,A,municipio,hrs_d_pm25_it1,bogota_2018
3,1241490,7.7877621463713,0.292021434992894,A,municipio,hrs_d_pm25_it1,bogota_2018
1,78706,0.591644855538333,0.350552289328345,B_native,municipio,hrs_d_pm25_it1,bogota_2018
2,97226,0.530598811017629,0.433039372884376,B_native,municipio,hrs_d_pm25_it1,bogota_2018
3,48588,0.613731785626081,0.21640833778728,B_native,municipio,hrs_d_pm25_it1,bogota_2018
1,38976,0.30310960591133,0.308115543328748,B_common,municipio,hrs_d_pm25_it1,bogota_2018
2,57888,0.275514787175235,0.457619883318313,B_common,municipio,hrs_d_pm25_it1,bogota_2018
3,29634,0.389518795977593,0.234264573352938,B_common,municipio,hrs_d_pm25_it1,bogota_2018
1,38976,2.14416564039409,0.308115543328748,baseline_common,municipio,hrs_d_pm25_it1,bogota_2018
2,57888,2.13465657822001,0.457619883318313,baseline_common,municipio,hrs_d_pm25_it1,bogota_2018
3,29634,1.99365593574948,0.234264573352938,baseline_common,municipio,hrs_d_pm25_it1,bogota_2018
1,38976,2.07361695587163,0.308115543328748,A_common,municipio,hrs_d_pm25_it1,bogota_2018
2,57888,2.1576540401174,0.457619883318313,A_common,municipio,hrs_d_pm25_it1,bogota_2018
3,29634,2.04226806129403,0.234264573352938,A_common,municipio,hrs_d_pm25_it1,bogota_2018
1,334,0,7.85629842267168e-05,C,municipio,hrs_d_pm25_it1,bogota_2018
2,4251032,10.303415264811,0.999921437015773,C,municipio,hrs_d_pm25_it1,bogota_2018
3,0,,0,C,municipio,hrs_d_pm25_it1,bogota_2018
1,1252653,116.373161678164,0.294647179283082,A,municipio,hrs_d_pm25_it2,bogota_2018
2,1757223,112.33567722076,0.413331385724024,A,municipio,hrs_d_pm25_it2,bogota_2018
3,1241490,101.557413823412,0.292021434992894,A,municipio,hrs_d_pm25_it2,bogota_2018
1,78706,14.3162147739689,0.350552289328345,B_native,municipio,hrs_d_pm25_it2,bogota_2018
2,97226,16.2590870754736,0.433039372884376,B_native,municipio,hrs_d_pm25_it2,bogota_2018
3,48588,18.5869762081172,0.21640833778728,B_native,municipio,hrs_d_pm25_it2,bogota_2018
1,38976,19.3175800492611,0.308115543328748,B_common,municipio,hrs_d_pm25_it2,bogota_2018
2,57888,20.1118884742952,0.457619883318313,B_common,municipio,hrs_d_pm25_it2,bogota_2018
3,29634,20.9194168860093,0.234264573352938,B_common,municipio,hrs_d_pm25_it2,bogota_2018
1,38976,33.5222188013136,0.308115543328748,baseline_common,municipio,hrs_d_pm25_it2,bogota_2018
2,57888,32.5945964621338,0.457619883318313,baseline_common,municipio,hrs_d_pm25_it2,bogota_2018
3,29634,27.9898764932173,0.234264573352938,baseline_common,municipio,hrs_d_pm25_it2,bogota_2018
1,38976,31.4382672699184,0.308115543328748,A_common,municipio,hrs_d_pm25_it2,bogota_2018
2,57888,32.4722135936952,0.457619883318313,A_common,municipio,hrs_d_pm25_it2,bogota_2018
3,29634,30.9482759729111,0.234264573352938,A_common,municipio,hrs_d_pm25_it2,bogota_2018
1,334,0,7.85629842267168e-05,C,municipio,hrs_d_pm25_it2,bogota_2018
2,4251032,110.551134406892,0.999921437015773,C,municipio,hrs_d_pm25_it2,bogota_2018
3,0,,0,C,municipio,hrs_d_pm25_it2,bogota_2018
1,1252653,15.8074349374415,0.294647179283082,A,municipio,avg_pm25,bogota_2018
2,1757223,15.7577411325072,0.413331385724024,A,municipio,avg_pm25,bogota_2018
3,1241490,15.5866221366168,0.292021434992894,A,municipio,avg_pm25,bogota_2018
1,78706,11.4484497684287,0.350552289328345,B_native,municipio,avg_pm25,bogota_2018
2,97226,11.6749452759677,0.433039372884376,B_native,municipio,avg_pm25,bogota_2018
3,48588,12.3465741545147,0.21640833778728,B_native,municipio,avg_pm25,bogota_2018
1,38976,11.7559801067837,0.308115543328748,B_common,municipio,avg_pm25,bogota_2018
2,57888,11.8100958866351,0.457619883318313,B_common,municipio,avg_pm25,bogota_2018
3,29634,12.2170165624324,0.234264573352938,B_common,municipio,avg_pm25,bogota_2018
1,38976,12.8768797794991,0.308115543328748,baseline_common,municipio,avg_pm25,bogota_2018
2,57888,12.8363998281104,0.457619883318313,baseline_common,municipio,avg_pm25,bogota_2018
3,29634,13.0203420130112,0.234264573352938,baseline_common,municipio,avg_pm25,bogota_2018
1,38976,12.7563454738433,0.308115543328748,A_common,municipio,avg_pm25,bogota_2018
2,57888,12.8635542673852,0.457619883318313,A_common,municipio,avg_pm25,bogota_2018
3,29634,13.1263851973294,0.234264573352938,A_common,municipio,avg_pm25,bogota_2018
1,334,6.89213483146068,7.85629842267168e-05,C,municipio,avg_pm25,bogota_2018
2,4251032,15.732014491036,0.999921437015773,C,municipio,avg_pm25,bogota_2018
3,0,,0,C,municipio,avg_pm25,bogota_2018
1,523170,503.820467534453,0.366039750334261,A,fine,hrs_d_pm10_it1,santiago_2017
2,706078,477.563641693977,0.49401268198963,A,fine,hrs_d_pm10_it1,santiago_2017
3,200023,411.466826314974,0.139947567676109,A,fine,hrs_d_pm10_it1,santiago_2017
1,523170,503.820467534453,0.366039750334261,B_native,fine,hrs_d_pm10_it1,santiago_2017
2,706078,477.563641693977,0.49401268198963,B_native,fine,hrs_d_pm10_it1,santiago_2017
3,200023,411.466826314974,0.139947567676109,B_native,fine,hrs_d_pm10_it1,santiago_2017
1,523170,503.820467534453,0.366039750334261,B_common,fine,hrs_d_pm10_it1,santiago_2017
2,706078,477.563641693977,0.49401268198963,B_common,fine,hrs_d_pm10_it1,santiago_2017
3,200023,411.466826314974,0.139947567676109,B_common,fine,hrs_d_pm10_it1,santiago_2017
1,523170,503.820467534453,0.366039750334261,baseline_common,fine,hrs_d_pm10_it1,santiago_2017
2,706078,477.563641693977,0.49401268198963,baseline_common,fine,hrs_d_pm10_it1,santiago_2017
3,200023,411.466826314974,0.139947567676109,baseline_common,fine,hrs_d_pm10_it1,santiago_2017
1,523170,503.820467534453,0.366039750334261,A_common,fine,hrs_d_pm10_it1,santiago_2017
2,706078,477.563641693977,0.49401268198963,A_common,fine,hrs_d_pm10_it1,santiago_2017
3,200023,411.466826314974,0.139947567676109,A_common,fine,hrs_d_pm10_it1,santiago_2017
1,409162,526.896266026659,0.28627321200808,C,fine,hrs_d_pm10_it1,santiago_2017
2,947932,476.968554706456,0.663227617435742,C,fine,hrs_d_pm10_it1,santiago_2017
3,72177,212.866674979564,0.0504991705561786,C,fine,hrs_d_pm10_it1,santiago_2017
1,523170,1571.33346904448,0.366039750334261,A,fine,hrs_d_pm10_it2,santiago_2017
2,706078,1539.9314721603,0.49401268198963,A,fine,hrs_d_pm10_it2,santiago_2017
3,200023,1433.05388380336,0.139947567676109,A,fine,hrs_d_pm10_it2,santiago_2017
1,523170,1571.33346904448,0.366039750334261,B_native,fine,hrs_d_pm10_it2,santiago_2017
2,706078,1539.9314721603,0.49401268198963,B_native,fine,hrs_d_pm10_it2,santiago_2017
3,200023,1433.05388380336,0.139947567676109,B_native,fine,hrs_d_pm10_it2,santiago_2017
1,523170,1571.33346904448,0.366039750334261,B_common,fine,hrs_d_pm10_it2,santiago_2017
2,706078,1539.9314721603,0.49401268198963,B_common,fine,hrs_d_pm10_it2,santiago_2017
3,200023,1433.05388380336,0.139947567676109,B_common,fine,hrs_d_pm10_it2,santiago_2017
1,523170,1571.33346904448,0.366039750334261,baseline_common,fine,hrs_d_pm10_it2,santiago_2017
2,706078,1539.9314721603,0.49401268198963,baseline_common,fine,hrs_d_pm10_it2,santiago_2017
3,200023,1433.05388380336,0.139947567676109,baseline_common,fine,hrs_d_pm10_it2,santiago_2017
1,523170,1571.33346904448,0.366039750334261,A_common,fine,hrs_d_pm10_it2,santiago_2017
2,706078,1539.9314721603,0.49401268198963,A_common,fine,hrs_d_pm10_it2,santiago_2017
3,200023,1433.05388380336,0.139947567676109,A_common,fine,hrs_d_pm10_it2,santiago_2017
1,409162,1597.00299392417,0.28627321200808,C,fine,hrs_d_pm10_it2,santiago_2017
2,947932,1552.80493221033,0.663227617435742,C,fine,hrs_d_pm10_it2,santiago_2017
3,72177,978.754700250772,0.0504991705561786,C,fine,hrs_d_pm10_it2,santiago_2017
1,523170,68.3268791861912,0.366039750334261,A,fine,avg_pm10,santiago_2017
2,706078,67.9455132147889,0.49401268198963,A,fine,avg_pm10,santiago_2017
3,200023,66.1584509604428,0.139947567676109,A,fine,avg_pm10,santiago_2017
1,523170,68.3268791861912,0.366039750334261,B_native,fine,avg_pm10,santiago_2017
2,706078,67.9455132147889,0.49401268198963,B_native,fine,avg_pm10,santiago_2017
3,200023,66.1584509604428,0.139947567676109,B_native,fine,avg_pm10,santiago_2017
1,523170,68.3268791861912,0.366039750334261,B_common,fine,avg_pm10,santiago_2017
2,706078,67.9455132147889,0.49401268198963,B_common,fine,avg_pm10,santiago_2017
3,200023,66.1584509604428,0.139947567676109,B_common,fine,avg_pm10,santiago_2017
1,523170,68.3268791861912,0.366039750334261,baseline_common,fine,avg_pm10,santiago_2017
2,706078,67.9455132147889,0.49401268198963,baseline_common,fine,avg_pm10,santiago_2017
3,200023,66.1584509604428,0.139947567676109,baseline_common,fine,avg_pm10,santiago_2017
1,523170,68.3268791861912,0.366039750334261,A_common,fine,avg_pm10,santiago_2017
2,706078,67.9455132147889,0.49401268198963,A_common,fine,avg_pm10,santiago_2017
3,200023,66.1584509604428,0.139947567676109,A_common,fine,avg_pm10,santiago_2017
1,409162,68.5020060687467,0.28627321200808,C,fine,avg_pm10,santiago_2017
2,947932,68.2753591351005,0.663227617435742,C,fine,avg_pm10,santiago_2017
3,72177,58.2706645775999,0.0504991705561786,C,fine,avg_pm10,santiago_2017
1,523170,263.485459793184,0.366039750334261,A,fine,hrs_d_pm25_it1,santiago_2017
2,706078,231.666566583295,0.49401268198963,A,fine,hrs_d_pm25_it1,santiago_2017
3,200023,171.100828404733,0.139947567676109,A,fine,hrs_d_pm25_it1,santiago_2017
1,523170,263.485459793184,0.366039750334261,B_native,fine,hrs_d_pm25_it1,santiago_2017
2,706078,231.666566583295,0.49401268198963,B_native,fine,hrs_d_pm25_it1,santiago_2017
3,200023,171.100828404733,0.139947567676109,B_native,fine,hrs_d_pm25_it1,santiago_2017
1,523170,263.485459793184,0.366039750334261,B_common,fine,hrs_d_pm25_it1,santiago_2017
2,706078,231.666566583295,0.49401268198963,B_common,fine,hrs_d_pm25_it1,santiago_2017
3,200023,171.100828404733,0.139947567676109,B_common,fine,hrs_d_pm25_it1,santiago_2017
1,523170,263.485459793184,0.366039750334261,baseline_common,fine,hrs_d_pm25_it1,santiago_2017
2,706078,231.666566583295,0.49401268198963,baseline_common,fine,hrs_d_pm25_it1,santiago_2017
3,200023,171.100828404733,0.139947567676109,baseline_common,fine,hrs_d_pm25_it1,santiago_2017
1,523170,263.485459793184,0.366039750334261,A_common,fine,hrs_d_pm25_it1,santiago_2017
2,706078,231.666566583295,0.49401268198963,A_common,fine,hrs_d_pm25_it1,santiago_2017
3,200023,171.100828404733,0.139947567676109,A_common,fine,hrs_d_pm25_it1,santiago_2017
1,409162,296.381890302619,0.28627321200808,C,fine,hrs_d_pm25_it1,santiago_2017
2,947932,219.870200605107,0.663227617435742,C,fine,hrs_d_pm25_it1,santiago_2017
3,72177,82.5228119761143,0.0504991705561786,C,fine,hrs_d_pm25_it1,santiago_2017
1,523170,929.850610700155,0.366039750334261,A,fine,hrs_d_pm25_it2,santiago_2017
2,706078,881.994157869244,0.49401268198963,A,fine,hrs_d_pm25_it2,santiago_2017
3,200023,772.987686416062,0.139947567676109,A,fine,hrs_d_pm25_it2,santiago_2017
1,523170,929.850610700155,0.366039750334261,B_native,fine,hrs_d_pm25_it2,santiago_2017
2,706078,881.994157869244,0.49401268198963,B_native,fine,hrs_d_pm25_it2,santiago_2017
3,200023,772.987686416062,0.139947567676109,B_native,fine,hrs_d_pm25_it2,santiago_2017
1,523170,929.850610700155,0.366039750334261,B_common,fine,hrs_d_pm25_it2,santiago_2017
2,706078,881.994157869244,0.49401268198963,B_common,fine,hrs_d_pm25_it2,santiago_2017
3,200023,772.987686416062,0.139947567676109,B_common,fine,hrs_d_pm25_it2,santiago_2017
1,523170,929.850610700155,0.366039750334261,baseline_common,fine,hrs_d_pm25_it2,santiago_2017
2,706078,881.994157869244,0.49401268198963,baseline_common,fine,hrs_d_pm25_it2,santiago_2017
3,200023,772.987686416062,0.139947567676109,baseline_common,fine,hrs_d_pm25_it2,santiago_2017
1,523170,929.850610700155,0.366039750334261,A_common,fine,hrs_d_pm25_it2,santiago_2017
2,706078,881.994157869244,0.49401268198963,A_common,fine,hrs_d_pm25_it2,santiago_2017
3,200023,772.987686416062,0.139947567676109,A_common,fine,hrs_d_pm25_it2,santiago_2017
1,409162,974.776220665653,0.28627321200808,C,fine,hrs_d_pm25_it2,santiago_2017
2,947932,874.715323462021,0.663227617435742,C,fine,hrs_d_pm25_it2,santiago_2017
3,72177,496.417099630076,0.0504991705561786,C,fine,hrs_d_pm25_it2,santiago_2017
1,523170,24.4090566131577,0.366039750334261,A,fine,avg_pm25,santiago_2017
2,706078,23.9863151506834,0.49401268198963,A,fine,avg_pm25,santiago_2017
3,200023,22.9845530138857,0.139947567676109,A,fine,avg_pm25,santiago_2017
1,523170,24.4090566131577,0.366039750334261,B_native,fine,avg_pm25,santiago_2017
2,706078,23.9863151506834,0.49401268198963,B_native,fine,avg_pm25,santiago_2017
3,200023,22.9845530138857,0.139947567676109,B_native,fine,avg_pm25,santiago_2017
1,523170,24.4090566131577,0.366039750334261,B_common,fine,avg_pm25,santiago_2017
2,706078,23.9863151506834,0.49401268198963,B_common,fine,avg_pm25,santiago_2017
3,200023,22.9845530138857,0.139947567676109,B_common,fine,avg_pm25,santiago_2017
1,523170,24.4090566131577,0.366039750334261,baseline_common,fine,avg_pm25,santiago_2017
2,706078,23.9863151506834,0.49401268198963,baseline_common,fine,avg_pm25,santiago_2017
3,200023,22.9845530138857,0.139947567676109,baseline_common,fine,avg_pm25,santiago_2017
1,523170,24.4090566131577,0.366039750334261,A_common,fine,avg_pm25,santiago_2017
2,706078,23.9863151506834,0.49401268198963,A_common,fine,avg_pm25,santiago_2017
3,200023,22.9845530138857,0.139947567676109,A_common,fine,avg_pm25,santiago_2017
1,409162,24.7679415493091,0.28627321200808,C,fine,avg_pm25,santiago_2017
2,947932,23.9416427394917,0.663227617435742,C,fine,avg_pm25,santiago_2017
3,72177,20.4301237130403,0.0504991705561786,C,fine,avg_pm25,santiago_2017
1,523170,503.896588297348,0.366039750334261,A,distrito,hrs_d_pm10_it1,santiago_2017
2,706078,477.531485999288,0.49401268198963,A,distrito,hrs_d_pm10_it1,santiago_2017
3,200023,411.355497583932,0.139947567676109,A,distrito,hrs_d_pm10_it1,santiago_2017
1,503421,514.84752523236,0.358465455881536,B_native,distrito,hrs_d_pm10_it1,santiago_2017
2,693128,482.795942452188,0.493548033364237,B_native,distrito,hrs_d_pm10_it1,santiago_2017
3,207829,406.818716348537,0.147986510754227,B_native,distrito,hrs_d_pm10_it1,santiago_2017
1,456755,518.540427581526,0.36506901267397,B_common,distrito,hrs_d_pm10_it1,santiago_2017
2,615819,489.463088992058,0.492203554018832,B_common,distrito,hrs_d_pm10_it1,santiago_2017
3,178573,423.913855958068,0.142727433307197,B_common,distrito,hrs_d_pm10_it1,santiago_2017
1,456755,518.210331578198,0.36506901267397,baseline_common,distrito,hrs_d_pm10_it1,santiago_2017
2,615819,489.419175114766,0.492203554018832,baseline_common,distrito,hrs_d_pm10_it1,santiago_2017
3,178573,424.004306362104,0.142727433307197,baseline_common,distrito,hrs_d_pm10_it1,santiago_2017
1,456755,518.293430974767,0.36506901267397,A_common,distrito,hrs_d_pm10_it1,santiago_2017
2,615819,489.387579360458,0.492203554018832,A_common,distrito,hrs_d_pm10_it1,santiago_2017
3,178573,423.876663649139,0.142727433307197,A_common,distrito,hrs_d_pm10_it1,santiago_2017
1,370880,554.577704378775,0.259488928271825,C,distrito,hrs_d_pm10_it1,santiago_2017
2,980143,469.880976551381,0.685764281231481,C,distrito,hrs_d_pm10_it1,santiago_2017
3,78248,215.359306308148,0.0547467904966938,C,distrito,hrs_d_pm10_it1,santiago_2017
1,523170,1571.69024479132,0.366039750334261,A,distrito,hrs_d_pm10_it2,santiago_2017
2,706078,1539.81088846748,0.49401268198963,A,distrito,hrs_d_pm10_it2,santiago_2017
3,200023,1432.51632214909,0.139947567676109,A,distrito,hrs_d_pm10_it2,santiago_2017
1,503421,1592.1012234293,0.358465455881536,B_native,distrito,hrs_d_pm10_it2,santiago_2017
2,693128,1550.23692016482,0.493548033364237,B_native,distrito,hrs_d_pm10_it2,santiago_2017
3,207829,1419.49387717787,0.147986510754227,B_native,distrito,hrs_d_pm10_it2,santiago_2017
1,456755,1595.91690731355,0.36506901267397,B_common,distrito,hrs_d_pm10_it2,santiago_2017
2,615819,1561.90793236324,0.492203554018832,B_common,distrito,hrs_d_pm10_it2,santiago_2017
3,178573,1462.05286913475,0.142727433307197,B_common,distrito,hrs_d_pm10_it2,santiago_2017
1,456755,1599.78613479874,0.36506901267397,baseline_common,distrito,hrs_d_pm10_it2,santiago_2017
2,615819,1566.71396790291,0.492203554018832,baseline_common,distrito,hrs_d_pm10_it2,santiago_2017
3,178573,1466.94418529117,0.142727433307197,baseline_common,distrito,hrs_d_pm10_it2,santiago_2017
1,456755,1600.14139367907,0.36506901267397,A_common,distrito,hrs_d_pm10_it2,santiago_2017
2,615819,1566.56736225699,0.492203554018832,A_common,distrito,hrs_d_pm10_it2,santiago_2017
3,178573,1466.49567014866,0.142727433307197,A_common,distrito,hrs_d_pm10_it2,santiago_2017
1,370880,1650.21296106557,0.259488928271825,C,distrito,hrs_d_pm10_it2,santiago_2017
2,980143,1537.55875826283,0.685764281231481,C,distrito,hrs_d_pm10_it2,santiago_2017
3,78248,983.687314691749,0.0547467904966938,C,distrito,hrs_d_pm10_it2,santiago_2017
1,523170,68.3298063177582,0.366039750334261,A,distrito,avg_pm10,santiago_2017
2,706078,67.9444887670787,0.49401268198963,A,distrito,avg_pm10,santiago_2017
3,200023,66.1538048178023,0.139947567676109,A,distrito,avg_pm10,santiago_2017
1,503421,68.8235113398541,0.358465455881536,B_native,distrito,avg_pm10,santiago_2017
2,693128,68.2851475779576,0.493548033364237,B_native,distrito,avg_pm10,santiago_2017
3,207829,66.0065701751134,0.147986510754227,B_native,distrito,avg_pm10,santiago_2017
1,456755,68.7917909602699,0.36506901267397,B_common,distrito,avg_pm10,santiago_2017
2,615819,68.3968411821881,0.492203554018832,B_common,distrito,avg_pm10,santiago_2017
3,178573,66.698595382388,0.142727433307197,B_common,distrito,avg_pm10,santiago_2017
1,456755,68.7800540050316,0.36506901267397,baseline_common,distrito,avg_pm10,santiago_2017
2,615819,68.3948670330866,0.492203554018832,baseline_common,distrito,avg_pm10,santiago_2017
3,178573,66.7032612836283,0.142727433307197,baseline_common,distrito,avg_pm10,santiago_2017
1,456755,68.7835277842525,0.36506901267397,A_common,distrito,avg_pm10,santiago_2017
2,615819,68.3935363993242,0.492203554018832,A_common,distrito,avg_pm10,santiago_2017
3,178573,66.6981440895375,0.142727433307197,A_common,distrito,avg_pm10,santiago_2017
1,370880,69.1071778819281,0.259488928271825,C,distrito,avg_pm10,santiago_2017
2,980143,68.108203479162,0.685764281231481,C,distrito,avg_pm10,santiago_2017
3,78248,58.3831955378576,0.0547467904966938,C,distrito,avg_pm10,santiago_2017
1,523170,263.500454895212,0.366039750334261,A,distrito,hrs_d_pm25_it1,santiago_2017
2,706078,231.659578774268,0.49401268198963,A,distrito,hrs_d_pm25_it1,santiago_2017
3,200023,171.080792254893,0.139947567676109,A,distrito,hrs_d_pm25_it1,santiago_2017
1,503421,269.666029029381,0.358465455881536,B_native,distrito,hrs_d_pm25_it1,santiago_2017
2,693128,233.58912206692,0.493548033364237,B_native,distrito,hrs_d_pm25_it1,santiago_2017
3,207829,168.806985550621,0.147986510754227,B_native,distrito,hrs_d_pm25_it1,santiago_2017
1,456755,275.09828682773,0.36506901267397,B_common,distrito,hrs_d_pm25_it1,santiago_2017
2,615819,239.368593693926,0.492203554018832,B_common,distrito,hrs_d_pm25_it1,santiago_2017
3,178573,174.929132623633,0.142727433307197,B_common,distrito,hrs_d_pm25_it1,santiago_2017
1,456755,275.147389738481,0.36506901267397,baseline_common,distrito,hrs_d_pm25_it1,santiago_2017
2,615819,239.438503846098,0.492203554018832,baseline_common,distrito,hrs_d_pm25_it1,santiago_2017
3,178573,174.95212042134,0.142727433307197,baseline_common,distrito,hrs_d_pm25_it1,santiago_2017
1,456755,275.15576176244,0.36506901267397,A_common,distrito,hrs_d_pm25_it1,santiago_2017
2,615819,239.441842030268,0.492203554018832,A_common,distrito,hrs_d_pm25_it1,santiago_2017
3,178573,174.923346293772,0.142727433307197,A_common,distrito,hrs_d_pm25_it1,santiago_2017
1,370880,320.206096311475,0.259488928271825,C,distrito,hrs_d_pm25_it1,santiago_2017
2,980143,214.645749650816,0.685764281231481,C,distrito,hrs_d_pm25_it1,santiago_2017
3,78248,83.1316966567836,0.0547467904966938,C,distrito,hrs_d_pm25_it1,santiago_2017
1,523170,930.14904172239,0.366039750334261,A,distrito,hrs_d_pm25_it2,santiago_2017
2,706078,881.904733752996,0.49401268198963,A,distrito,hrs_d_pm25_it2,santiago_2017
3,200023,772.511847041114,0.139947567676109,A,distrito,hrs_d_pm25_it2,santiago_2017
1,503421,933.413661726467,0.358465455881536,B_native,distrito,hrs_d_pm25_it2,santiago_2017
2,693128,874.462581225979,0.493548033364237,B_native,distrito,hrs_d_pm25_it2,santiago_2017
3,207829,757.193303148261,0.147986510754227,B_native,distrito,hrs_d_pm25_it2,santiago_2017
1,456755,942.507453667721,0.36506901267397,B_common,distrito,hrs_d_pm25_it2,santiago_2017
2,615819,887.880330096993,0.492203554018832,B_common,distrito,hrs_d_pm25_it2,santiago_2017
3,178573,779.647746299833,0.142727433307197,B_common,distrito,hrs_d_pm25_it2,santiago_2017
1,456755,946.311280664689,0.36506901267397,baseline_common,distrito,hrs_d_pm25_it2,santiago_2017
2,615819,892.419767821389,0.492203554018832,baseline_common,distrito,hrs_d_pm25_it2,santiago_2017
3,178573,784.450975231418,0.142727433307197,baseline_common,distrito,hrs_d_pm25_it2,santiago_2017
1,456755,946.56507124622,0.36506901267397,A_common,distrito,hrs_d_pm25_it2,santiago_2017
2,615819,892.32522191498,0.492203554018832,A_common,distrito,hrs_d_pm25_it2,santiago_2017
3,178573,784.126507624663,0.142727433307197,A_common,distrito,hrs_d_pm25_it2,santiago_2017
1,370880,1021.17287532355,0.259488928271825,C,distrito,hrs_d_pm25_it2,santiago_2017
2,980143,863.329745761588,0.685764281231481,C,distrito,hrs_d_pm25_it2,santiago_2017
3,78248,497.427768121869,0.0547467904966938,C,distrito,hrs_d_pm25_it2,santiago_2017
1,523170,24.4091100829561,0.366039750334261,A,distrito,avg_pm25,santiago_2017
2,706078,23.9862536642148,0.49401268198963,A,distrito,avg_pm25,santiago_2017
3,200023,22.9845646369329,0.139947567676109,A,distrito,avg_pm25,santiago_2017
1,503421,24.5120643174864,0.358465455881536,B_native,distrito,avg_pm25,santiago_2017
2,693128,23.9885043339746,0.493548033364237,B_native,distrito,avg_pm25,santiago_2017
3,207829,22.8723161776152,0.147986510754227,B_native,distrito,avg_pm25,santiago_2017
1,456755,24.5605416453568,0.36506901267397,B_common,distrito,avg_pm25,santiago_2017
2,615819,24.0854787621525,0.492203554018832,B_common,distrito,avg_pm25,santiago_2017
3,178573,23.0591207584095,0.142727433307197,B_common,distrito,avg_pm25,santiago_2017
1,456755,24.5490986542813,0.36506901267397,baseline_common,distrito,avg_pm25,santiago_2017
2,615819,24.0761469596174,0.492203554018832,baseline_common,distrito,avg_pm25,santiago_2017
3,178573,23.0557538202046,0.142727433307197,baseline_common,distrito,avg_pm25,santiago_2017
1,456755,24.5490233386102,0.36506901267397,A_common,distrito,avg_pm25,santiago_2017
2,615819,24.0762525265675,0.492203554018832,A_common,distrito,avg_pm25,santiago_2017
3,178573,23.0556686281861,0.142727433307197,A_common,distrito,avg_pm25,santiago_2017
1,370880,25.0978958792914,0.259488928271825,C,distrito,avg_pm25,santiago_2017
2,980143,23.868992850606,0.685764281231481,C,distrito,avg_pm25,santiago_2017
3,78248,20.452930956488,0.0547467904966938,C,distrito,avg_pm25,santiago_2017
1,523170,504.153048435772,0.366039750334261,A,comuna,hrs_d_pm10_it1,santiago_2017
2,706078,477.382648411438,0.49401268198963,A,comuna,hrs_d_pm10_it1,santiago_2017
3,200023,411.347581604444,0.139947567676109,A,comuna,hrs_d_pm10_it1,santiago_2017
1,456724,503.397093211655,0.315113982198065,B_native,comuna,hrs_d_pm10_it1,santiago_2017
2,697660,454.562100450076,0.481346329118466,B_native,comuna,hrs_d_pm10_it1,santiago_2017
3,295009,314.943577992536,0.20353968868347,B_native,comuna,hrs_d_pm10_it1,santiago_2017
1,344344,531.798861022698,0.354331907817561,B_common,comuna,hrs_d_pm10_it1,santiago_2017
2,481427,504.838824993197,0.495391083872189,B_common,comuna,hrs_d_pm10_it1,santiago_2017
3,146041,444.862730329154,0.150277008310249,B_common,comuna,hrs_d_pm10_it1,santiago_2017
1,344344,533.690074460423,0.354331907817561,baseline_common,comuna,hrs_d_pm10_it1,santiago_2017
2,481427,505.016727354303,0.495391083872189,baseline_common,comuna,hrs_d_pm10_it1,santiago_2017
3,146041,444.591957053156,0.150277008310249,baseline_common,comuna,hrs_d_pm10_it1,santiago_2017
1,344344,533.538437064122,0.354331907817561,A_common,comuna,hrs_d_pm10_it1,santiago_2017
2,481427,505.197745873291,0.495391083872189,A_common,comuna,hrs_d_pm10_it1,santiago_2017
3,146041,444.463972463624,0.150277008310249,A_common,comuna,hrs_d_pm10_it1,santiago_2017
1,194524,585.49208837984,0.136100151755685,C,comuna,hrs_d_pm10_it1,santiago_2017
2,1198252,473.98416192921,0.838365852242157,C,comuna,hrs_d_pm10_it1,santiago_2017
3,36495,33.9507055761063,0.0255339960021577,C,comuna,hrs_d_pm10_it1,santiago_2017
1,523170,1572.16026513001,0.366039750334261,A,comuna,hrs_d_pm10_it2,santiago_2017
2,706078,1539.40329736564,0.49401268198963,A,comuna,hrs_d_pm10_it2,santiago_2017
3,200023,1432.97900321882,0.139947567676109,A,comuna,hrs_d_pm10_it2,santiago_2017
1,456724,1561.02080468729,0.315113982198065,B_native,comuna,hrs_d_pm10_it2,santiago_2017
2,697660,1479.16325430726,0.481346329118466,B_native,comuna,hrs_d_pm10_it2,santiago_2017
3,295009,1197.43904084282,0.20353968868347,B_native,comuna,hrs_d_pm10_it2,santiago_2017
1,344344,1613.37586831773,0.354331907817561,B_common,comuna,hrs_d_pm10_it2,santiago_2017
2,481427,1585.47143388302,0.495391083872189,B_common,comuna,hrs_d_pm10_it2,santiago_2017
3,146041,1511.06783711424,0.150277008310249,B_common,comuna,hrs_d_pm10_it2,santiago_2017
1,344344,1611.9054985712,0.354331907817561,baseline_common,comuna,hrs_d_pm10_it2,santiago_2017
2,481427,1582.35855487956,0.495391083872189,baseline_common,comuna,hrs_d_pm10_it2,santiago_2017
3,146041,1508.33944577208,0.150277008310249,baseline_common,comuna,hrs_d_pm10_it2,santiago_2017
1,344344,1611.45039562234,0.354331907817561,A_common,comuna,hrs_d_pm10_it2,santiago_2017
2,481427,1582.53374352793,0.495391083872189,A_common,comuna,hrs_d_pm10_it2,santiago_2017
3,146041,1509.02834207706,0.150277008310249,A_common,comuna,hrs_d_pm10_it2,santiago_2017
1,194524,1708.6625197919,0.136100151755685,C,comuna,hrs_d_pm10_it2,santiago_2017
2,1198252,1539.65585202445,0.838365852242157,C,comuna,hrs_d_pm10_it2,santiago_2017
3,36495,514,0.0255339960021577,C,comuna,hrs_d_pm10_it2,santiago_2017
1,523170,68.3350585991737,0.366039750334261,A,comuna,avg_pm10,santiago_2017
2,706078,67.938070252421,0.49401268198963,A,comuna,avg_pm10,santiago_2017
3,200023,66.1667175238314,0.139947567676109,A,comuna,avg_pm10,santiago_2017
1,456724,67.5966715034627,0.315113982198065,B_native,comuna,avg_pm10,santiago_2017
2,697660,66.379785861149,0.481346329118466,B_native,comuna,avg_pm10,santiago_2017
3,295009,61.9156617764788,0.20353968868347,B_native,comuna,avg_pm10,santiago_2017
1,344344,68.1852644416394,0.354331907817561,B_common,comuna,avg_pm10,santiago_2017
2,481427,67.9164151963446,0.495391083872189,B_common,comuna,avg_pm10,santiago_2017
3,146041,67.0247773686698,0.150277008310249,B_common,comuna,avg_pm10,santiago_2017
1,344344,68.3768341553061,0.354331907817561,baseline_common,comuna,avg_pm10,santiago_2017
2,481427,68.0309672546738,0.495391083872189,baseline_common,comuna,avg_pm10,santiago_2017
3,146041,67.0731954307735,0.150277008310249,baseline_common,comuna,avg_pm10,santiago_2017
1,344344,68.3647877958306,0.354331907817561,A_common,comuna,avg_pm10,santiago_2017
2,481427,68.0332721369662,0.495391083872189,A_common,comuna,avg_pm10,santiago_2017
3,146041,67.0972090872494,0.150277008310249,A_common,comuna,avg_pm10,santiago_2017
1,194524,70.3619299979672,0.136100151755685,C,comuna,avg_pm10,santiago_2017
2,1198252,67.9496065597221,0.838365852242157,C,comuna,avg_pm10,santiago_2017
3,36495,50.6036791244615,0.0255339960021577,C,comuna,avg_pm10,santiago_2017
1,523170,263.525394180809,0.366039750334261,A,comuna,hrs_d_pm25_it1,santiago_2017
2,706078,231.644621821535,0.49401268198963,A,comuna,hrs_d_pm25_it1,santiago_2017
3,200023,171.143579915203,0.139947567676109,A,comuna,hrs_d_pm25_it1,santiago_2017
1,456724,278.228676399751,0.315113982198065,B_native,comuna,hrs_d_pm25_it1,santiago_2017
2,697660,231.874718344179,0.481346329118466,B_native,comuna,hrs_d_pm25_it1,santiago_2017
3,295009,138.130857024701,0.20353968868347,B_native,comuna,hrs_d_pm25_it1,santiago_2017
1,344344,305.779636061613,0.354331907817561,B_common,comuna,hrs_d_pm25_it1,santiago_2017
2,481427,266.196343370854,0.495391083872189,B_common,comuna,hrs_d_pm25_it1,santiago_2017
3,146041,191.389472819277,0.150277008310249,B_common,comuna,hrs_d_pm25_it1,santiago_2017
1,344344,302.033913760658,0.354331907817561,baseline_common,comuna,hrs_d_pm25_it1,santiago_2017
2,481427,262.575476655859,0.495391083872189,baseline_common,comuna,hrs_d_pm25_it1,santiago_2017
3,146041,189.530227812738,0.150277008310249,baseline_common,comuna,hrs_d_pm25_it1,santiago_2017
1,344344,301.8048795507,0.354331907817561,A_common,comuna,hrs_d_pm25_it1,santiago_2017
2,481427,262.828602676349,0.495391083872189,A_common,comuna,hrs_d_pm25_it1,santiago_2017
3,146041,189.332146201434,0.150277008310249,A_common,comuna,hrs_d_pm25_it1,santiago_2017
1,194524,343.771899611359,0.136100151755685,C,comuna,hrs_d_pm25_it1,santiago_2017
2,1198252,223.332428404042,0.838365852242157,C,comuna,hrs_d_pm25_it1,santiago_2017
3,36495,31.9507055761063,0.0255339960021577,C,comuna,hrs_d_pm25_it1,santiago_2017
1,523170,930.928252705702,0.366039750334261,A,comuna,hrs_d_pm25_it2,santiago_2017
2,706078,881.643668340247,0.49401268198963,A,comuna,hrs_d_pm25_it2,santiago_2017
3,200023,771.532731221437,0.139947567676109,A,comuna,hrs_d_pm25_it2,santiago_2017
1,456724,977.258453683187,0.315113982198065,B_native,comuna,hrs_d_pm25_it2,santiago_2017
2,697660,893.123915660924,0.481346329118466,B_native,comuna,hrs_d_pm25_it2,santiago_2017
3,295009,667.426671728659,0.20353968868347,B_native,comuna,hrs_d_pm25_it2,santiago_2017
1,344344,1018.30148920847,0.354331907817561,B_common,comuna,hrs_d_pm25_it2,santiago_2017
2,481427,964.535672074894,0.495391083872189,B_common,comuna,hrs_d_pm25_it2,santiago_2017
3,146041,835.221205004074,0.150277008310249,B_common,comuna,hrs_d_pm25_it2,santiago_2017
1,344344,1006.68836976977,0.354331907817561,baseline_common,comuna,hrs_d_pm25_it2,santiago_2017
2,481427,953.702150066365,0.495391083872189,baseline_common,comuna,hrs_d_pm25_it2,santiago_2017
3,146041,828.687964338782,0.150277008310249,baseline_common,comuna,hrs_d_pm25_it2,santiago_2017
1,344344,1007.19628720444,0.354331907817561,A_common,comuna,hrs_d_pm25_it2,santiago_2017
2,481427,953.983710064791,0.495391083872189,A_common,comuna,hrs_d_pm25_it2,santiago_2017
3,146041,826.724073751436,0.150277008310249,A_common,comuna,hrs_d_pm25_it2,santiago_2017
1,194524,1051.49666365076,0.136100151755685,C,comuna,hrs_d_pm25_it2,santiago_2017
2,1198252,874.931641257432,0.838365852242157,C,comuna,hrs_d_pm25_it2,santiago_2017
3,36495,299,0.0255339960021577,C,comuna,hrs_d_pm25_it2,santiago_2017
1,523170,24.4198337052812,0.366039750334261,A,comuna,avg_pm25,santiago_2017
2,706078,23.982088075718,0.49401268198963,A,comuna,avg_pm25,santiago_2017
3,200023,22.9722821592063,0.139947567676109,A,comuna,avg_pm25,santiago_2017
1,456724,24.7763291088264,0.315113982198065,B_native,comuna,avg_pm25,santiago_2017
2,697660,24.0105475344802,0.481346329118466,B_native,comuna,avg_pm25,santiago_2017
3,295009,22.0154737768662,0.20353968868347,B_native,comuna,avg_pm25,santiago_2017
1,344344,25.0026414504976,0.354331907817561,B_common,comuna,avg_pm25,santiago_2017
2,481427,24.5309602757381,0.495391083872189,B_common,comuna,avg_pm25,santiago_2017
3,146041,23.4078116581981,0.150277008310249,B_common,comuna,avg_pm25,santiago_2017
1,344344,24.9800825151026,0.354331907817561,baseline_common,comuna,avg_pm25,santiago_2017
2,481427,24.4999283663906,0.495391083872189,baseline_common,comuna,avg_pm25,santiago_2017
3,146041,23.3870604426429,0.150277008310249,baseline_common,comuna,avg_pm25,santiago_2017
1,344344,24.9850191801803,0.354331907817561,A_common,comuna,avg_pm25,santiago_2017
2,481427,24.5020294857872,0.495391083872189,A_common,comuna,avg_pm25,santiago_2017
3,146041,23.369623088199,0.150277008310249,A_common,comuna,avg_pm25,santiago_2017
1,194524,25.5654962950539,0.136100151755685,C,comuna,avg_pm25,santiago_2017
2,1198252,23.902939235989,0.838365852242157,C,comuna,avg_pm25,santiago_2017
3,36495,18.8762153189471,0.0255339960021577,C,comuna,avg_pm25,santiago_2017
1,1539083.43429809,5.53964640568944,0.47925849300847,A,fine,hrs_d_pm10_it1,sao_paulo_2010
2,940183.530558005,5.00543007855269,0.2927657669268,A,fine,hrs_d_pm10_it1,sao_paulo_2010
3,732117.823834314,2.26211381232085,0.227975740064731,A,fine,hrs_d_pm10_it1,sao_paulo_2010
1,1539083.43429809,5.53964640568944,0.47925849300847,B_native,fine,hrs_d_pm10_it1,sao_paulo_2010
2,940183.530558005,5.00543007855269,0.2927657669268,B_native,fine,hrs_d_pm10_it1,sao_paulo_2010
3,732117.823834314,2.26211381232085,0.227975740064731,B_native,fine,hrs_d_pm10_it1,sao_paulo_2010
1,1539083.43429809,5.53964640568944,0.47925849300847,B_common,fine,hrs_d_pm10_it1,sao_paulo_2010
2,940183.530558005,5.00543007855269,0.2927657669268,B_common,fine,hrs_d_pm10_it1,sao_paulo_2010
3,732117.823834314,2.26211381232085,0.227975740064731,B_common,fine,hrs_d_pm10_it1,sao_paulo_2010
1,1539083.43429809,5.53964640568944,0.47925849300847,baseline_common,fine,hrs_d_pm10_it1,sao_paulo_2010
2,940183.530558005,5.00543007855269,0.2927657669268,baseline_common,fine,hrs_d_pm10_it1,sao_paulo_2010
3,732117.823834314,2.26211381232085,0.227975740064731,baseline_common,fine,hrs_d_pm10_it1,sao_paulo_2010
1,1539083.43429809,5.53964640568944,0.47925849300847,A_common,fine,hrs_d_pm10_it1,sao_paulo_2010
2,940183.530558005,5.00543007855269,0.2927657669268,A_common,fine,hrs_d_pm10_it1,sao_paulo_2010
3,732117.823834314,2.26211381232085,0.227975740064731,A_common,fine,hrs_d_pm10_it1,sao_paulo_2010
1,1691747.07464228,6.87012521891504,0.526796751544735,C,fine,hrs_d_pm10_it1,sao_paulo_2010
2,956744.400362113,3.28767504484905,0.297922691709663,C,fine,hrs_d_pm10_it1,sao_paulo_2010
3,562893.313686012,0.213461140513941,0.175280556745602,C,fine,hrs_d_pm10_it1,sao_paulo_2010
1,1539083.43429809,70.6470628916125,0.47925849300847,A,fine,hrs_d_pm10_it2,sao_paulo_2010
2,940183.530558005,66.3633482589325,0.2927657669268,A,fine,hrs_d_pm10_it2,sao_paulo_2010
3,732117.823834314,49.3016987411547,0.227975740064731,A,fine,hrs_d_pm10_it2,sao_paulo_2010
1,1539083.43429809,70.6470628916125,0.47925849300847,B_native,fine,hrs_d_pm10_it2,sao_paulo_2010
2,940183.530558005,66.3633482589325,0.2927657669268,B_native,fine,hrs_d_pm10_it2,sao_paulo_2010
3,732117.823834314,49.3016987411547,0.227975740064731,B_native,fine,hrs_d_pm10_it2,sao_paulo_2010
1,1539083.43429809,70.6470628916125,0.47925849300847,B_common,fine,hrs_d_pm10_it2,sao_paulo_2010
2,940183.530558005,66.3633482589325,0.2927657669268,B_common,fine,hrs_d_pm10_it2,sao_paulo_2010
3,732117.823834314,49.3016987411547,0.227975740064731,B_common,fine,hrs_d_pm10_it2,sao_paulo_2010
1,1539083.43429809,70.6470628916125,0.47925849300847,baseline_common,fine,hrs_d_pm10_it2,sao_paulo_2010
2,940183.530558005,66.3633482589325,0.2927657669268,baseline_common,fine,hrs_d_pm10_it2,sao_paulo_2010
3,732117.823834314,49.3016987411547,0.227975740064731,baseline_common,fine,hrs_d_pm10_it2,sao_paulo_2010
1,1539083.43429809,70.6470628916125,0.47925849300847,A_common,fine,hrs_d_pm10_it2,sao_paulo_2010
2,940183.530558005,66.3633482589325,0.2927657669268,A_common,fine,hrs_d_pm10_it2,sao_paulo_2010
3,732117.823834314,49.3016987411547,0.227975740064731,A_common,fine,hrs_d_pm10_it2,sao_paulo_2010
1,1691747.07464228,76.5592967641002,0.526796751544735,C,fine,hrs_d_pm10_it2,sao_paulo_2010
2,956744.400362113,63.6745627762366,0.297922691709663,C,fine,hrs_d_pm10_it2,sao_paulo_2010
3,562893.313686012,29.8117876171684,0.175280556745602,C,fine,hrs_d_pm10_it2,sao_paulo_2010
1,1539083.43429809,26.4432864974945,0.47925849300847,A,fine,avg_pm10,sao_paulo_2010
2,940183.530558005,26.2581242118262,0.2927657669268,A,fine,avg_pm10,sao_paulo_2010
3,732117.823834314,25.6248371845108,0.227975740064731,A,fine,avg_pm10,sao_paulo_2010
1,1539083.43429809,26.4432864974945,0.47925849300847,B_native,fine,avg_pm10,sao_paulo_2010
2,940183.530558005,26.2581242118262,0.2927657669268,B_native,fine,avg_pm10,sao_paulo_2010
3,732117.823834314,25.6248371845108,0.227975740064731,B_native,fine,avg_pm10,sao_paulo_2010
1,1539083.43429809,26.4432864974945,0.47925849300847,B_common,fine,avg_pm10,sao_paulo_2010
2,940183.530558005,26.2581242118262,0.2927657669268,B_common,fine,avg_pm10,sao_paulo_2010
3,732117.823834314,25.6248371845108,0.227975740064731,B_common,fine,avg_pm10,sao_paulo_2010
1,1539083.43429809,26.4432864974945,0.47925849300847,baseline_common,fine,avg_pm10,sao_paulo_2010
2,940183.530558005,26.2581242118262,0.2927657669268,baseline_common,fine,avg_pm10,sao_paulo_2010
3,732117.823834314,25.6248371845108,0.227975740064731,baseline_common,fine,avg_pm10,sao_paulo_2010
1,1539083.43429809,26.4432864974945,0.47925849300847,A_common,fine,avg_pm10,sao_paulo_2010
2,940183.530558005,26.2581242118262,0.2927657669268,A_common,fine,avg_pm10,sao_paulo_2010
3,732117.823834314,25.6248371845108,0.227975740064731,A_common,fine,avg_pm10,sao_paulo_2010
1,1691747.07464228,26.593714187197,0.526796751544735,C,fine,avg_pm10,sao_paulo_2010
2,956744.400362113,26.3746549794546,0.297922691709663,C,fine,avg_pm10,sao_paulo_2010
3,562893.313686012,24.7340627042108,0.175280556745602,C,fine,avg_pm10,sao_paulo_2010
1,1309717.90342423,17.5233226009515,0.458485278828116,A,fine,hrs_d_pm25_it1,sao_paulo_2010
2,818809.076932977,17.1551355271149,0.286635699919122,A,fine,hrs_d_pm25_it1,sao_paulo_2010
3,728092.335254967,14.4100511758255,0.254879021252763,A,fine,hrs_d_pm25_it1,sao_paulo_2010
1,1309717.90342423,17.5233226009515,0.458485278828116,B_native,fine,hrs_d_pm25_it1,sao_paulo_2010
2,818809.076932977,17.1551355271149,0.286635699919122,B_native,fine,hrs_d_pm25_it1,sao_paulo_2010
3,728092.335254967,14.4100511758255,0.254879021252763,B_native,fine,hrs_d_pm25_it1,sao_paulo_2010
1,1309717.90342423,17.5233226009515,0.458485278828116,B_common,fine,hrs_d_pm25_it1,sao_paulo_2010
2,818809.076932977,17.1551355271149,0.286635699919122,B_common,fine,hrs_d_pm25_it1,sao_paulo_2010
3,728092.335254967,14.4100511758255,0.254879021252763,B_common,fine,hrs_d_pm25_it1,sao_paulo_2010
1,1309717.90342423,17.5233226009515,0.458485278828116,baseline_common,fine,hrs_d_pm25_it1,sao_paulo_2010
2,818809.076932977,17.1551355271149,0.286635699919122,baseline_common,fine,hrs_d_pm25_it1,sao_paulo_2010
3,728092.335254967,14.4100511758255,0.254879021252763,baseline_common,fine,hrs_d_pm25_it1,sao_paulo_2010
1,1309717.90342423,17.5233226009515,0.458485278828116,A_common,fine,hrs_d_pm25_it1,sao_paulo_2010
2,818809.076932977,17.1551355271149,0.286635699919122,A_common,fine,hrs_d_pm25_it1,sao_paulo_2010
3,728092.335254967,14.4100511758255,0.254879021252763,A_common,fine,hrs_d_pm25_it1,sao_paulo_2010
1,1311650.21071445,18.0393795388047,0.459161710328687,C,fine,hrs_d_pm25_it1,sao_paulo_2010
2,1042656.99696078,17.3828446133898,0.364996830786094,C,fine,hrs_d_pm25_it1,sao_paulo_2010
3,502312.10793694,11.3545686212363,0.175841458885219,C,fine,hrs_d_pm25_it1,sao_paulo_2010
1,1309717.90342423,136.086185677802,0.458485278828116,A,fine,hrs_d_pm25_it2,sao_paulo_2010
2,818809.076932977,136.661671001733,0.286635699919122,A,fine,hrs_d_pm25_it2,sao_paulo_2010
3,728092.335254967,127.209185656437,0.254879021252763,A,fine,hrs_d_pm25_it2,sao_paulo_2010
1,1309717.90342423,136.086185677802,0.458485278828116,B_native,fine,hrs_d_pm25_it2,sao_paulo_2010
2,818809.076932977,136.661671001733,0.286635699919122,B_native,fine,hrs_d_pm25_it2,sao_paulo_2010
3,728092.335254967,127.209185656437,0.254879021252763,B_native,fine,hrs_d_pm25_it2,sao_paulo_2010
1,1309717.90342423,136.086185677802,0.458485278828116,B_common,fine,hrs_d_pm25_it2,sao_paulo_2010
2,818809.076932977,136.661671001733,0.286635699919122,B_common,fine,hrs_d_pm25_it2,sao_paulo_2010
3,728092.335254967,127.209185656437,0.254879021252763,B_common,fine,hrs_d_pm25_it2,sao_paulo_2010
1,1309717.90342423,136.086185677802,0.458485278828116,baseline_common,fine,hrs_d_pm25_it2,sao_paulo_2010
2,818809.076932977,136.661671001733,0.286635699919122,baseline_common,fine,hrs_d_pm25_it2,sao_paulo_2010
3,728092.335254967,127.209185656437,0.254879021252763,baseline_common,fine,hrs_d_pm25_it2,sao_paulo_2010
1,1309717.90342423,136.086185677802,0.458485278828116,A_common,fine,hrs_d_pm25_it2,sao_paulo_2010
2,818809.076932977,136.661671001733,0.286635699919122,A_common,fine,hrs_d_pm25_it2,sao_paulo_2010
3,728092.335254967,127.209185656437,0.254879021252763,A_common,fine,hrs_d_pm25_it2,sao_paulo_2010
1,1311650.21071445,129.072546491416,0.459161710328687,C,fine,hrs_d_pm25_it2,sao_paulo_2010
2,1042656.99696078,152.145140235324,0.364996830786094,C,fine,hrs_d_pm25_it2,sao_paulo_2010
3,502312.10793694,109.137595605164,0.175841458885219,C,fine,hrs_d_pm25_it2,sao_paulo_2010
1,1309717.90342423,14.1141917181876,0.458485278828116,A,fine,avg_pm25,sao_paulo_2010
2,818809.076932977,14.1255586224494,0.286635699919122,A,fine,avg_pm25,sao_paulo_2010
3,728092.335254967,14.1790156000031,0.254879021252763,A,fine,avg_pm25,sao_paulo_2010
1,1309717.90342423,14.1141917181876,0.458485278828116,B_native,fine,avg_pm25,sao_paulo_2010
2,818809.076932977,14.1255586224494,0.286635699919122,B_native,fine,avg_pm25,sao_paulo_2010
3,728092.335254967,14.1790156000031,0.254879021252763,B_native,fine,avg_pm25,sao_paulo_2010
1,1309717.90342423,14.1141917181876,0.458485278828116,B_common,fine,avg_pm25,sao_paulo_2010
2,818809.076932977,14.1255586224494,0.286635699919122,B_common,fine,avg_pm25,sao_paulo_2010
3,728092.335254967,14.1790156000031,0.254879021252763,B_common,fine,avg_pm25,sao_paulo_2010
1,1309717.90342423,14.1141917181876,0.458485278828116,baseline_common,fine,avg_pm25,sao_paulo_2010
2,818809.076932977,14.1255586224494,0.286635699919122,baseline_common,fine,avg_pm25,sao_paulo_2010
3,728092.335254967,14.1790156000031,0.254879021252763,baseline_common,fine,avg_pm25,sao_paulo_2010
1,1309717.90342423,14.1141917181876,0.458485278828116,A_common,fine,avg_pm25,sao_paulo_2010
2,818809.076932977,14.1255586224494,0.286635699919122,A_common,fine,avg_pm25,sao_paulo_2010
3,728092.335254967,14.1790156000031,0.254879021252763,A_common,fine,avg_pm25,sao_paulo_2010
1,1311650.21071445,13.8124288601457,0.459161710328687,C,fine,avg_pm25,sao_paulo_2010
2,1042656.99696078,14.6229276845266,0.364996830786094,C,fine,avg_pm25,sao_paulo_2010
3,502312.10793694,13.9586615180181,0.175841458885219,C,fine,avg_pm25,sao_paulo_2010
1,1539083.43429809,4.76952681787427,0.47925849300847,A,municipio,hrs_d_pm10_it1,sao_paulo_2010
2,940183.530558005,4.84314255423396,0.2927657669268,A,municipio,hrs_d_pm10_it1,sao_paulo_2010
3,732117.823834314,4.16015787101054,0.227975740064731,A,municipio,hrs_d_pm10_it1,sao_paulo_2010
1,638653.742579064,7.11384552911641,0.562919636176538,B_native,municipio,hrs_d_pm10_it1,sao_paulo_2010
2,358833.343543646,7.34772587558658,0.316281455393794,B_native,municipio,hrs_d_pm10_it1,sao_paulo_2010
3,137050.957206045,5.94193192434944,0.120798908429668,B_native,municipio,hrs_d_pm10_it1,sao_paulo_2010
1,403420.526454933,6.35004643627351,0.54064607619419,B_common,municipio,hrs_d_pm10_it1,sao_paulo_2010
2,239986.346985673,6.68783371667707,0.321618926974644,B_common,municipio,hrs_d_pm10_it1,sao_paulo_2010
3,102775.415155218,5.9455132425865,0.137734996831166,B_common,municipio,hrs_d_pm10_it1,sao_paulo_2010
1,403420.526454933,5.85577221499224,0.54064607619419,baseline_common,municipio,hrs_d_pm10_it1,sao_paulo_2010
2,239986.346985673,6.0263877824507,0.321618926974644,baseline_common,municipio,hrs_d_pm10_it1,sao_paulo_2010
3,102775.415155218,5.26228408444911,0.137734996831166,baseline_common,municipio,hrs_d_pm10_it1,sao_paulo_2010
1,403420.526454933,5.77778644500232,0.54064607619419,A_common,municipio,hrs_d_pm10_it1,sao_paulo_2010
2,239986.346985673,6.12147240235288,0.321618926974644,A_common,municipio,hrs_d_pm10_it1,sao_paulo_2010
3,102775.415155218,5.45157952900003,0.137734996831166,A_common,municipio,hrs_d_pm10_it1,sao_paulo_2010
1,925716.448854769,6.99795164016368,0.288260831313296,C,municipio,hrs_d_pm10_it1,sao_paulo_2010
2,2285668.33983564,3.67945589106658,0.711739168686704,C,municipio,hrs_d_pm10_it1,sao_paulo_2010
3,0,,0,C,municipio,hrs_d_pm10_it1,sao_paulo_2010
1,1539083.43429809,65.9164749215591,0.47925849300847,A,municipio,hrs_d_pm10_it2,sao_paulo_2010
2,940183.530558005,65.8926580576691,0.2927657669268,A,municipio,hrs_d_pm10_it2,sao_paulo_2010
3,732117.823834314,60.457447540634,0.227975740064731,A,municipio,hrs_d_pm10_it2,sao_paulo_2010
1,638653.742579064,108.968357866866,0.562919636176538,B_native,municipio,hrs_d_pm10_it2,sao_paulo_2010
2,358833.343543646,108.607935757284,0.316281455393794,B_native,municipio,hrs_d_pm10_it2,sao_paulo_2010
3,137050.957206045,103.943474619064,0.120798908429668,B_native,municipio,hrs_d_pm10_it2,sao_paulo_2010
1,403420.526454933,96.3729438547051,0.54064607619419,B_common,municipio,hrs_d_pm10_it2,sao_paulo_2010
2,239986.346985673,96.4194600308146,0.321618926974644,B_common,municipio,hrs_d_pm10_it2,sao_paulo_2010
3,102775.415155218,94.9185840548282,0.137734996831166,B_common,municipio,hrs_d_pm10_it2,sao_paulo_2010
1,403420.526454933,90.1932927426852,0.54064607619419,baseline_common,municipio,hrs_d_pm10_it2,sao_paulo_2010
2,239986.346985673,89.7253457269875,0.321618926974644,baseline_common,municipio,hrs_d_pm10_it2,sao_paulo_2010
3,102775.415155218,88.0611201071924,0.137734996831166,baseline_common,municipio,hrs_d_pm10_it2,sao_paulo_2010
1,403420.526454933,89.8195070769517,0.54064607619419,A_common,municipio,hrs_d_pm10_it2,sao_paulo_2010
2,239986.346985673,90.250117899175,0.321618926974644,A_common,municipio,hrs_d_pm10_it2,sao_paulo_2010
3,102775.415155218,88.4988136107434,0.137734996831166,A_common,municipio,hrs_d_pm10_it2,sao_paulo_2010
1,925716.448854769,89.681315011521,0.288260831313296,C,municipio,hrs_d_pm10_it2,sao_paulo_2010
2,2285668.33983564,54.3388701729047,0.711739168686704,C,municipio,hrs_d_pm10_it2,sao_paulo_2010
3,0,,0,C,municipio,hrs_d_pm10_it2,sao_paulo_2010
1,1539083.43429809,26.259941512565,0.47925849300847,A,municipio,avg_pm10,sao_paulo_2010
2,940183.530558005,26.2354224258792,0.2927657669268,A,municipio,avg_pm10,sao_paulo_2010
3,732117.823834314,26.0746293111034,0.227975740064731,A,municipio,avg_pm10,sao_paulo_2010
1,638653.742579064,28.0022904741261,0.562919636176538,B_native,municipio,avg_pm10,sao_paulo_2010
2,358833.343543646,27.9552005835488,0.316281455393794,B_native,municipio,avg_pm10,sao_paulo_2010
3,137050.957206045,27.9927746110539,0.120798908429668,B_native,municipio,avg_pm10,sao_paulo_2010
1,403420.526454933,27.5308406392267,0.54064607619419,B_common,municipio,avg_pm10,sao_paulo_2010
2,239986.346985673,27.4587097634251,0.321618926974644,B_common,municipio,avg_pm10,sao_paulo_2010
3,102775.415155218,27.5790393484983,0.137734996831166,B_common,municipio,avg_pm10,sao_paulo_2010
1,403420.526454933,27.3373856712819,0.54064607619419,baseline_common,municipio,avg_pm10,sao_paulo_2010
2,239986.346985673,27.2666790709629,0.321618926974644,baseline_common,municipio,avg_pm10,sao_paulo_2010
3,102775.415155218,27.3766660530634,0.137734996831166,baseline_common,municipio,avg_pm10,sao_paulo_2010
1,403420.526454933,27.3328612568078,0.54064607619419,A_common,municipio,avg_pm10,sao_paulo_2010
2,239986.346985673,27.2776530496347,0.321618926974644,A_common,municipio,avg_pm10,sao_paulo_2010
3,102775.415155218,27.371298658057,0.137734996831166,A_common,municipio,avg_pm10,sao_paulo_2010
1,925716.448854769,27.02396970362,0.288260831313296,C,municipio,avg_pm10,sao_paulo_2010
2,2285668.33983564,25.8697842819524,0.711739168686704,C,municipio,avg_pm10,sao_paulo_2010
3,0,,0,C,municipio,avg_pm10,sao_paulo_2010
1,1309717.90342423,16.8163560023666,0.458485278828116,A,municipio,hrs_d_pm25_it1,sao_paulo_2010
2,818809.076932977,16.6032951726674,0.286635699919122,A,municipio,hrs_d_pm25_it1,sao_paulo_2010
3,728092.335254967,15.9792045836543,0.254879021252763,A,municipio,hrs_d_pm25_it1,sao_paulo_2010
1,488766.849661212,24.6108459534504,0.576304725395069,B_native,municipio,hrs_d_pm25_it1,sao_paulo_2010
2,266450.562951678,24.4211090865296,0.314171713199588,B_native,municipio,hrs_d_pm25_it1,sao_paulo_2010
3,92887.4668432908,30.4182913231126,0.109523561405344,B_native,municipio,hrs_d_pm25_it1,sao_paulo_2010
1,278843.870178159,23.3133201988318,0.559854401951639,B_common,municipio,hrs_d_pm25_it1,sao_paulo_2010
2,159042.840854366,22.3896470034717,0.319321470091205,B_common,municipio,hrs_d_pm25_it1,sao_paulo_2010
3,60178.2665868632,28.4492439605369,0.120824127957156,B_common,municipio,hrs_d_pm25_it1,sao_paulo_2010
1,278843.870178159,20.3945251650019,0.559854401951639,baseline_common,municipio,hrs_d_pm25_it1,sao_paulo_2010
2,159042.840854366,20.1027128605213,0.319321470091205,baseline_common,municipio,hrs_d_pm25_it1,sao_paulo_2010
3,60178.2665868632,26.9840478134217,0.120824127957156,baseline_common,municipio,hrs_d_pm25_it1,sao_paulo_2010
1,278843.870178159,20.729497958798,0.559854401951639,A_common,municipio,hrs_d_pm25_it1,sao_paulo_2010
2,159042.840854366,20.0335128735871,0.319321470091205,A_common,municipio,hrs_d_pm25_it1,sao_paulo_2010
3,60178.2665868632,24.9449104468489,0.120824127957156,A_common,municipio,hrs_d_pm25_it1,sao_paulo_2010
1,772249.937888443,21.5237232373963,0.27033701469002,C,municipio,hrs_d_pm25_it1,sao_paulo_2010
2,2084369.37772373,14.8090565098467,0.72966298530998,C,municipio,hrs_d_pm25_it1,sao_paulo_2010
3,0,,0,C,municipio,hrs_d_pm25_it1,sao_paulo_2010
1,1309717.90342423,136.41672008929,0.458485278828116,A,municipio,hrs_d_pm25_it2,sao_paulo_2010
2,818809.076932977,134.427097082136,0.286635699919122,A,municipio,hrs_d_pm25_it2,sao_paulo_2010
3,728092.335254967,126.317508103673,0.254879021252763,A,municipio,hrs_d_pm25_it2,sao_paulo_2010
1,488766.849661212,192.156546210586,0.576304725395069,B_native,municipio,hrs_d_pm25_it2,sao_paulo_2010
2,266450.562951678,191.852864675814,0.314171713199588,B_native,municipio,hrs_d_pm25_it2,sao_paulo_2010
3,92887.4668432908,229.675042193946,0.109523561405344,B_native,municipio,hrs_d_pm25_it2,sao_paulo_2010
1,278843.870178159,183.015206155662,0.559854401951639,B_common,municipio,hrs_d_pm25_it2,sao_paulo_2010
2,159042.840854366,177.805790237325,0.319321470091205,B_common,municipio,hrs_d_pm25_it2,sao_paulo_2010
3,60178.2665868632,217.39174580341,0.120824127957156,B_common,municipio,hrs_d_pm25_it2,sao_paulo_2010
1,278843.870178159,172.811703041676,0.559854401951639,baseline_common,municipio,hrs_d_pm25_it2,sao_paulo_2010
2,159042.840854366,171.61036578756,0.319321470091205,baseline_common,municipio,hrs_d_pm25_it2,sao_paulo_2010
3,60178.2665868632,220.79681786937,0.120824127957156,baseline_common,municipio,hrs_d_pm25_it2,sao_paulo_2010
1,278843.870178159,175.440890641204,0.559854401951639,A_common,municipio,hrs_d_pm25_it2,sao_paulo_2010
2,159042.840854366,170.829834862711,0.319321470091205,A_common,municipio,hrs_d_pm25_it2,sao_paulo_2010
3,60178.2665868632,207.349096627171,0.120824127957156,A_common,municipio,hrs_d_pm25_it2,sao_paulo_2010
1,772249.937888443,185.456753816441,0.27033701469002,C,municipio,hrs_d_pm25_it2,sao_paulo_2010
2,2084369.37772373,114.919840730104,0.72966298530998,C,municipio,hrs_d_pm25_it2,sao_paulo_2010
3,0,,0,C,municipio,hrs_d_pm25_it2,sao_paulo_2010
1,1309717.90342423,14.147869613537,0.458485278828116,A,municipio,avg_pm25,sao_paulo_2010
2,818809.076932977,14.1203918996016,0.286635699919122,A,municipio,avg_pm25,sao_paulo_2010
3,728092.335254967,14.0579974064024,0.254879021252763,A,municipio,avg_pm25,sao_paulo_2010
1,488766.849661212,15.208998836727,0.576304725395069,B_native,municipio,avg_pm25,sao_paulo_2010
2,266450.562951678,15.1816075685829,0.314171713199588,B_native,municipio,avg_pm25,sao_paulo_2010
3,92887.4668432908,16.1603095327529,0.109523561405344,B_native,municipio,avg_pm25,sao_paulo_2010
1,278843.870178159,14.9179332063058,0.559854401951639,B_common,municipio,avg_pm25,sao_paulo_2010
2,159042.840854366,14.8010215319261,0.319321470091205,B_common,municipio,avg_pm25,sao_paulo_2010
3,60178.2665868632,15.8298561906735,0.120824127957156,B_common,municipio,avg_pm25,sao_paulo_2010
1,278843.870178159,14.5437222855409,0.559854401951639,baseline_common,municipio,avg_pm25,sao_paulo_2010
2,159042.840854366,14.5253443212714,0.319321470091205,baseline_common,municipio,avg_pm25,sao_paulo_2010
3,60178.2665868632,15.6983153253691,0.120824127957156,baseline_common,municipio,avg_pm25,sao_paulo_2010
1,278843.870178159,14.6002516607199,0.559854401951639,A_common,municipio,avg_pm25,sao_paulo_2010
2,159042.840854366,14.5113342924589,0.319321470091205,A_common,municipio,avg_pm25,sao_paulo_2010
3,60178.2665868632,15.3989975698179,0.120824127957156,A_common,municipio,avg_pm25,sao_paulo_2010
1,772249.937888443,14.7512895014254,0.27033701469002,C,municipio,avg_pm25,sao_paulo_2010
2,2084369.37772373,13.9052586795856,0.72966298530998,C,municipio,avg_pm25,sao_paulo_2010
3,0,,0,C,municipio,avg_pm25,sao_paulo_2010
