path,md5
scripts/process_data/prepare_resolution_inputs.R,bada75e211faa177c809108c0e61831e
scripts/process_data/estimate_resolution_sensitivity.R,4cc83d9e6e7c8c380ac863213b77a0be
scripts/tables_images/figure_resolution_sensitivity.R,904d4ad5f0773056af8aaae6a599645b
src/general_utilities/config_utils_resolution.R,3bc1fd0f5e32bfeeed563e0c77670ea0
src/general_utilities/process/resolution_sensitivity.R,7a2e73f77a238c0ae52fdbbddd6a87f0
src/general_utilities/process/resolution_workflow.R,7970f6e0e127d0e6bda8acde000f19a5
src/general_utilities/plot/resolution_workflow.R,5f4410052987eee707cfedd79b5c17c5
src/general_utilities/process/idw_exposure.R,8b75b2213e3cce5a3e083d09335ce56d
src/general_utilities/process/distances.R,a9cbe7ee8d4372e517d9323cedd991bb
