parent_id,edu_quintile,population,unit_population,a_share,education_mean,share,level,b_covered,unit_label
13101,1,27154,286395,0.734139911660469,13.7829710714223,0.0948131077707362,comuna,TRUE,Santiago
13101,2,89515,286395,0.734139911660469,13.7829710714223,0.312557830967719,comuna,TRUE,Santiago
13101,3,0,286395,0.734139911660469,13.7829710714223,0,comuna,TRUE,Santiago
13101,4,75172,286395,0.734139911660469,13.7829710714223,0.262476649382845,comuna,TRUE,Santiago
13101,5,94554,286395,0.734139911660469,13.7829710714223,0.330152411878699,comuna,TRUE,Santiago
13102,1,13727,49915,0.962796754482621,10.8196133426826,0.275007512771712,comuna,TRUE,Cerrillos
13102,2,23870,49915,0.962796754482621,10.8196133426826,0.47821296203546,comuna,TRUE,Cerrillos
13102,3,0,49915,0.962796754482621,10.8196133426826,0,comuna,TRUE,Cerrillos
13102,4,7925,49915,0.962796754482621,10.8196133426826,0.158769908845037,comuna,TRUE,Cerrillos
13102,5,4393,49915,0.962796754482621,10.8196133426826,0.0880096163477912,comuna,TRUE,Cerrillos
13103,1,30759,82220,1,9.56313549014838,0.374106056920457,comuna,TRUE,Cerro Navia
13103,2,41700,82220,1,9.56313549014838,0.507175869618098,comuna,TRUE,Cerro Navia
13103,3,0,82220,1,9.56313549014838,0,comuna,TRUE,Cerro Navia
13103,4,7167,82220,1,9.56313549014838,0.0871685721235709,comuna,TRUE,Cerro Navia
13103,5,2594,82220,1,9.56313549014838,0.031549501337874,comuna,TRUE,Cerro Navia
13104,1,22458,81078,0,10.5904437701966,0.276992525715977,comuna,FALSE,Conchalí
13104,2,41400,81078,0,10.5904437701966,0.510619403537334,comuna,FALSE,Conchalí
13104,3,0,81078,0,10.5904437701966,0,comuna,FALSE,Conchalí
13104,4,12071,81078,0,10.5904437701966,0.148881324156985,comuna,FALSE,Conchalí
13104,5,5149,81078,0,10.5904437701966,0.0635067465897038,comuna,FALSE,Conchalí
13105,1,31992,101718,0.642718102990621,10.2520202913939,0.314516604730726,comuna,TRUE,El Bosque
13105,2,51165,101718,0.642718102990621,10.2520202913939,0.503008317112016,comuna,TRUE,El Bosque
13105,3,0,101718,0.642718102990621,10.2520202913939,0,comuna,TRUE,El Bosque
13105,4,12654,101718,0.642718102990621,10.2520202913939,0.12440276057335,comuna,TRUE,El Bosque
13105,5,5907,101718,0.642718102990621,10.2520202913939,0.0580723175839085,comuna,TRUE,El Bosque
13106,1,21830,92869,0.496667348630867,11.3408241716827,0.235062292045785,comuna,FALSE,Estación Central
13106,2,42495,92869,0.496667348630867,11.3408241716827,0.45758003208821,comuna,FALSE,Estación Central
13106,3,0,92869,0.496667348630867,11.3408241716827,0,comuna,FALSE,Estación Central
13106,4,17481,92869,0.496667348630867,11.3408241716827,0.188232887185175,comuna,FALSE,Estación Central
13106,5,11063,92869,0.496667348630867,11.3408241716827,0.11912478868083,comuna,FALSE,Estación Central
13107,1,13724,58740,0,11.9128532516173,0.233639768471229,comuna,FALSE,Huechuraba
13107,2,22320,58740,0,11.9128532516173,0.379979570990807,comuna,FALSE,Huechuraba
13107,3,0,58740,0,11.9128532516173,0,comuna,FALSE,Huechuraba
13107,4,9603,58740,0,11.9128532516173,0.163483146067416,comuna,FALSE,Huechuraba
13107,5,13093,58740,0,11.9128532516173,0.222897514470548,comuna,FALSE,Huechuraba
13108,1,10661,65750,0,11.9895969581749,0.162144486692015,comuna,FALSE,Independencia
13108,2,32101,65750,0,11.9895969581749,0.488228136882129,comuna,FALSE,Independencia
13108,3,0,65750,0,11.9895969581749,0,comuna,FALSE,Independencia
13108,4,14034,65750,0,11.9895969581749,0.213444866920152,comuna,FALSE,Independencia
13108,5,8954,65750,0,11.9895969581749,0.136182509505703,comuna,FALSE,Independencia
13109,1,11115,58975,0.823043662568885,11.8861551504875,0.188469690546842,comuna,TRUE,La Cisterna
13109,2,26689,58975,0.823043662568885,11.8861551504875,0.452547689699025,comuna,TRUE,La Cisterna
13109,3,0,58975,0.823043662568885,11.8861551504875,0,comuna,TRUE,La Cisterna
13109,4,12532,58975,0.823043662568885,11.8861551504875,0.212496820686732,comuna,TRUE,La Cisterna
13109,5,8639,58975,0.823043662568885,11.8861551504875,0.146485799067401,comuna,TRUE,La Cisterna
13110,1,47116,239549,0.518061023005732,11.9770652350876,0.196686272954594,comuna,TRUE,La Florida
13110,2,47222,239549,0.518061023005732,11.9770652350876,0.197128771149118,comuna,TRUE,La Florida
13110,3,53773,239549,0.518061023005732,11.9770652350876,0.224475994472947,comuna,TRUE,La Florida
13110,4,51186,239549,0.518061023005732,11.9770652350876,0.213676533819803,comuna,TRUE,La Florida
13110,5,40252,239549,0.518061023005732,11.9770652350876,0.168032427603538,comuna,TRUE,La Florida
13111,1,23950,73415,0.0981815705237349,10.1001838861268,0.326227610161411,comuna,FALSE,La Granja
13111,2,11652,73415,0.0981815705237349,10.1001838861268,0.158714159231765,comuna,FALSE,La Granja
13111,3,25911,73415,0.0981815705237349,10.1001838861268,0.352938772730368,comuna,FALSE,La Granja
13111,4,8216,73415,0.0981815705237349,10.1001838861268,0.11191173465913,comuna,FALSE,La Granja
13111,5,3686,73415,0.0981815705237349,10.1001838861268,0.0502077232173262,comuna,FALSE,La Granja
13112,1,41993,102569,0.352952646511129,9.26607454494048,0.409412200567423,comuna,FALSE,La Pintana
13112,2,17117,102569,0.352952646511129,9.26607454494048,0.166882781347191,comuna,FALSE,La Pintana
13112,3,34224,102569,0.352952646511129,9.26607454494048,0.333668067349784,comuna,FALSE,La Pintana
13112,4,6950,102569,0.352952646511129,9.26607454494048,0.0677592644951204,comuna,FALSE,La Pintana
13112,5,2285,102569,0.352952646511129,9.26607454494048,0.022277686240482,comuna,FALSE,La Pintana
13113,1,5989,61092,0,14.2483467557127,0.0980324756105546,comuna,FALSE,La Reina
13113,2,3816,61092,0,14.2483467557127,0.0624631703005304,comuna,FALSE,La Reina
13113,3,11450,61092,0,14.2483467557127,0.187422248412231,comuna,FALSE,La Reina
13113,4,14422,61092,0,14.2483467557127,0.236070189222812,comuna,FALSE,La Reina
13113,5,25415,61092,0,14.2483467557127,0.416011916453873,comuna,FALSE,La Reina
13114,1,11279,201971,0.11937357343381,15.2626812760248,0.0558446509647425,comuna,TRUE,Las Condes
13114,2,8902,201971,0.11937357343381,15.2626812760248,0.0440756346208119,comuna,TRUE,Las Condes
13114,3,27218,201971,0.11937357343381,15.2626812760248,0.134761921265924,comuna,TRUE,Las Condes
13114,4,45010,201971,0.11937357343381,15.2626812760248,0.222853776037154,comuna,TRUE,Las Condes
13114,5,109562,201971,0.11937357343381,15.2626812760248,0.542464017111367,comuna,TRUE,Las Condes
13115,1,8017,59031,0.459436567227389,14.0181091291017,0.135809998136572,comuna,FALSE,Lo Barnechea
13115,2,3982,59031,0.459436567227389,14.0181091291017,0.0674560823973844,comuna,FALSE,Lo Barnechea
13115,3,10598,59031,0.459436567227389,14.0181091291017,0.179532787857228,comuna,FALSE,Lo Barnechea
13115,4,10314,59031,0.459436567227389,14.0181091291017,0.1747217563653,comuna,FALSE,Lo Barnechea
13115,5,26120,59031,0.459436567227389,14.0181091291017,0.442479375243516,comuna,FALSE,Lo Barnechea
13116,1,22658,61444,0.591872273940499,9.57912896295814,0.368758544365601,comuna,FALSE,Lo Espejo
13116,2,10834,61444,0.591872273940499,9.57912896295814,0.176323156044528,comuna,FALSE,Lo Espejo
13116,3,20908,61444,0.591872273940499,9.57912896295814,0.340277325694942,comuna,FALSE,Lo Espejo
13116,4,5163,61444,0.591872273940499,9.57912896295814,0.0840277325694942,comuna,FALSE,Lo Espejo
13116,5,1881,61444,0.591872273940499,9.57912896295814,0.0306132413254345,comuna,FALSE,Lo Espejo
13117,1,19151,62068,0.93460398272862,10.3263517432493,0.308548688535155,comuna,TRUE,Lo Prado
13117,2,9659,62068,0.93460398272862,10.3263517432493,0.155619642972224,comuna,TRUE,Lo Prado
13117,3,21464,62068,0.93460398272862,10.3263517432493,0.34581426822195,comuna,TRUE,Lo Prado
13117,4,8144,62068,0.93460398272862,10.3263517432493,0.131210929947799,comuna,TRUE,Lo Prado
13117,5,3650,62068,0.93460398272862,10.3263517432493,0.0588064703228717,comuna,TRUE,Lo Prado
13118,1,13796,78863,0.418218936636953,12.3743961046372,0.174936281906598,comuna,FALSE,Macul
13118,2,8615,78863,0.418218936636953,12.3743961046372,0.109240074559679,comuna,FALSE,Macul
13118,3,22242,78863,0.418218936636953,12.3743961046372,0.282033399693139,comuna,FALSE,Macul
13118,4,17928,78863,0.418218936636953,12.3743961046372,0.227330940998948,comuna,FALSE,Macul
13118,5,16282,78863,0.418218936636953,12.3743961046372,0.206459302841637,comuna,FALSE,Macul
13119,1,57391,325574,0.0322814475357369,11.8770909224938,0.176276361134489,comuna,FALSE,Maipú
13119,2,40205,325574,0.0322814475357369,11.8770909224938,0.123489590692131,comuna,FALSE,Maipú
13119,3,118725,325574,0.0322814475357369,11.8770909224938,0.364663640216971,comuna,FALSE,Maipú
13119,4,69461,325574,0.0322814475357369,11.8770909224938,0.213349346078004,comuna,FALSE,Maipú
13119,5,39792,325574,0.0322814475357369,11.8770909224938,0.122221061878406,comuna,FALSE,Maipú
13120,1,10232,149388,0,14.672195892575,0.0684927838916111,comuna,FALSE,Ñuñoa
13120,2,8749,149388,0,14.672195892575,0.0585656143733098,comuna,FALSE,Ñuñoa
13120,3,25513,149388,0,14.672195892575,0.170783463196508,comuna,FALSE,Ñuñoa
13120,4,38175,149388,0,14.672195892575,0.255542613864567,comuna,FALSE,Ñuñoa
13120,5,66719,149388,0,14.672195892575,0.446615524674003,comuna,FALSE,Ñuñoa
13121,1,19884,65665,0.845062057412625,10.3318662910226,0.302809715982639,comuna,TRUE,Pedro Aguirre Cerda
13121,2,10709,65665,0.845062057412625,10.3318662910226,0.163085357496383,comuna,TRUE,Pedro Aguirre Cerda
13121,3,23090,65665,0.845062057412625,10.3318662910226,0.35163329018503,comuna,TRUE,Pedro Aguirre Cerda
13121,4,7924,65665,0.845062057412625,10.3318662910226,0.1206731135308,comuna,TRUE,Pedro Aguirre Cerda
13121,5,4058,65665,0.845062057412625,10.3318662910226,0.0617985228051473,comuna,TRUE,Pedro Aguirre Cerda
13122,1,39771,148761,0.216306693286547,11.3199494491164,0.267348296932664,comuna,FALSE,Peñalolén
13122,2,18015,148761,0.216306693286547,11.3199494491164,0.121100288382036,comuna,FALSE,Peñalolén
13122,3,43665,148761,0.216306693286547,11.3199494491164,0.293524512473027,comuna,FALSE,Peñalolén
13122,4,22803,148761,0.216306693286547,11.3199494491164,0.153286143545687,comuna,FALSE,Peñalolén
13122,5,24507,148761,0.216306693286547,11.3199494491164,0.164740758666586,comuna,FALSE,Peñalolén
13123,1,4299,105681,0,15.6104787047814,0.0406790246118034,comuna,FALSE,Providencia
13123,2,4246,105681,0,15.6104787047814,0.040177515352807,comuna,FALSE,Providencia
13123,3,12121,105681,0,15.6104787047814,0.114694221288595,comuna,FALSE,Providencia
13123,4,24696,105681,0,15.6104787047814,0.233684389814631,comuna,FALSE,Providencia
13123,5,60319,105681,0,15.6104787047814,0.570764848932164,comuna,FALSE,Providencia
13124,1,34016,126521,0.919689221552153,10.7362097991638,0.268856553457529,comuna,TRUE,Pudahuel
13124,2,18590,126521,0.919689221552153,10.7362097991638,0.146932129844058,comuna,TRUE,Pudahuel
13124,3,46694,126521,0.919689221552153,10.7362097991638,0.369061262557204,comuna,TRUE,Pudahuel
13124,4,18776,126521,0.919689221552153,10.7362097991638,0.148402241525122,comuna,TRUE,Pudahuel
13124,5,8445,126521,0.919689221552153,10.7362097991638,0.0667478126160875,comuna,TRUE,Pudahuel
13125,1,26307,122494,0.812766339575816,11.3000391855928,0.214761539340702,comuna,TRUE,Quilicura
13125,2,16596,122494,0.812766339575816,11.3000391855928,0.135484186980587,comuna,TRUE,Quilicura
13125,3,47777,122494,0.812766339575816,11.3000391855928,0.390035430306791,comuna,TRUE,Quilicura
13125,4,17270,122494,0.812766339575816,11.3000391855928,0.140986497297827,comuna,TRUE,Quilicura
13125,5,14544,122494,0.812766339575816,11.3000391855928,0.118732346074093,comuna,TRUE,Quilicura
13126,1,15893,71784,0.515908837623983,11.2786414799955,0.221400312047253,comuna,FALSE,Quinta Normal
13126,2,9943,71784,0.515908837623983,11.2786414799955,0.138512760503733,comuna,FALSE,Quinta Normal
13126,3,26419,71784,0.515908837623983,11.2786414799955,0.368034659534158,comuna,FALSE,Quinta Normal
13126,4,9687,71784,0.515908837623983,11.2786414799955,0.134946506185222,comuna,FALSE,Quinta Normal
13126,5,9842,71784,0.515908837623983,11.2786414799955,0.137105761729633,comuna,FALSE,Quinta Normal
13127,1,26132,101940,0,10.9383951343928,0.25634687070826,comuna,FALSE,Recoleta
13127,2,14925,101940,0,10.9383951343928,0.146409652736904,comuna,FALSE,Recoleta
13127,3,35341,101940,0,10.9383951343928,0.346684324112223,comuna,FALSE,Recoleta
13127,4,11834,101940,0,10.9383951343928,0.116087894840102,comuna,FALSE,Recoleta
13127,5,13708,101940,0,10.9383951343928,0.134471257602511,comuna,FALSE,Recoleta
13128,1,28585,88349,0.15969620482405,10.0878108410961,0.323546389885567,comuna,FALSE,Renca
13128,2,13610,88349,0.15969620482405,10.0878108410961,0.154048149950763,comuna,FALSE,Renca
13128,3,32739,88349,0.15969620482405,10.0878108410961,0.370564465924911,comuna,FALSE,Renca
13128,4,7445,88349,0.15969620482405,10.0878108410961,0.0842680732096572,comuna,FALSE,Renca
13128,5,5970,88349,0.15969620482405,10.0878108410961,0.0675729210291005,comuna,FALSE,Renca
13129,1,16407,62600,0.0763578274760383,10.9442012779553,0.262092651757189,comuna,FALSE,San Joaquín
13129,2,8806,62600,0.0763578274760383,10.9442012779553,0.140670926517572,comuna,FALSE,San Joaquín
13129,3,21499,62600,0.0763578274760383,10.9442012779553,0.343434504792332,comuna,FALSE,San Joaquín
13129,4,7624,62600,0.0763578274760383,10.9442012779553,0.121789137380192,comuna,FALSE,San Joaquín
13129,5,8264,62600,0.0763578274760383,10.9442012779553,0.132012779552716,comuna,FALSE,San Joaquín
13130,1,9325,73929,0.200638450405118,13.2408256570493,0.12613453448579,comuna,FALSE,San Miguel
13130,2,6609,73929,0.200638450405118,13.2408256570493,0.0893965832082133,comuna,FALSE,San Miguel
13130,3,18520,73929,0.200638450405118,13.2408256570493,0.250510625059178,comuna,FALSE,San Miguel
13130,4,12093,73929,0.200638450405118,13.2408256570493,0.163575863328329,comuna,FALSE,San Miguel
13130,5,27382,73929,0.200638450405118,13.2408256570493,0.370382393918489,comuna,FALSE,San Miguel
13131,1,18903,51902,0.765577434395592,9.69968401988363,0.364205618280606,comuna,TRUE,San Ramón
13131,2,8146,51902,0.765577434395592,9.69968401988363,0.156949635852183,comuna,TRUE,San Ramón
13131,3,17775,51902,0.765577434395592,9.69968401988363,0.342472351739817,comuna,TRUE,San Ramón
13131,4,3731,51902,0.765577434395592,9.69968401988363,0.071885476474895,comuna,TRUE,San Ramón
13131,5,3347,51902,0.765577434395592,9.69968401988363,0.0644869176524989,comuna,TRUE,San Ramón
13132,1,2862,57291,0.216177060969437,15.4382887364508,0.0499554903911609,comuna,FALSE,Vitacura
13132,2,2497,57291,0.216177060969437,15.4382887364508,0.0435845071651743,comuna,FALSE,Vitacura
13132,3,7415,57291,0.216177060969437,15.4382887364508,0.129426960604633,comuna,FALSE,Vitacura
13132,4,6920,57291,0.216177060969437,15.4382887364508,0.120786860065281,comuna,FALSE,Vitacura
13132,5,37597,57291,0.216177060969437,15.4382887364508,0.656246181773752,comuna,FALSE,Vitacura
13201,1,60617,341512,0.426412541872614,11.3272945020966,0.177495959146384,comuna,FALSE,Puente Alto
13201,2,60953,341512,0.426412541872614,11.3272945020966,0.17847981915716,comuna,FALSE,Puente Alto
13201,3,81097,341512,0.426412541872614,11.3272945020966,0.237464569326993,comuna,FALSE,Puente Alto
13201,4,89126,341512,0.426412541872614,11.3272945020966,0.260974724167818,comuna,FALSE,Puente Alto
13201,5,49719,341512,0.426412541872614,11.3272945020966,0.145584928201644,comuna,FALSE,Puente Alto
13202,1,309,1751,0,11.1439177612793,0.176470588235294,comuna,FALSE,Pirque
13202,2,401,1751,0,11.1439177612793,0.229011993146773,comuna,FALSE,Pirque
13202,3,0,1751,0,11.1439177612793,0,comuna,FALSE,Pirque
13202,4,748,1751,0,11.1439177612793,0.427184466019417,comuna,FALSE,Pirque
13202,5,293,1751,0,11.1439177612793,0.167332952598515,comuna,FALSE,Pirque
13203,1,229,1970,0,12.6857868020305,0.116243654822335,comuna,FALSE,San José De Maipo
13203,2,290,1970,0,12.6857868020305,0.147208121827411,comuna,FALSE,San José De Maipo
13203,3,0,1970,0,12.6857868020305,0,comuna,FALSE,San José De Maipo
13203,4,791,1970,0,12.6857868020305,0.401522842639594,comuna,FALSE,San José De Maipo
13203,5,660,1970,0,12.6857868020305,0.33502538071066,comuna,FALSE,San José De Maipo
13302,1,352,10868,0,13.7684946632315,0.0323886639676113,comuna,FALSE,Lampa
13302,2,939,10868,0,13.7684946632315,0.0864004416635996,comuna,FALSE,Lampa
13302,3,0,10868,0,13.7684946632315,0,comuna,FALSE,Lampa
13302,4,5832,10868,0,13.7684946632315,0.536621273463379,comuna,FALSE,Lampa
13302,5,3745,10868,0,13.7684946632315,0.34458962090541,comuna,FALSE,Lampa
13401,1,31046,171359,0,10.7008852759412,0.181175193599402,comuna,FALSE,San Bernardo
13401,2,41298,171359,0,10.7008852759412,0.241002806972496,comuna,FALSE,San Bernardo
13401,3,0,171359,0,10.7008852759412,0,comuna,FALSE,San Bernardo
13401,4,79126,171359,0,10.7008852759412,0.4617557292001,comuna,FALSE,San Bernardo
13401,5,19889,171359,0,10.7008852759412,0.116066270228001,comuna,FALSE,San Bernardo
13604,1,6248,33886,0,10.7001121407071,0.184382931003954,comuna,FALSE,Padre Hurtado
13604,2,7596,33886,0,10.7001121407071,0.224163371303783,comuna,FALSE,Padre Hurtado
13604,3,0,33886,0,10.7001121407071,0,comuna,FALSE,Padre Hurtado
13604,4,16143,33886,0,10.7001121407071,0.476391430089122,comuna,FALSE,Padre Hurtado
13604,5,3899,33886,0,10.7001121407071,0.11506226760314,comuna,FALSE,Padre Hurtado
