city_id,design,level,outcome,gap_3km,normalized_pct_3km,low_mean_3km,high_mean_3km,population_3km,n_units_3km,n_clusters_3km,gap_20km,normalized_pct_20km,low_mean_20km,high_mean_20km,population_20km,n_units_20km,n_clusters_20km,gap_change
bogota_2018,A,fine,avg_pm10,5.98216001315996,20.8372910068954,34.691074291798,28.708914278638,4255038.00000007,37375,37375,2.98761136268865,9.93385710822101,33.0626499921067,30.075038629418,5550678.00000016,50138,50138,-2.99454865047131
bogota_2018,A,fine,avg_pm25,2.0711607418475,14.4963843198611,16.3585906012357,14.2874298593882,4251366.00000007,37285,37285,0.887976416264555,6.03695898847187,15.5969783816618,14.7090019653973,5550678.00000016,50138,50138,-1.18318432558295
bogota_2018,A,fine,hrs_d_pm10_it1,21.1179047141352,259.377805864676,29.2596594196835,8.14175470554831,4255038.00000007,37375,37375,0.386419458096034,180.54421980479,0.600449826121021,0.214030368024987,5550678.00000016,50138,50138,-20.7314852560392
bogota_2018,A,fine,hrs_d_pm10_it2,86.1034186602067,138.930985763809,148.079095422904,61.975676762697,4255038.00000007,37375,37375,18.0577971968137,174.860005236672,28.3847997451509,10.3270025483372,5550678.00000016,50138,50138,-68.045621463393
bogota_2018,A,fine,hrs_d_pm25_it1,10.7627218472537,265.631482965514,14.8144711832505,4.05174933599682,4251366.00000007,37285,37285,0.124463551102597,103.814596892197,0.244353773507296,0.119890222404699,5550678.00000016,50138,50138,-10.6382582961511
bogota_2018,A,fine,hrs_d_pm25_it2,70.5960085417605,107.318829359704,136.377576383077,65.7815678413166,4251366.00000007,37285,37285,11.90137087272,137.396572587513,20.5634289201576,8.66205804743756,5550678.00000016,50138,50138,-58.6946376690405
bogota_2018,A,localidad,avg_pm10,4.93602763341605,16.7374327366812,34.4269759232241,29.490948289808,4255038.00000007,37375,36,2.5568033123072,8.42234047010397,32.9142000642297,30.3573967519225,5550678.00000016,50138,40,-2.37922432110885
bogota_2018,A,localidad,avg_pm25,1.59653474531551,10.9122745285237,16.2271668939324,14.6306321486169,4251366.00000007,37285,35,0.737285784030028,4.97888194686877,15.5455457889436,14.8082600049135,5550678.00000016,50138,40,-0.859248961285482
bogota_2018,A,localidad,hrs_d_pm10_it1,22.3752412654956,280.25719464654,30.3590653003131,7.98382403481746,4255038.00000007,37375,36,0.436152866346484,217.055783594008,0.637093315444254,0.20094044909777,5550678.00000016,50138,40,-21.9390883991491
bogota_2018,A,localidad,hrs_d_pm10_it2,85.7167788148334,134.308069665393,149.537797930351,63.8210191155179,4255038.00000007,37375,36,16.8298260317814,153.958810914273,27.7612082188993,10.9313821871179,5550678.00000016,50138,40,-68.886952783052
bogota_2018,A,localidad,hrs_d_pm25_it1,9.11892027222349,188.908698739615,13.946077694335,4.82715742211146,4251366.00000007,37285,35,0.122732908751743,93.6935691946196,0.253726860424993,0.13099395167325,5550678.00000016,50138,40,-8.99618736347175
bogota_2018,A,localidad,hrs_d_pm25_it2,58.8233198746435,81.0024431966191,131.442512028959,72.619192154316,4251366.00000007,37285,35,10.7275354041426,115.537109996864,20.0124616104792,9.28492620633653,5550678.00000016,50138,40,-48.0957844705009
bogota_2018,A,municipio,avg_pm10,1.21699583825582,3.8079782266714,33.1761028975314,31.9591070592756,4255038.00000007,37375,17,0.132731659052951,0.414892007592171,32.1245889674781,31.9918573084252,5550678.00000016,50138,21,-1.08426417920287
bogota_2018,A,municipio,avg_pm25,0.210772816617759,1.35247937640077,15.7949525309634,15.5841797143456,4251366.00000007,37285,16,-0.068196876093868,-0.443944152486198,15.2933921237721,15.3615889998659,5550678.00000016,50138,21,-0.278969692711627
bogota_2018,A,municipio,hrs_d_pm10_it1,17.9513517045834,169.783448665691,28.5244386842985,10.5730869797151,4255038.00000007,37375,17,0.4036245031812,183.783780770305,0.623243721748509,0.219619218567309,5550678.00000016,50138,21,-17.5477272014022
bogota_2018,A,municipio,hrs_d_pm10_it2,35.7566535197474,37.791004808511,130.373490782816,94.6168372630688,4255038.00000007,37375,17,7.23923379153366,42.6461246066995,24.2143607422166,16.9751269506829,5550678.00000016,50138,21,-28.5174197282137
bogota_2018,A,municipio,hrs_d_pm25_it1,4.30263114102812,56.0155441681863,11.983768948258,7.68113780722989,4251366.00000007,37285,16,0.0766087129570765,48.7673901710169,0.233698753429667,0.157090040472591,5550678.00000016,50138,21,-4.22602242807104
bogota_2018,A,municipio,hrs_d_pm25_it2,14.8190911910825,14.6381072251566,116.055480316686,101.236389125603,4251366.00000007,37285,16,2.64443774372464,18.3584526522326,17.048907411287,14.4044696675623,5550678.00000016,50138,21,-12.1746534473579
bogota_2018,A,seccion,avg_pm10,5.98335132541202,20.8422300957103,34.6911781651295,28.7078268397175,4255038.00000007,37375,2840,2.98197034197299,9.9142211467975,33.0596768790743,30.0777065371013,5550678.00000016,50138,3643,-3.00138098343903
bogota_2018,A,seccion,avg_pm25,2.07065614973642,14.4926079369522,16.3583272075922,14.2876710578557,4251366.00000007,37285,2833,0.886361039684687,6.02570454697602,15.5960274824163,14.7096664427316,5550678.00000016,50138,3643,-1.18429511005173
bogota_2018,A,seccion,hrs_d_pm10_it1,21.0954752423607,258.740786084522,29.2486062433113,8.15313100095067,4255038.00000007,37375,2840,0.363157733316263,162.582819070128,0.586525574637565,0.223367841321302,5550678.00000016,50138,3643,-20.7323175090444
bogota_2018,A,seccion,hrs_d_pm10_it2,85.9665224429907,138.570167765322,148.004783512704,62.0382610697138,4255038.00000007,37375,2840,17.9092195442197,172.280217325046,28.3046206078426,10.3954010636229,5550678.00000016,50138,3643,-68.057302898771
bogota_2018,A,seccion,hrs_d_pm25_it1,10.7257641347168,263.519935456339,14.7959549216654,4.07019078694861,4251366.00000007,37285,2833,0.118188261664396,96.3745902313728,0.240822517624037,0.12263425595964,5550678.00000016,50138,3643,-10.6075758730524
bogota_2018,A,seccion,hrs_d_pm25_it2,70.3412719006856,106.716440005713,136.25545709738,65.9141851966949,4251366.00000007,37285,2833,11.7764458057319,135.014716917677,20.4987881359479,8.72234233021603,5550678.00000016,50138,3643,-58.5648260949537
bogota_2018,A,sector,avg_pm10,5.94656864539722,20.6972078859349,34.6778288142546,28.7312601688573,4255038.00000007,37375,749,2.96519210213356,9.85563446150348,33.0514550790705,30.0862629769369,5550678.00000016,50138,1066,-2.98137654326366
bogota_2018,A,sector,avg_pm25,2.0509896420773,14.3424075764149,16.3511664509556,14.3001768088783,4251366.00000007,37285,743,0.879697847316418,5.97907379412914,15.5926429890906,14.7129451417742,5550678.00000016,50138,1066,-1.17129179476088
bogota_2018,A,sector,hrs_d_pm10_it1,21.1035971237632,258.645355778786,29.2628764814845,8.15927935772127,4255038.00000007,37375,749,0.334459220892674,138.084068234031,0.57667342066974,0.242214199777066,5550678.00000016,50138,1066,-20.7691379028705
bogota_2018,A,sector,hrs_d_pm10_it2,84.9158227819395,135.707934671081,147.48830462521,62.5724818432706,4255038.00000007,37375,749,17.6533069285173,167.811721298333,28.1730172276171,10.5197102990998,5550678.00000016,50138,1066,-67.2625158534222
bogota_2018,A,sector,hrs_d_pm25_it1,10.7368149400888,263.629630818357,14.809503926816,4.07268898672721,4251366.00000007,37285,743,0.113199796960915,89.7964601154119,0.239262446663837,0.126062649702922,5550678.00000016,50138,1066,-10.6236151431279
bogota_2018,A,sector,hrs_d_pm25_it2,69.5696804400869,104.871264317246,135.90785314451,66.3381727044234,4251366.00000007,37285,743,11.6378146515858,132.351875924589,20.4309009378859,8.79308628630002,5550678.00000016,50138,1066,-57.9318657885011
bogota_2018,A_common,fine,avg_pm10,5.98216001315996,20.8372910068954,34.691074291798,28.708914278638,4255038.00000007,37375,37375,2.98761136268865,9.93385710822101,33.0626499921067,30.075038629418,5550678.00000016,50138,50138,-2.99454865047131
bogota_2018,A_common,fine,avg_pm25,2.0711607418475,14.4963843198611,16.3585906012357,14.2874298593882,4251366.00000007,37285,37285,0.887976416264555,6.03695898847187,15.5969783816618,14.7090019653973,5550678.00000016,50138,50138,-1.18318432558295
bogota_2018,A_common,fine,hrs_d_pm10_it1,21.1179047141352,259.377805864676,29.2596594196835,8.14175470554831,4255038.00000007,37375,37375,0.386419458096034,180.54421980479,0.600449826121021,0.214030368024987,5550678.00000016,50138,50138,-20.7314852560392
bogota_2018,A_common,fine,hrs_d_pm10_it2,86.1034186602067,138.930985763809,148.079095422904,61.975676762697,4255038.00000007,37375,37375,18.0577971968137,174.860005236672,28.3847997451509,10.3270025483372,5550678.00000016,50138,50138,-68.045621463393
bogota_2018,A_common,fine,hrs_d_pm25_it1,10.7627218472537,265.631482965514,14.8144711832505,4.05174933599682,4251366.00000007,37285,37285,0.124463551102597,103.814596892197,0.244353773507296,0.119890222404699,5550678.00000016,50138,50138,-10.6382582961511
bogota_2018,A_common,fine,hrs_d_pm25_it2,70.5960085417605,107.318829359704,136.377576383077,65.7815678413166,4251366.00000007,37285,37285,11.90137087272,137.396572587513,20.5634289201576,8.66205804743756,5550678.00000016,50138,50138,-58.6946376690405
bogota_2018,A_common,localidad,avg_pm10,3.05567014957164,10.4666360453031,32.2500563529867,29.194386203415,2951799.00000001,22261,17,2.55840709289626,8.42751107402759,32.9162087074313,30.357801614535,5550423.00000016,50126,39,-0.49726305667538
bogota_2018,A_common,localidad,avg_pm25,1.35654088259348,9.2688053328033,15.9920935119333,14.6355526293398,2951799.00000001,22261,17,0.738019821422236,4.98377227145892,15.5464777770301,14.8084579556079,5550423.00000016,50126,39,-0.618521061171244
bogota_2018,A_common,localidad,hrs_d_pm10_it1,1.03057586938309,54.5122192161878,2.92111689706712,1.89054102768403,2951799.00000001,22261,17,0.436210592939236,217.079629690556,0.637155561180175,0.200944968240939,5550423.00000016,50126,39,-0.594365276443854
bogota_2018,A_common,localidad,hrs_d_pm10_it2,28.821938166034,60.5984788315045,76.3840861304641,47.5621479644301,2951799.00000001,22261,17,16.8322173176182,153.977540175505,27.7638228611493,10.9316055435311,5550423.00000016,50126,39,-11.9897208484158
bogota_2018,A_common,localidad,hrs_d_pm25_it1,1.76138604333541,74.2290932363563,4.13429128377383,2.37290524043841,2951799.00000001,22261,17,0.122754752501548,93.7081370902105,0.253751650223862,0.130996897722313,5550423.00000016,50126,39,-1.63863129083386
bogota_2018,A_common,localidad,hrs_d_pm25_it2,34.6388459715546,54.8499182840129,97.7908926021342,63.1520466305796,2951799.00000001,22261,17,10.7292066452615,115.55279061998,20.0143191792779,9.28511253401637,5550423.00000016,50126,39,-23.9096393262931
bogota_2018,A_common,municipio,avg_pm10,-0.374010470576323,-1.2688750505732,29.1017421188822,29.4757525894585,126498,1170,4,2.11206049793079,7.23399010143342,31.3084026039601,29.1963421060293,1076650,11676,20,2.48607096850711
bogota_2018,A_common,municipio,avg_pm25,-0.433462289785972,-3.29817511623345,12.709026344383,13.142488634169,126498,1170,4,0.693196862287399,5.08962167211073,14.3130080574076,13.6198111951202,1076650,11676,20,1.12665915207337
bogota_2018,A_common,municipio,hrs_d_pm10_it1,0.167033511288517,56.0120937200707,0.465243237429613,0.298209726141096,126498,1170,4,0.992224130055188,69.7146516264685,2.4154889774097,1.42326484735451,1076650,11676,20,0.825190618766671
bogota_2018,A_common,municipio,hrs_d_pm10_it2,0.581611599902352,2.20007373660172,27.0176164585724,26.4360048586701,126498,1170,4,21.1734152664518,65.0936529158662,53.7010340403107,32.5276187738589,1076650,11676,20,20.5918036665495
bogota_2018,A_common,municipio,hrs_d_pm25_it1,0.0231504002903429,1.13873642509588,2.0561406322831,2.03299023199276,126498,1170,4,-0.13721675261767,-14.185256686653,0.830102737249422,0.967319489867092,1076650,11676,20,-0.160367152908013
bogota_2018,A_common,municipio,hrs_d_pm25_it2,0.378595317854746,1.22636749402074,31.2498732749614,30.8712779571067,126498,1170,4,6.81528330190203,31.3658070235506,28.5436682810766,21.7283849791745,1076650,11676,20,6.43668798404728
bogota_2018,A_common,seccion,avg_pm10,5.9533230022887,20.7192500157767,34.6866169089481,28.7332939066595,4154476.00000005,36584,2719,2.98197034197299,9.9142211467975,33.0596768790743,30.0777065371013,5550678.00000016,50138,3643,-2.97135266031571
bogota_2018,A_common,seccion,avg_pm25,2.06281365311292,14.4377904755786,16.3504129682723,14.2875993151594,4150804.00000005,36494,2712,0.886361039684687,6.02570454697602,15.5960274824163,14.7096664427316,5550678.00000016,50138,3643,-1.17645261342823
bogota_2018,A_common,seccion,hrs_d_pm10_it1,20.9122466532756,258.759303866805,28.9939837505588,8.08173709728328,4154476.00000005,36584,2719,0.363157733316263,162.582819070128,0.586525574637565,0.223367841321302,5550678.00000016,50138,3643,-20.5490889199593
bogota_2018,A_common,seccion,hrs_d_pm10_it2,86.0055498246788,137.713676377815,148.457988890152,62.4524390654737,4154476.00000005,36584,2719,17.9092195442197,172.280217325046,28.3046206078426,10.3954010636229,5550678.00000016,50138,3643,-68.0963302804591
bogota_2018,A_common,seccion,hrs_d_pm25_it1,10.696230742519,264.210823225223,14.7446003785354,4.04836963601644,4150804.00000005,36494,2712,0.118188261664396,96.3745902313728,0.240822517624037,0.12263425595964,5550678.00000016,50138,3643,-10.5780424808546
bogota_2018,A_common,seccion,hrs_d_pm25_it2,69.8809244309531,105.673131181567,136.010245715929,66.1293212849764,4150804.00000005,36494,2712,11.7764458057319,135.014716917677,20.4987881359479,8.72234233021603,5550678.00000016,50138,3643,-58.1044786252212
bogota_2018,A_common,sector,avg_pm10,5.76226669054898,20.1073403917645,34.4197946294955,28.6575279389465,3973908.00000005,34748,674,2.96519210213356,9.85563446150348,33.0514550790705,30.0862629769369,5550678.00000016,50138,1066,-2.79707458841542
bogota_2018,A_common,sector,avg_pm25,2.00189550588584,14.0352521230652,16.2652339078798,14.263338401994,3971949.00000005,34689,669,0.879697847316418,5.97907379412914,15.5926429890906,14.7129451417742,5550678.00000016,50138,1066,-1.12219765856942
bogota_2018,A_common,sector,hrs_d_pm10_it1,19.1066119171466,259.348666043263,26.4737644877171,7.36715257057051,3973908.00000005,34748,674,0.334459220892674,138.084068234031,0.57667342066974,0.242214199777066,5550678.00000016,50138,1066,-18.7721526962539
bogota_2018,A_common,sector,hrs_d_pm10_it2,81.8765875745991,132.033410656121,143.888609507324,62.0120219327252,3973908.00000005,34748,674,17.6533069285173,167.811721298333,28.1730172276171,10.5197102990998,5550678.00000016,50138,1066,-64.2232806460818
bogota_2018,A_common,sector,hrs_d_pm25_it1,9.94612402523729,262.13768214746,13.740360681241,3.79423665600366,3971949.00000005,34689,669,0.113199796960915,89.7964601154119,0.239262446663837,0.126062649702922,5550678.00000016,50138,1066,-9.83292422827638
bogota_2018,A_common,sector,hrs_d_pm25_it2,66.3987644984072,101.321616642945,131.931438273634,65.5326737752272,3971949.00000005,34689,669,11.6378146515858,132.351875924589,20.4309009378859,8.79308628630002,5550678.00000016,50138,1066,-54.7609498468214
bogota_2018,B_common,fine,avg_pm10,5.98216001315997,20.8372910068955,34.691074291798,28.708914278638,4255038.00000007,37375,37375,2.98761136268865,9.93385710822101,33.0626499921067,30.075038629418,5550678.00000016,50138,50138,-2.99454865047132
bogota_2018,B_common,fine,avg_pm25,2.0711607418475,14.496384319861,16.3585906012357,14.2874298593882,4251366.00000007,37285,37285,0.887976416264555,6.03695898847187,15.5969783816618,14.7090019653973,5550678.00000016,50138,50138,-1.18318432558295
bogota_2018,B_common,fine,hrs_d_pm10_it1,21.1179047141352,259.377805864676,29.2596594196835,8.14175470554831,4255038.00000007,37375,37375,0.386419458096034,180.54421980479,0.600449826121021,0.214030368024987,5550678.00000016,50138,50138,-20.7314852560392
bogota_2018,B_common,fine,hrs_d_pm10_it2,86.1034186602067,138.930985763809,148.079095422904,61.975676762697,4255038.00000007,37375,37375,18.0577971968137,174.860005236672,28.3847997451509,10.3270025483372,5550678.00000016,50138,50138,-68.045621463393
bogota_2018,B_common,fine,hrs_d_pm25_it1,10.7627218472537,265.631482965514,14.8144711832505,4.05174933599682,4251366.00000007,37285,37285,0.124463551102597,103.814596892197,0.244353773507296,0.119890222404699,5550678.00000016,50138,50138,-10.6382582961511
bogota_2018,B_common,fine,hrs_d_pm25_it2,70.5960085417605,107.318829359704,136.377576383077,65.7815678413166,4251366.00000007,37285,37285,11.90137087272,137.396572587513,20.5634289201576,8.66205804743756,5550678.00000016,50138,50138,-58.6946376690405
bogota_2018,B_common,localidad,avg_pm10,3.27043587838112,10.8063204161883,33.5345382964611,30.26410241808,2951799.00000001,22261,17,2.6219193477822,8.68995861042907,32.7937471472329,30.1718277994507,5550423.00000016,50126,39,-0.64851653059892
bogota_2018,B_common,localidad,avg_pm25,1.42720764700536,9.96450409306981,15.750124609807,14.3229169628017,2951799.00000001,22261,17,0.76099978173839,5.2052564783883,15.3808323471074,14.619832565369,5550423.00000016,50126,39,-0.66620786526697
bogota_2018,B_common,localidad,hrs_d_pm10_it1,1.95090898099149,62.3901875540322,5.07785739624018,3.12694841524869,2951799.00000001,22261,17,0.0338684274610419,287.463172879511,0.0456502592420603,0.0117818317810184,5550423.00000016,50126,39,-1.91704055353045
bogota_2018,B_common,localidad,hrs_d_pm10_it2,37.6077229441905,76.8453825377921,86.5471929581439,48.9394700139533,2951799.00000001,22261,17,16.01160195886,194.972543020567,24.2238362103109,8.21223425145096,5550423.00000016,50126,39,-21.5961209853305
bogota_2018,B_common,localidad,hrs_d_pm25_it1,0.751356479189068,63.57358586394,1.93322544092597,1.18186896173691,2951799.00000001,22261,17,0.161894194515845,340.709781123324,0.209410938526562,0.0475167440107172,5550423.00000016,50126,39,-0.589462284673223
bogota_2018,B_common,localidad,hrs_d_pm25_it2,30.8436307234334,65.3116037714832,78.0689765155092,47.2253457920759,2951799.00000001,22261,17,10.0873984825141,152.112843034613,16.7189216867834,6.63152320426931,5550423.00000016,50126,39,-20.7562322409193
bogota_2018,B_common,municipio,avg_pm10,-0.404358328657001,-1.52209896622424,26.1614785603898,26.5658368890468,126498,1170,4,1.85956847298169,6.31168187258793,31.3218973818249,29.4623289088432,1076650,11676,20,2.26392680163869
bogota_2018,B_common,municipio,avg_pm25,-0.527643631041501,-4.31000440204713,11.7146554902978,12.2422991213393,126498,1170,4,0.54199110282241,3.93317848804446,14.321968402858,13.7799773000355,1076650,11676,20,1.06963473386391
bogota_2018,B_common,municipio,hrs_d_pm10_it1,0,,0,0,126498,1170,4,0.0929507203377208,97.4039534884152,0.188378797955511,0.0954280776177899,1076650,11676,20,0.0929507203377208
bogota_2018,B_common,municipio,hrs_d_pm10_it2,-0.730925985838711,-5.41455781082998,12.7683478491685,13.4992738350072,126498,1170,4,16.9314638458266,73.3799604716836,40.00515281621,23.0736889703834,1076650,11676,20,17.6623898316653
bogota_2018,B_common,municipio,hrs_d_pm25_it1,-0.0926599004770243,-23.3923281399063,0.30345244850696,0.396112348983984,126498,1170,4,0.00687853972981078,4.08283305919179,0.175353214792141,0.16847467506233,1076650,11676,20,0.0995384402068351
bogota_2018,B_common,municipio,hrs_d_pm25_it2,-1.92512072317734,-9.18377649804921,19.037069761165,20.9621904843424,126498,1170,4,6.2391636625351,40.6303633571676,21.5950776810457,15.3559140185106,1076650,11676,20,8.16428438571244
bogota_2018,B_common,seccion,avg_pm10,5.89459813246407,20.5107695018963,34.6336375523117,28.7390394198476,4154476.00000005,36584,2719,3.01548126311483,10.03739787245,33.057941484718,30.0424602216032,5550678.00000016,50138,3643,-2.87911686934924
bogota_2018,B_common,seccion,avg_pm25,2.03580884110621,14.2449120367503,16.3272894473328,14.2914806062266,4150804.00000005,36494,2712,0.901970605613325,6.13853309183812,15.595556061927,14.6935854563137,5550678.00000016,50138,3643,-1.13383823549288
bogota_2018,B_common,seccion,hrs_d_pm10_it1,20.8091533891053,262.563458606885,28.7345339807212,7.92538059161584,4154476.00000005,36584,2719,0.405762329431141,137.032127653482,0.701869772539087,0.296107443107946,5550678.00000016,50138,3643,-20.4033910596742
bogota_2018,B_common,seccion,hrs_d_pm10_it2,85.7364292330413,138.663027067432,147.567207809185,61.8307785761433,4154476.00000005,36584,2719,18.0580983105253,170.928103970244,28.6228316054484,10.5647332949231,5550678.00000016,50138,3643,-67.678330922516
bogota_2018,B_common,seccion,hrs_d_pm25_it1,10.474630754329,258.678729894747,14.5239125636958,4.04928180936678,4150804.00000005,36494,2712,0.115929998480301,87.6851208659055,0.248141709356071,0.13221171087577,5550678.00000016,50138,3643,-10.3587007558487
bogota_2018,B_common,seccion,hrs_d_pm25_it2,69.2425268921927,105.408007943752,134.932533033986,65.6900061417931,4150804.00000005,36494,2712,11.8507968240128,135.770316294746,20.579359257561,8.72856243354821,5550678.00000016,50138,3643,-57.3917300681799
bogota_2018,B_common,sector,avg_pm10,5.61273338428626,19.6433733501163,34.1858979026556,28.5731645183694,3973908.00000005,34748,674,3.00769190604153,10.0056819457181,33.0675311289809,30.0598392229393,5550678.00000016,50138,1066,-2.60504147824473
bogota_2018,B_common,sector,avg_pm25,1.98233836007267,13.9364599246139,16.2064553223119,14.2241169622392,3971949.00000005,34689,669,0.895380177133445,6.09278602751915,15.5911231933711,14.6957430162376,5550678.00000016,50138,1066,-1.08695818293923
bogota_2018,B_common,sector,hrs_d_pm10_it1,18.4588334387015,273.764627737313,25.2014260049016,6.74259256620012,3973908.00000005,34748,674,0.543299175527331,107.779445143279,1.04738339567254,0.50408422014521,5550678.00000016,50138,1066,-17.9155342631742
bogota_2018,B_common,sector,hrs_d_pm10_it2,80.3452138874919,131.438326035649,141.472904958132,61.1276910706399,3973908.00000005,34748,674,18.2398125911727,163.206135254316,29.4157482033667,11.1759356121941,5550678.00000016,50138,1066,-62.1054012963192
bogota_2018,B_common,sector,hrs_d_pm25_it1,9.76808030697849,275.945552832344,13.3079381545566,3.5398578475781,3971949.00000005,34689,669,0.145700413176494,92.1062927859455,0.303887664850059,0.158187251673565,5550678.00000016,50138,1066,-9.622379893802
bogota_2018,B_common,sector,hrs_d_pm25_it2,65.3461325953205,102.978641177207,128.80213847024,63.4560058749195,3971949.00000005,34689,669,12.3183610972202,140.380083259605,21.0933673596397,8.77500626241959,5550678.00000016,50138,1066,-53.0277714981003
bogota_2018,B_native,fine,avg_pm10,5.98216001315997,20.8372910068955,34.691074291798,28.708914278638,4255038.00000007,37375,37375,2.98709663055186,9.93215845792339,33.0620963721126,30.0749997415607,5550899.00000016,50149,50149,-2.99506338260811
bogota_2018,B_native,fine,avg_pm25,2.0711607418475,14.496384319861,16.3585906012357,14.2874298593882,4251366.00000007,37285,37285,0.887798129963107,6.03575118155484,15.5967896582455,14.7089915282824,5550899.00000016,50149,50149,-1.18336261188439
bogota_2018,B_native,fine,hrs_d_pm10_it1,21.1179047141352,259.377805864676,29.2596594196835,8.14175470554831,4255038.00000007,37375,37375,0.386376902960734,180.527356392485,0.600403691300065,0.214026788339331,5550899.00000016,50149,50149,-20.7315278111745
bogota_2018,B_native,fine,hrs_d_pm10_it2,86.1034186602067,138.930985763809,148.079095422904,61.975676762697,4255038.00000007,37375,37375,18.0557890062313,174.843483500463,28.382618834112,10.3268298278806,5550899.00000016,50149,50149,-68.0476296539754
bogota_2018,B_native,fine,hrs_d_pm25_it1,10.7627218472537,265.631482965514,14.8144711832505,4.05174933599682,4251366.00000007,37285,37285,0.124446781661651,103.80234566997,0.244334998886835,0.119888217225184,5550899.00000016,50149,50149,-10.638275065592
bogota_2018,B_native,fine,hrs_d_pm25_it2,70.5960085417605,107.318829359704,136.377576383077,65.7815678413166,4251366.00000007,37285,37285,11.8999354415712,137.382051553566,20.5618642066482,8.66192876507698,5550899.00000016,50149,50149,-58.6960731001893
bogota_2018,B_native,localidad,avg_pm10,2.71094534800896,9.06046037524892,32.6315590445781,29.9206136965692,3401841.00000001,25998,17,2.6219193477822,8.68995861042907,32.7937471472329,30.1718277994507,5550423.00000016,50126,39,-0.08902600022676
bogota_2018,B_native,localidad,avg_pm25,1.15099109542332,8.09587132321503,15.3680043046481,14.2170132092247,3401841.00000001,25998,17,0.76099978173839,5.2052564783883,15.3808323471074,14.619832565369,5550423.00000016,50126,39,-0.38999131368493
bogota_2018,B_native,localidad,hrs_d_pm10_it1,1.58254366965574,55.7701316506714,4.42016234261917,2.83761867296343,3401841.00000001,25998,17,0.0338684274610419,287.463172879511,0.0456502592420603,0.0117818317810184,5550423.00000016,50126,39,-1.5486752421947
bogota_2018,B_native,localidad,hrs_d_pm10_it2,30.9903880606261,69.2782033966148,75.7236324884694,44.7332444278433,3401841.00000001,25998,17,16.01160195886,194.972543020567,24.2238362103109,8.21223425145096,5550423.00000016,50126,39,-14.9787861017661
bogota_2018,B_native,localidad,hrs_d_pm25_it1,0.624910558493208,54.431193110561,1.77298489378085,1.14807433528765,3401841.00000001,25998,17,0.161894194515845,340.709781123324,0.209410938526562,0.0475167440107172,5550423.00000016,50126,39,-0.463016363977363
bogota_2018,B_native,localidad,hrs_d_pm25_it2,25.2744950214485,56.8255320846364,69.7518524596585,44.4773574382101,3401841.00000001,25998,17,10.0873984825141,152.112843034613,16.7189216867834,6.63152320426931,5550423.00000016,50126,39,-15.1870965389344
bogota_2018,B_native,municipio,avg_pm10,-1.39371484877541,-5.23701020808927,25.219081258107,26.6127961068824,224520,2309,4,1.84509203330893,6.26656144745703,31.2885443760234,29.4434523427144,1082682,11720,20,3.23880688208434
bogota_2018,B_native,municipio,avg_pm25,-0.969620469670192,-7.82743765143318,11.4178364843007,12.3874569539708,224520,2309,4,0.527504125721858,3.830426899661,14.2989228093297,13.7714186836079,1082682,11720,20,1.49712459539205
bogota_2018,B_native,municipio,hrs_d_pm10_it1,0,,0,0,224520,2309,4,0.128080440646809,133.966910147805,0.223686467915408,0.0956060272685984,1082682,11720,20,0.128080440646809
bogota_2018,B_native,municipio,hrs_d_pm10_it2,-1.43533974606036,-12.8973020503404,9.69365250718746,11.1289922532478,224520,2309,4,17.6134950225837,76.4542140615867,40.6514599520189,23.0379649294352,1082682,11720,20,19.0488347686441
bogota_2018,B_native,municipio,hrs_d_pm25_it1,-0.026063415180228,-4.21019125997958,0.592991957148735,0.619055372328963,224520,2309,4,0.00957175301667268,5.68016229387058,0.178083716609711,0.168511963593038,1082682,11720,20,0.0356351681969007
bogota_2018,B_native,municipio,hrs_d_pm25_it2,-4.60831960050729,-24.6209506976831,14.1087464343999,18.7170660349072,224520,2309,4,6.36500601589484,41.4918662268207,21.7053765383961,15.3403705225012,1082682,11720,20,10.9733256164021
bogota_2018,B_native,seccion,avg_pm10,5.90182667874426,20.5667847885791,34.5977397220975,28.6959130433533,4234229.00000006,37317,2721,3.01496642388496,10.0356975862239,33.0573864747206,30.0424200508357,5550899.00000016,50149,3643,-2.8868602548593
bogota_2018,B_native,seccion,avg_pm25,2.03336457740096,14.2477303118495,16.3048627942774,14.2714982168764,4228451.00000006,37222,2713,0.901792059743929,6.13732252184076,15.5953666036064,14.6935745438624,5550899.00000016,50149,3643,-1.13157251765703
bogota_2018,B_native,seccion,hrs_d_pm10_it1,20.9516074243189,262.766861030212,28.9250662319385,7.97345880761956,4234229.00000006,37317,2721,0.405713354569214,137.01787973741,0.701815845241781,0.296102490672567,5550899.00000016,50149,3643,-20.5458940697497
bogota_2018,B_native,seccion,hrs_d_pm10_it2,85.7513777447366,139.186479251726,147.36036319055,61.6089854458136,4234229.00000006,37317,2721,18.0560758071364,170.911818579209,28.6206324055254,10.564556598389,5550899.00000016,50149,3643,-67.6953019376002
bogota_2018,B_native,seccion,hrs_d_pm25_it1,10.5631906715502,261.332515689815,14.6052405648318,4.04204989328157,4228451.00000006,37222,2713,0.115913144076474,87.6738391806906,0.248122643694237,0.132209499617764,5550899.00000016,50149,3643,-10.4472775274737
bogota_2018,B_native,seccion,hrs_d_pm25_it2,69.2151389290078,106.065137484159,134.472338957948,65.25720002894,4228451.00000006,37222,2713,11.8493612811707,135.755897833321,20.5777933200638,8.72843203889315,5550899.00000016,50149,3643,-57.3657776478371
bogota_2018,B_native,sector,avg_pm10,5.537176647296,19.44346567351,34.0155186274498,28.4783419801538,4100522.00000005,35877,675,3.007177536251,10.0039820953002,33.0669827978353,30.0598052615843,5550899.00000016,50149,1066,-2.529999111045
bogota_2018,B_native,sector,avg_pm25,1.95053364437099,13.7493696339322,16.1368832465902,14.1863496022192,4096457.00000005,35813,669,0.895201683941711,6.09157476910966,15.5909366600808,14.6957349761391,5550899.00000016,50149,1066,-1.05533196042928
bogota_2018,B_native,sector,hrs_d_pm10_it1,17.9531110935714,272.588558558898,24.5392683367384,6.586157243167,4100522.00000005,35877,675,0.543227131991371,107.766955595448,1.04730292126264,0.504075789271269,5550899.00000016,50149,1066,-17.40988396158
bogota_2018,B_native,sector,hrs_d_pm10_it2,78.7105794166838,130.708448306382,138.92901245338,60.2184330366965,4100522.00000005,35877,675,18.2377393874541,163.190314028046,29.413488080676,11.1757486932219,5550899.00000016,50149,1066,-60.4728400292297
bogota_2018,B_native,sector,hrs_d_pm25_it1,9.53731347435442,275.274817742241,13.0019651096104,3.46465163525596,4096457.00000005,35813,669,0.1456797100453,92.0947453456742,0.30386431601657,0.15818460597127,5550899.00000016,50149,1066,-9.39163376430912
bogota_2018,B_native,sector,hrs_d_pm25_it2,64.1607973238635,102.675788572698,126.649528324391,62.4887310005274,4096457.00000005,35813,669,12.3168868379792,140.365380820435,21.0917619289647,8.77487509098547,5550899.00000016,50149,1066,-51.8439104858843
bogota_2018,C,fine,avg_pm10,12.1101189209291,47.3338722377172,37.6945859176508,25.5844669967217,4255038.00000006,37375,37375,5.79672136493123,20.3498346782296,34.2820700500122,28.485348685081,5550678.00000007,50138,50138,-6.31339755599787
bogota_2018,C,fine,avg_pm25,4.01533353014012,30.8868197293609,17.0154855863363,13.0001520561962,4251366.00000006,37285,37285,1.69242333769712,11.9318681981843,15.8764832819283,14.1840599442312,5550678.00000007,50138,50138,-2.322910192443
bogota_2018,C,fine,hrs_d_pm10_it1,43.7380987295328,3643.16311538186,44.9386515827626,1.20055285322981,4255038.00000006,37375,37375,0.577774160828982,14923.4586248866,0.581645744322807,0.00387158349382545,5550678.00000007,50138,50138,-43.1603245687038
bogota_2018,C,fine,hrs_d_pm10_it2,184.699407515422,756.698468659773,209.107994973324,24.4085874579015,4255038.00000006,37375,37375,35.2800052229618,1515.26417341122,37.6083124476709,2.32830722470908,5550678.00000007,50138,50138,-149.41940229246
bogota_2018,C,fine,hrs_d_pm25_it1,24.2799117230537,2871.28548075076,25.1255229270189,0.845611203965171,4251366.00000006,37285,37285,0.206305141951958,360.581296287087,0.263519740733504,0.0572145987815469,5550678.00000007,50138,50138,-24.0736065811017
bogota_2018,C,fine,hrs_d_pm25_it2,150.558601933373,473.773393594954,182.337212545284,31.7786106119102,4251366.00000006,37285,37285,24.23982543244,771.796713184172,27.3805262178106,3.14070078537062,5550678.00000007,50138,50138,-126.318776500933
bogota_2018,C,localidad,avg_pm10,14.8095802495952,55.0497962543399,41.7117329499835,26.9021527003883,4255038.00000004,37375,36,6.62222194021538,23.1061787574536,35.282183458427,28.6599615182116,5550678.00000006,50138,40,-8.18735830937982
bogota_2018,C,localidad,avg_pm25,5.29272758080353,39.5220509393148,18.6845618986389,13.3918343178354,4251366.00000004,37285,35,1.89538051329317,13.311530365873,16.1340177037426,14.2386371904495,5550678.00000006,50138,40,-3.39734706751036
bogota_2018,C,localidad,hrs_d_pm10_it1,25.0115317352494,1587.79758051762,26.5867660120956,1.57523427684628,4255038.00000004,37375,36,0.409981835444343,1093.30317381762,0.447481208469371,0.0374993730250284,5550678.00000006,50138,40,-24.6015498998051
bogota_2018,C,localidad,hrs_d_pm10_it2,217.199878849302,774.479906499932,245.244490081488,28.0446112321858,4255038.00000004,37375,36,36.5913894751582,1151.01548058736,39.7704422413717,3.17905276621352,5550678.00000006,50138,40,-180.608489374144
bogota_2018,C,localidad,hrs_d_pm25_it1,24.6046216352005,5435.22447382264,25.0573098682937,0.452688233093266,4251366.00000004,37285,35,0.197243999799999,6074.46012591252,0.200491103175632,0.0032471033756332,5550678.00000006,50138,40,-24.4073776354005
bogota_2018,C,localidad,hrs_d_pm25_it2,174.181150932285,612.200035262593,202.632823735207,28.4516728029218,4251366.00000004,37285,35,25.540341246709,1014.79734917046,28.0571335173615,2.51679227065253,5550678.00000006,50138,40,-148.640809685576
bogota_2018,C,municipio,avg_pm10,8.59824297354887,27.1010194660625,40.3248833101461,31.7266403365972,4255037.99999995,37375,17,0.71386028088854,2.22195522801274,32.8414329650148,32.1275726841263,5550677.99999993,50138,21,-7.88438269266033
bogota_2018,C,municipio,avg_pm25,0.962210987853531,6.16090387380295,16.5802275575486,15.6180165696951,4251365.99999995,37285,16,-0.57551254124591,-3.71597772560975,14.9120006717531,15.487513212999,5550677.99999993,50138,21,-1.53772352909944
bogota_2018,C,municipio,hrs_d_pm10_it1,132.571453803802,2311.76130102627,138.306105289877,5.73465148607467,4255037.99999995,37375,17,2.70040897953581,6128.10475242997,2.74447495243656,0.0440659729007572,5550677.99999993,50138,21,-129.871044824266
bogota_2018,C,municipio,hrs_d_pm10_it2,249.898618176712,287.316286743224,336.8754551007,86.9768369239879,4255037.99999995,37375,17,47.6388622830911,332.260447649205,61.976669452179,14.3378071690878,5550677.99999993,50138,21,-202.259755893621
bogota_2018,C,municipio,hrs_d_pm25_it1,33.1566329743126,518.209571580344,39.5549387549638,6.39830578065114,4251365.99999995,37285,16,0.872507395077542,2098.24751190213,0.914090067766456,0.0415826726889138,5550677.99999993,50138,21,-32.2841255792351
bogota_2018,C,municipio,hrs_d_pm25_it2,101.575105876891,103.036519980304,200.156760125606,98.5816542487152,4251365.99999995,37285,16,19.1775759576422,147.257962748971,32.2006923987775,13.0231164411353,5550677.99999993,50138,21,-82.3975299192488
bogota_2018,C,seccion,avg_pm10,12.4937641713499,48.3441471979083,38.3371493492984,25.8433851779485,4255038.00000006,37375,2840,5.95129550374654,20.793818010904,34.5717994469174,28.6205039431708,5550678.00000008,50138,3643,-6.54246866760336
bogota_2018,C,seccion,avg_pm25,4.11771884418847,31.3572193877827,17.2493642023633,13.1316453581748,4251366.00000006,37285,2833,1.72784209432732,12.1226283690546,15.9808740419038,14.2530319475765,5550678.00000008,50138,3643,-2.38987674986115
bogota_2018,C,seccion,hrs_d_pm10_it1,43.6641187004526,4262.60702843792,44.6884711309992,1.02435243054657,4255038.00000006,37375,2840,0.577072290934537,27176.5394119264,0.579195711735793,0.00212342080125658,5550678.00000008,50138,3643,-43.0870464095181
bogota_2018,C,seccion,hrs_d_pm10_it2,191.386926731865,773.112988771495,216.142289726864,24.7553629949985,4255038.00000006,37375,2840,36.2098514606726,1449.70850881806,38.7075847112137,2.49773325054113,5550678.00000008,50138,3643,-155.177075271192
bogota_2018,C,seccion,hrs_d_pm25_it1,25.1616290971271,2667.23895373152,26.1049877362894,0.943358639162252,4251366.00000006,37285,2833,0.20204156831763,432.088617942169,0.248800857946655,0.0467592896290249,5550678.00000008,50138,3643,-24.9595875288095
bogota_2018,C,seccion,hrs_d_pm25_it2,154.648508097903,460.118351587258,188.259101451638,33.6105933537351,4251366.00000006,37285,2833,24.9808665370451,755.470564414833,28.2875296571886,3.30666312014348,5550678.00000008,50138,3643,-129.667641560858
bogota_2018,C,sector,avg_pm10,13.0334627743667,50.423329584601,38.8815431802807,25.848080405914,4255038.00000006,37375,749,6.18997829086218,21.5668033300162,34.8913959100747,28.7014176192125,5550678.00000007,50138,1066,-6.84348448350452
bogota_2018,C,sector,avg_pm25,4.10508186375579,31.0447327653625,17.3282005640589,13.2231187003032,4251366.00000006,37285,743,1.79032448547344,12.5065596390227,16.1054082267073,14.3150837412338,5550678.00000007,50138,1066,-2.31475737828235
bogota_2018,C,sector,hrs_d_pm10_it1,45.1505077999503,3606.76999862592,46.4023344431005,1.25182664315028,4255038.00000006,37375,749,0.421409755890399,8565.20329145561,0.42632977636803,0.00492002047763168,5550678.00000007,50138,1066,-44.7290980440599
bogota_2018,C,sector,hrs_d_pm10_it2,189.288033646301,675.786631592452,217.2980629658,28.0100293194991,4255038.00000006,37375,749,34.5589485412751,1225.08151057722,37.3798994937543,2.82095095247924,5550678.00000007,50138,1066,-154.729085105026
bogota_2018,C,sector,hrs_d_pm25_it1,27.6513366395289,3407.81463379597,28.4627462850332,0.811409645504339,4251366.00000006,37285,743,0.288942574520307,3594.14089930357,0.296981841277387,0.00803926675707944,5550678.00000007,50138,1066,-27.3623940650086
bogota_2018,C,sector,hrs_d_pm25_it2,159.655418585077,442.697675716512,195.719628392972,36.0642098078948,4251366.00000006,37285,743,25.8833211118984,805.969820942186,29.0947715210019,3.21145040910348,5550678.00000007,50138,1066,-133.772097473179
bogota_2018,baseline_common,fine,avg_pm10,5.98216001315997,20.8372910068955,34.691074291798,28.708914278638,4255038.00000007,37375,37375,2.98761136268865,9.93385710822101,33.0626499921067,30.075038629418,5550678.00000016,50138,50138,-2.99454865047132
bogota_2018,baseline_common,fine,avg_pm25,2.0711607418475,14.4963843198611,16.3585906012357,14.2874298593882,4251366.00000007,37285,37285,0.887976416264555,6.03695898847187,15.5969783816618,14.7090019653973,5550678.00000016,50138,50138,-1.18318432558295
bogota_2018,baseline_common,fine,hrs_d_pm10_it1,21.1179047141352,259.377805864676,29.2596594196835,8.14175470554831,4255038.00000007,37375,37375,0.386419458096034,180.54421980479,0.600449826121021,0.214030368024987,5550678.00000016,50138,50138,-20.7314852560392
bogota_2018,baseline_common,fine,hrs_d_pm10_it2,86.1034186602067,138.930985763809,148.079095422904,61.975676762697,4255038.00000007,37375,37375,18.0577971968137,174.860005236672,28.3847997451509,10.3270025483372,5550678.00000016,50138,50138,-68.045621463393
bogota_2018,baseline_common,fine,hrs_d_pm25_it1,10.7627218472537,265.631482965514,14.8144711832505,4.05174933599682,4251366.00000007,37285,37285,0.124463551102597,103.814596892197,0.244353773507296,0.119890222404699,5550678.00000016,50138,50138,-10.6382582961511
bogota_2018,baseline_common,fine,hrs_d_pm25_it2,70.5960085417605,107.318829359704,136.377576383077,65.7815678413166,4251366.00000007,37285,37285,11.90137087272,137.396572587513,20.5634289201576,8.66205804743756,5550678.00000016,50138,50138,-58.6946376690405
bogota_2018,baseline_common,localidad,avg_pm10,4.45100116909875,15.7588052183861,32.6955356208965,28.2445344517977,2951799.00000001,22261,22261,2.98923599745981,9.93912734623086,33.0646731392668,30.0754371418069,5550423.00000016,50126,50126,-1.46176517163894
bogota_2018,baseline_common,localidad,avg_pm25,2.04187757874019,14.3816113221895,16.239713502659,14.1978359239188,2951799.00000001,22261,22261,0.888717711069432,6.04191833011607,15.5979153948515,14.709197683782,5550423.00000016,50126,50126,-1.15315986767076
bogota_2018,baseline_common,localidad,hrs_d_pm10_it1,0.963333956247228,53.2247946692833,2.77326852195666,1.80993456570943,2951799.00000001,22261,22261,0.386473310129222,180.565319828501,0.600508491689164,0.214035181559942,5550423.00000016,50126,50126,-0.576860646118006
bogota_2018,baseline_common,localidad,hrs_d_pm10_it2,30.9017261114561,69.3771871718684,75.4433504856227,44.5416243741666,2951799.00000001,22261,22261,18.0602630017006,174.880330292369,28.3874753139756,10.3272123122749,5550423.00000016,50126,50126,-12.8414631097555
bogota_2018,baseline_common,localidad,hrs_d_pm25_it1,2.77731220047759,149.582939127544,4.63401605766647,1.85670385718887,2951799.00000001,22261,22261,0.124484728798974,103.829926000849,0.244377647530282,0.119892918731307,5550423.00000016,50126,50126,-2.65282747167862
bogota_2018,baseline_common,localidad,hrs_d_pm25_it2,46.1090046933176,81.9161093905873,102.397084091063,56.2880793977452,2951799.00000001,22261,22261,11.9031099531132,137.413915920377,20.5653403199491,8.66223036683586,5550423.00000016,50126,50126,-34.2058947402044
bogota_2018,baseline_common,municipio,avg_pm10,-0.00452643876167969,-0.0154710177100448,29.2530107608788,29.2575371996405,126498,1170,1170,2.26995710590035,7.79338785317683,31.3966623163314,29.1267052104311,1076650,11676,11676,2.27448354466203
bogota_2018,baseline_common,municipio,avg_pm25,-0.173072334249092,-1.32807779315226,12.8587195638969,13.0317918981459,126498,1170,1170,0.735165473521796,5.40514203213234,14.3363894404667,13.6012239669449,1076650,11676,11676,0.908237807770888
bogota_2018,baseline_common,municipio,hrs_d_pm10_it1,0.405610146711668,192.018467844997,0.616845113464495,0.211234966752827,126498,1170,1170,0.762709153421635,50.6517751342201,2.26849873611753,1.50578958269589,1076650,11676,11676,0.357099006709967
bogota_2018,baseline_common,municipio,hrs_d_pm10_it2,5.33658293944548,22.6808879060318,28.8655689366218,23.5289859971763,126498,1170,1170,22.0321157918038,67.4165963699762,54.712667730222,32.6805519384182,1076650,11676,11676,16.6955328523583
bogota_2018,baseline_common,municipio,hrs_d_pm25_it1,0.163260767698934,8.22906046390475,2.14721468825945,1.98395392056052,126498,1170,1170,-0.0951549973526989,-10.8151609820668,0.784674692750674,0.879829690103373,1076650,11676,11676,-0.258415765051633
bogota_2018,baseline_common,municipio,hrs_d_pm25_it2,5.99344146294198,21.6129604692107,33.7242165757734,27.7307751128314,126498,1170,1170,7.22678234288371,33.7809747665762,28.6198368441827,21.393054501299,1076650,11676,11676,1.23334087994173
bogota_2018,baseline_common,seccion,avg_pm10,5.9518702478444,20.7131616305566,34.6865962834103,28.7347260355659,4154476.00000005,36584,36584,2.98761136268865,9.93385710822101,33.0626499921067,30.075038629418,5550678.00000016,50138,50138,-2.96425888515575
bogota_2018,baseline_common,seccion,avg_pm25,2.06301399327281,14.4391927963115,16.3506131851044,14.2875991918316,4150804.00000005,36494,36494,0.887976416264555,6.03695898847187,15.5969783816618,14.7090019653973,5550678.00000016,50138,50138,-1.17503757700826
bogota_2018,baseline_common,seccion,hrs_d_pm10_it1,20.9349227461155,259.403563057418,29.005329528262,8.07040678214648,4154476.00000005,36584,36584,0.386419458096034,180.54421980479,0.600449826121021,0.214030368024987,5550678.00000016,50138,50138,-20.5485032880195
bogota_2018,baseline_common,seccion,hrs_d_pm10_it2,86.142495961339,138.067055831104,148.534277579915,62.3917816185756,4154476.00000005,36584,36584,18.0577971968137,174.860005236672,28.3847997451509,10.3270025483372,5550678.00000016,50138,50138,-68.0846987645253
bogota_2018,baseline_common,seccion,hrs_d_pm25_it1,10.7341457605316,266.390178337137,14.7636283141063,4.02948255357473,4150804.00000005,36494,36494,0.124463551102597,103.814596892197,0.244353773507296,0.119890222404699,5550678.00000016,50138,50138,-10.609682209429
bogota_2018,baseline_common,seccion,hrs_d_pm25_it2,70.1386239808825,106.277050000635,136.134644740269,65.9960207593866,4150804.00000005,36494,36494,11.90137087272,137.396572587513,20.5634289201576,8.66205804743756,5550678.00000016,50138,50138,-58.2372531081625
bogota_2018,baseline_common,sector,avg_pm10,5.79752530272401,20.2461697054779,34.4326962365891,28.6351709338651,3973908.00000005,34748,34748,2.98761136268865,9.93385710822101,33.0626499921067,30.075038629418,5550678.00000016,50138,50138,-2.80991394003536
bogota_2018,baseline_common,sector,avg_pm25,2.0224320298248,14.1922693219885,16.2726691408934,14.2502371110686,3971949.00000005,34689,34689,0.887976416264555,6.03695898847187,15.5969783816618,14.7090019653973,5550678.00000016,50138,50138,-1.13445561356025
bogota_2018,baseline_common,sector,hrs_d_pm10_it1,19.1169644538228,260.073908719287,26.4675535797997,7.35058912597685,3973908.00000005,34748,34748,0.386419458096034,180.54421980479,0.600449826121021,0.214030368024987,5550678.00000016,50138,50138,-18.7305449957268
bogota_2018,baseline_common,sector,hrs_d_pm10_it2,83.1071763989934,135.351299579404,144.508268710071,61.4010923110777,3973908.00000005,34748,34748,18.0577971968137,174.860005236672,28.3847997451509,10.3270025483372,5550678.00000016,50138,50138,-65.0493792021797
bogota_2018,baseline_common,sector,hrs_d_pm25_it1,9.96615964414869,264.063368073937,13.7403142028977,3.77415455874903,3971949.00000005,34689,34689,0.124463551102597,103.814596892197,0.244353773507296,0.119890222404699,5550678.00000016,50138,50138,-9.84169609304609
bogota_2018,baseline_common,sector,hrs_d_pm25_it2,67.4505063381865,103.835272081613,132.409652672557,64.9591463343703,3971949.00000005,34689,34689,11.90137087272,137.396572587513,20.5634289201576,8.66205804743756,5550678.00000016,50138,50138,-55.5491354654665
santiago_2017,A,comuna,avg_pm10,2.13623755737736,3.22431333660855,68.390268551286,66.2540309939087,1429271,606,26,1.71760747336771,2.62465017610145,67.1589942534899,65.4413867801222,3930887,1654,38,-0.41863008400965
santiago_2017,A,comuna,avg_pm25,1.47098716337531,6.39258555928608,24.4818197870936,23.0108326237183,1429271,606,26,0.568021344171314,2.45079524344312,23.7450429942256,23.1770216500543,3930887,1654,38,-0.902965819203996
santiago_2017,A,comuna,hrs_d_pm10_it1,93.6388863270298,22.6245118190783,507.521347419817,413.882461092787,1429271,606,26,72.1892737412509,22.9545454527919,386.677198974685,314.487925233434,3930887,1654,38,-21.4496125857789
santiago_2017,A,comuna,hrs_d_pm10_it2,138.488045752612,9.63231956219524,1576.23151821949,1437.74347246688,1429271,606,26,143.963852309652,10.6134247760551,1500.39549758261,1356.43164527296,3930887,1654,38,5.47580655703999
santiago_2017,A,comuna,hrs_d_pm25_it1,94.6262636696909,54.713266228387,267.5756600276,172.949396357909,1429271,606,26,45.7114358970811,39.6386069482504,161.031926238124,115.320490341043,3930887,1654,38,-48.9148277726098
santiago_2017,A,comuna,hrs_d_pm25_it2,161.635187913329,20.8425293627943,937.141773989499,775.50658607617,1429271,606,26,106.80523974626,14.4491924195184,845.983158105109,739.177918358848,3930887,1654,38,-54.829948167069
santiago_2017,A,distrito,avg_pm10,2.13929281478154,3.22952233281151,68.3810646411167,66.2417718263352,1429271,606,162,1.73604256305477,2.65357839330691,67.1587399830207,65.4226974199659,3930887,1654,347,-0.40325025172677
santiago_2017,A,distrito,avg_pm25,1.44710730475055,6.28548121791273,24.4701226408955,23.0230153361449,1429271,606,162,0.561290918280086,2.42151288784538,23.7406397087594,23.1793487904793,3930887,1654,347,-0.885816386470464
santiago_2017,A,distrito,hrs_d_pm10_it1,93.3026414045416,22.5423050084122,507.20282317266,413.900181768118,1429271,606,162,73.6253792699661,23.4960957351701,386.976925415397,313.35154614543,3930887,1654,347,-19.6772621345755
santiago_2017,A,distrito,hrs_d_pm10_it2,138.21302918943,9.61604651487442,1575.52959141318,1437.31656222375,1429271,606,162,146.781821466881,10.8383648174865,1501.06195448164,1354.28013301476,3930887,1654,347,8.56879227745102
santiago_2017,A,distrito,hrs_d_pm25_it1,94.7006797903009,54.7762240310049,267.58714917654,172.886469386239,1429271,606,162,47.0515641127283,41.0842448862407,161.576156795424,114.524592682695,3930887,1654,347,-47.6491156775726
santiago_2017,A,distrito,hrs_d_pm25_it2,159.877095281828,20.5899248624159,936.359264838756,776.482169556928,1429271,606,162,107.250827181081,14.5215146243126,845.815845746818,738.565018565737,3930887,1654,347,-52.626268100747
santiago_2017,A,fine,avg_pm10,2.13118428299552,3.21705308272537,68.3776598055583,66.2464755225627,1429271,606,606,1.75119049833839,2.67722831795236,67.1617677955993,65.4105772972609,3930887,1654,1654,-0.37999378465713
santiago_2017,A,fine,avg_pm25,1.44731375384266,6.2863910261235,24.4702811102839,23.0229673564412,1429271,606,606,0.571958602920962,2.46825844121592,23.7445159563236,23.1725573534026,3930887,1654,1654,-0.875355150921698
santiago_2017,A,fine,hrs_d_pm10_it1,93.1084905350727,22.4893757041463,507.119496264799,414.011005729726,1429271,606,606,73.8867341125633,23.5930255315988,387.058667121345,313.171933008782,3930887,1654,1654,-19.2217564225094
santiago_2017,A,fine,hrs_d_pm10_it2,137.274175552289,9.54713359234454,1575.13166675115,1437.85749119887,1429271,606,606,147.274459402565,10.8780344870413,1501.14458711735,1353.87012771478,3930887,1654,1654,10.000283850276
santiago_2017,A,fine,hrs_d_pm25_it1,94.6935923342322,54.7664574881834,267.597951457083,172.904359122851,1429271,606,606,47.3171569673278,41.3551062562495,161.73387898984,114.416722022513,3930887,1654,1654,-47.3764353669044
santiago_2017,A,fine,hrs_d_pm25_it2,159.09330288801,20.4765706890901,936.046169183998,776.952866295989,1429271,606,606,108.096105628182,14.6457179204331,846.169214884031,738.073109255849,3930887,1654,1654,-50.997197259828
santiago_2017,A_common,comuna,avg_pm10,1.28754184784988,1.91744712872413,68.4362954464228,67.1487535985729,971812,412,12,1.71760747336771,2.62465017610145,67.1589942534899,65.4413867801222,3930887,1654,38,0.43006562551783
santiago_2017,A_common,comuna,avg_pm25,1.64518263332692,7.02700038746302,25.0574857870611,23.4123031537342,971812,412,12,0.568021344171314,2.45079524344312,23.7450429942256,23.1770216500543,3930887,1654,38,-1.07716128915561
santiago_2017,A_common,comuna,hrs_d_pm10_it1,91.0154559331584,20.3744369155933,537.729425552123,446.713969618965,971812,412,12,72.1892737412509,22.9545454527919,386.677198974685,314.487925233434,3930887,1654,38,-18.8261821919075
santiago_2017,A_common,comuna,hrs_d_pm10_it2,103.900203587152,6.86989013816051,1616.29998724618,1512.39978365903,971812,412,12,143.963852309652,10.6134247760551,1500.39549758261,1356.43164527296,3930887,1654,38,40.0636487225
santiago_2017,A_common,comuna,hrs_d_pm25_it1,115.577191735424,60.3523548116995,307.081221853267,191.504030117843,971812,412,12,45.7114358970811,39.6386069482504,161.031926238124,115.320490341043,3930887,1654,38,-69.8657558383429
santiago_2017,A_common,comuna,hrs_d_pm25_it2,183.049302104456,22.0191245104045,1014.36892163775,831.319619533292,971812,412,12,106.80523974626,14.4491924195184,845.983158105109,739.177918358848,3930887,1654,38,-76.244062358196
santiago_2017,A_common,distrito,avg_pm10,2.05730381404496,3.08079865358368,68.8355663808579,66.778262566813,1251147,537,133,1.73604256305477,2.65357839330691,67.1587399830207,65.4226974199659,3930887,1654,347,-0.32126125099019
santiago_2017,A_common,distrito,avg_pm25,1.52284436923749,6.59465365128102,24.6149497285791,23.0921053593417,1251147,537,133,0.561290918280086,2.42151288784538,23.7406397087594,23.1793487904793,3930887,1654,347,-0.961553450957404
santiago_2017,A_common,distrito,hrs_d_pm10_it1,95.6688728524209,22.4453152356906,521.899789405986,426.230916553565,1251147,537,133,73.6253792699661,23.4960957351701,386.976925415397,313.35154614543,3930887,1654,347,-22.0434935824548
santiago_2017,A_common,distrito,hrs_d_pm10_it2,133.567210323647,9.08156941903922,1604.31751966585,1470.75030934221,1251147,537,133,146.781821466881,10.8383648174865,1501.06195448164,1354.28013301476,3930887,1654,347,13.214611143234
santiago_2017,A_common,distrito,hrs_d_pm25_it1,102.889521173181,58.2180552002565,279.620813242737,176.731292069556,1251147,537,133,47.0515641127283,41.0842448862407,161.576156795424,114.524592682695,3930887,1654,347,-55.8379570604527
santiago_2017,A_common,distrito,hrs_d_pm25_it2,165.818973548031,21.0491817014507,953.588188997401,787.76921544937,1251147,537,133,107.250827181081,14.5215146243126,845.815845746818,738.565018565737,3930887,1654,347,-58.56814636695
santiago_2017,A_common,fine,avg_pm10,2.13118428299552,3.21705308272537,68.3776598055583,66.2464755225627,1429271,606,606,1.75119049833839,2.67722831795236,67.1617677955993,65.4105772972609,3930887,1654,1654,-0.37999378465713
santiago_2017,A_common,fine,avg_pm25,1.44731375384266,6.2863910261235,24.4702811102839,23.0229673564412,1429271,606,606,0.571958602920962,2.46825844121592,23.7445159563236,23.1725573534026,3930887,1654,1654,-0.875355150921698
santiago_2017,A_common,fine,hrs_d_pm10_it1,93.1084905350727,22.4893757041463,507.119496264799,414.011005729726,1429271,606,606,73.8867341125633,23.5930255315988,387.058667121345,313.171933008782,3930887,1654,1654,-19.2217564225094
santiago_2017,A_common,fine,hrs_d_pm10_it2,137.274175552289,9.54713359234454,1575.13166675115,1437.85749119887,1429271,606,606,147.274459402565,10.8780344870413,1501.14458711735,1353.87012771478,3930887,1654,1654,10.000283850276
santiago_2017,A_common,fine,hrs_d_pm25_it1,94.6935923342322,54.7664574881834,267.597951457083,172.904359122851,1429271,606,606,47.3171569673278,41.3551062562495,161.73387898984,114.416722022513,3930887,1654,1654,-47.3764353669044
santiago_2017,A_common,fine,hrs_d_pm25_it2,159.09330288801,20.4765706890901,936.046169183998,776.952866295989,1429271,606,606,108.096105628182,14.6457179204331,846.169214884031,738.073109255849,3930887,1654,1654,-50.997197259828
santiago_2017,B_common,comuna,avg_pm10,1.17173659506298,1.74690941982953,68.2465706856206,67.0748340905576,971812,412,12,2.16843981465945,3.34356972873426,67.0224727969573,64.8540329822978,3930887,1654,38,0.99670321959647
santiago_2017,B_common,comuna,avg_pm25,1.6215538118976,6.91469972647949,25.072374180683,23.4508203687854,971812,412,12,0.74034445490728,3.22016180604054,23.7312529713211,22.9909085164138,3930887,1654,38,-0.88120935699032
santiago_2017,B_common,comuna,hrs_d_pm10_it1,88.5920105611044,19.8144386347169,535.700365202462,447.108354641358,971812,412,12,86.2156627585449,29.0736882511748,382.757546312177,296.541883553633,3930887,1654,38,-2.37634780255951
santiago_2017,B_common,comuna,hrs_d_pm10_it2,103.503775878038,6.83436493898215,1617.96454585636,1514.46076997833,971812,412,12,180.716075017288,13.7849633987198,1491.68128972414,1310.96521470685,3930887,1654,38,77.21229913925
santiago_2017,B_common,comuna,hrs_d_pm25_it1,117.429635580495,60.652465641828,311.040289884236,193.610654303741,971812,412,12,49.966975104453,45.5744811831745,159.60503089191,109.638055787457,3930887,1654,38,-67.462660476042
santiago_2017,B_common,comuna,hrs_d_pm25_it2,185.427645236998,22.0762877266327,1025.36798091807,839.94033568107,971812,412,12,133.86047982779,18.9629547653846,839.765659078343,705.905179250554,3930887,1654,38,-51.567165409208
santiago_2017,B_common,distrito,avg_pm10,2.06684831682662,3.09505696697316,68.8458555816886,66.779007264862,1251147,537,133,1.77814098790081,2.71990867860117,67.1531663293877,65.3750253414869,3930887,1654,347,-0.28870732892581
santiago_2017,B_common,distrito,avg_pm25,1.53098560999271,6.62884239386605,24.6268071581018,23.0958215481091,1251147,537,133,0.570160644570823,2.46201624251234,23.7284418421394,23.1582811975686,3930887,1654,347,-0.960824965421887
santiago_2017,B_common,distrito,hrs_d_pm10_it1,95.9371397838544,22.5061365338372,522.208168752404,426.27102896855,1251147,537,133,74.2565776809281,23.7651930785086,386.715969176805,312.459391495877,3930887,1654,347,-21.6805621029263
santiago_2017,B_common,distrito,hrs_d_pm10_it2,133.895827860763,9.13154115767858,1600.19626443244,1466.30043657167,1251147,537,133,149.66246072792,11.0750486447797,1501.01057239933,1351.34811167141,3930887,1654,347,15.766632867157
santiago_2017,B_common,distrito,hrs_d_pm25_it1,102.845942251681,58.1917768423847,279.582154535154,176.736212283472,1251147,537,133,46.9144608927722,41.0482188779518,161.205560909225,114.291100016452,3930887,1654,347,-55.9314813589088
santiago_2017,B_common,distrito,hrs_d_pm25_it2,166.285575732048,21.2292464834233,949.570916838672,783.285341106624,1251147,537,133,107.693187219885,14.6250128280427,844.056214631315,736.36302741143,3930887,1654,347,-58.592388512163
santiago_2017,B_common,fine,avg_pm10,2.13118428299552,3.21705308272537,68.3776598055583,66.2464755225627,1429271,606,606,1.75119049833837,2.67722831795234,67.1617677955993,65.4105772972609,3930887,1654,1654,-0.37999378465715
santiago_2017,B_common,fine,avg_pm25,1.44731375384266,6.2863910261235,24.4702811102839,23.0229673564412,1429271,606,606,0.571958602920962,2.46825844121592,23.7445159563236,23.1725573534026,3930887,1654,1654,-0.875355150921698
santiago_2017,B_common,fine,hrs_d_pm10_it1,93.1084905350727,22.4893757041463,507.119496264799,414.011005729726,1429271,606,606,73.8867341125633,23.5930255315988,387.058667121345,313.171933008782,3930887,1654,1654,-19.2217564225094
santiago_2017,B_common,fine,hrs_d_pm10_it2,137.274175552289,9.54713359234454,1575.13166675115,1437.85749119887,1429271,606,606,147.274459402565,10.8780344870413,1501.14458711735,1353.87012771478,3930887,1654,1654,10.000283850276
santiago_2017,B_common,fine,hrs_d_pm25_it1,94.6935923342322,54.7664574881834,267.597951457083,172.904359122851,1429271,606,606,47.3171569673278,41.3551062562495,161.73387898984,114.416722022513,3930887,1654,1654,-47.3764353669044
santiago_2017,B_common,fine,hrs_d_pm25_it2,159.09330288801,20.4765706890901,936.046169183998,776.952866295989,1429271,606,606,108.096105628182,14.6457179204331,846.169214884031,738.073109255849,3930887,1654,1654,-50.997197259828
santiago_2017,B_native,comuna,avg_pm10,5.6800838997942,9.15005865330047,67.7571056437516,62.0770217439574,1449393,619,12,2.16843981465945,3.34356972873426,67.0224727969573,64.8540329822978,3930887,1654,38,-3.51164408513475
santiago_2017,B_native,comuna,avg_pm25,2.7987384875371,12.6758237552827,24.878080560834,22.0793420732969,1449393,619,12,0.74034445490728,3.22016180604054,23.7312529713211,22.9909085164138,3930887,1654,38,-2.05839403262982
santiago_2017,B_native,comuna,hrs_d_pm10_it1,190.176538807123,59.518462799219,509.701825353366,319.525286546243,1449393,619,12,86.2156627585449,29.0736882511748,382.757546312177,296.541883553633,3930887,1654,38,-103.960876048578
santiago_2017,B_native,comuna,hrs_d_pm10_it2,364.048439189854,30.1538070552752,1571.35350193869,1207.30506274884,1449393,619,12,180.716075017288,13.7849633987198,1491.68128972414,1310.96521470685,3930887,1654,38,-183.332364172566
santiago_2017,B_native,comuna,hrs_d_pm25_it1,143.760424984501,102.193317313613,284.435401356318,140.674976371817,1449393,619,12,49.966975104453,45.5744811831745,159.60503089191,109.638055787457,3930887,1654,38,-93.793449880048
santiago_2017,B_native,comuna,hrs_d_pm25_it2,313.088454162049,46.4128613355721,987.661072941943,674.572618779893,1449393,619,12,133.86047982779,18.9629547653846,839.765659078343,705.905179250554,3930887,1654,38,-179.227974334259
santiago_2017,B_native,distrito,avg_pm10,2.78121005035062,4.20692329020627,68.891520566953,66.1103105166024,1404378,601,133,1.77814098790081,2.71990867860117,67.1531663293877,65.3750253414869,3930887,1654,347,-1.00306906244981
santiago_2017,B_native,distrito,avg_pm25,1.67371035706881,7.30465949011672,24.5866244954124,22.9129141383436,1404378,601,133,0.570160644570823,2.46201624251234,23.7284418421394,23.1582811975686,3930887,1654,347,-1.10354971249799
santiago_2017,B_native,distrito,hrs_d_pm10_it1,109.286998157134,26.677504978814,518.946740490327,409.659742333193,1404378,601,133,74.2565776809281,23.7651930785086,386.715969176805,312.459391495877,3930887,1654,347,-35.0304204762059
santiago_2017,B_native,distrito,hrs_d_pm10_it2,172.228849170786,12.0857014434237,1597.29176320216,1425.06291403137,1404378,601,133,149.66246072792,11.0750486447797,1501.01057239933,1351.34811167141,3930887,1654,347,-22.566388442866
santiago_2017,B_native,distrito,hrs_d_pm25_it1,103.616060027043,60.698249840409,274.322893089736,170.706833062693,1404378,601,133,46.9144608927722,41.0482188779518,161.205560909225,114.291100016452,3930887,1654,347,-56.7015991342708
santiago_2017,B_native,distrito,hrs_d_pm25_it2,180.031390685601,23.6482445322675,941.319994750701,761.288604065101,1404378,601,133,107.693187219885,14.6250128280427,844.056214631315,736.36302741143,3930887,1654,347,-72.338203465716
santiago_2017,B_native,fine,avg_pm10,2.13118428299552,3.21705308272537,68.3776598055583,66.2464755225627,1429271,606,606,1.75119049833837,2.67722831795234,67.1617677955993,65.4105772972609,3930887,1654,1654,-0.37999378465715
santiago_2017,B_native,fine,avg_pm25,1.44731375384266,6.2863910261235,24.4702811102839,23.0229673564412,1429271,606,606,0.571958602920962,2.46825844121592,23.7445159563236,23.1725573534026,3930887,1654,1654,-0.875355150921698
santiago_2017,B_native,fine,hrs_d_pm10_it1,93.1084905350727,22.4893757041463,507.119496264799,414.011005729726,1429271,606,606,73.8867341125633,23.5930255315988,387.058667121345,313.171933008782,3930887,1654,1654,-19.2217564225094
santiago_2017,B_native,fine,hrs_d_pm10_it2,137.274175552289,9.54713359234454,1575.13166675115,1437.85749119887,1429271,606,606,147.274459402565,10.8780344870413,1501.14458711735,1353.87012771478,3930887,1654,1654,10.000283850276
santiago_2017,B_native,fine,hrs_d_pm25_it1,94.6935923342322,54.7664574881834,267.597951457083,172.904359122851,1429271,606,606,47.3171569673278,41.3551062562495,161.73387898984,114.416722022513,3930887,1654,1654,-47.3764353669044
santiago_2017,B_native,fine,hrs_d_pm25_it2,159.09330288801,20.4765706890901,936.046169183998,776.952866295989,1429271,606,606,108.096105628182,14.6457179204331,846.169214884031,738.073109255849,3930887,1654,1654,-50.997197259828
santiago_2017,C,comuna,avg_pm10,5.23696395938706,7.99430252525208,70.7456677249094,65.5087037655223,1429271,606,26,3.52787237355965,5.47406292938537,67.9749278617537,64.4470554881941,3930887,1654,38,-1.70909158582741
santiago_2017,C,comuna,avg_pm25,3.86794780405777,17.6642050020486,25.7650431084272,21.8970953043694,1429271,606,26,1.40044288941397,6.13621772295729,24.2230178475112,22.8225749580972,3930887,1654,38,-2.4675049146438
santiago_2017,C,comuna,hrs_d_pm10_it1,216.77665049868,56.7880132403544,598.50624118039,381.72959068171,1429271,606,26,151.54473357422,54.8697976195868,427.734441115847,276.189707541627,3930887,1654,38,-65.23191692446
santiago_2017,C,comuna,hrs_d_pm10_it2,312.228100147765,21.991998203261,1731.96312041285,1419.73502026509,1429271,606,26,299.643690875341,23.5021951484725,1574.60413172938,1274.96044085404,3930887,1654,38,-12.584409272424
santiago_2017,C,comuna,hrs_d_pm25_it1,215.172879682498,165.234993621286,345.395222399846,130.222342717348,1429271,606,26,102.827742651961,109.219918095596,196.975169645963,94.1474269940024,3930887,1654,38,-112.345137030537
santiago_2017,C,comuna,hrs_d_pm25_it2,386.918560118536,56.5197606954975,1071.4907440014,684.572183882863,1429271,606,26,243.065480097776,35.7228074612042,923.486469858313,680.420989760536,3930887,1654,38,-143.85308002076
santiago_2017,C,distrito,avg_pm10,4.31288722600661,6.66766677234092,68.9964920500735,64.6836048240669,1429271,606,162,3.265868465355,5.06518372225719,67.742670185385,64.47680172003,3930887,1654,347,-1.04701876065161
santiago_2017,C,distrito,avg_pm25,3.31722007867178,15.2440500335791,25.0779731027351,21.7607530240633,1429271,606,162,1.07459177320772,4.69628932012804,23.9563117856881,22.8817200124804,3930887,1654,347,-2.24262830546406
santiago_2017,C,distrito,hrs_d_pm10_it1,187.623964829284,51.7435267557588,550.227707931125,362.603743101841,1429271,606,162,138.556036963074,51.3547622308746,408.357767015236,269.801730052162,3930887,1654,347,-49.06792786621
santiago_2017,C,distrito,hrs_d_pm10_it2,273.684265649355,20.0016028766963,1641.99593215195,1368.3116665026,1429271,606,162,274.555380434583,21.5956154578456,1545.90317309421,1271.34779265963,3930887,1654,347,0.871114785228031
santiago_2017,C,distrito,hrs_d_pm25_it1,190.853182826933,152.633609040351,315.893260190548,125.040077363615,1429271,606,162,88.1215938639238,98.1460754129144,177.907755453354,89.7861615894306,3930887,1654,347,-102.731588963009
santiago_2017,C,distrito,hrs_d_pm25_it2,352.226151452968,52.9471416865357,1017.46725840122,665.241106948249,1429271,606,162,198.069522476227,29.3006869741558,874.058869247963,675.989346771736,3930887,1654,347,-154.156628976741
santiago_2017,C,fine,avg_pm10,4.47563713657111,6.97506574874542,68.6418729512818,64.1662358147107,1429271,606,606,3.1688141946174,4.92382056236591,67.5256313141831,64.3568171195657,3930887,1654,1654,-1.30682294195371
santiago_2017,C,fine,avg_pm25,2.87665198622979,13.1292296733281,24.7869396253718,21.9102876391421,1429271,606,606,0.986476168313576,4.3142286079805,23.8521204804574,22.8656443121439,3930887,1654,1654,-1.89017581791621
santiago_2017,C,fine,hrs_d_pm10_it1,176.367679079234,50.1354947254837,528.149744948801,351.782065869567,1429271,606,606,130.025488459228,48.2588773030663,399.458794258422,269.433305799194,3930887,1654,1654,-46.342190620006
santiago_2017,C,fine,hrs_d_pm10_it2,273.878609166149,20.592892250645,1603.84530754272,1329.96669837658,1429271,606,606,261.374419566586,20.6316108358753,1528.23827060479,1266.8638510382,3930887,1654,1654,-12.504189599563
santiago_2017,C,fine,hrs_d_pm25_it1,171.489317705255,138.339234666043,295.452210892598,123.962893187343,1429271,606,606,80.7372435909403,89.6220844620959,170.82357005335,90.0863264624097,3930887,1654,1654,-90.7520741143147
santiago_2017,C,fine,hrs_d_pm25_it2,304.963130116322,45.4752645356372,975.576337604834,670.613207488512,1429271,606,606,183.9362682736,27.2048310802628,860.052461500203,676.116193226602,3930887,1654,1654,-121.026861842722
santiago_2017,baseline_common,comuna,avg_pm10,1.32517312548107,1.97416960954604,68.4507695825047,67.1255964570236,971812,412,412,1.75119049833837,2.67722831795234,67.1617677955993,65.4105772972609,3930887,1654,1654,0.4260173728573
santiago_2017,baseline_common,comuna,avg_pm25,1.62475319633353,6.9347045516627,25.0540598701697,23.4293066738362,971812,412,412,0.571958602920962,2.46825844121592,23.7445159563236,23.1725573534026,3930887,1654,1654,-1.05279459341257
santiago_2017,baseline_common,comuna,hrs_d_pm10_it1,91.1560799686842,20.4001802700352,537.995660609933,446.839580641249,971812,412,412,73.8867341125633,23.5930255315988,387.058667121345,313.171933008782,3930887,1654,1654,-17.2693458561209
santiago_2017,baseline_common,comuna,hrs_d_pm10_it2,105.225539800678,6.96053487539277,1616.97056636001,1511.74502655933,971812,412,412,147.274459402565,10.8780344870413,1501.14458711735,1353.87012771478,3930887,1654,1654,42.048919601887
santiago_2017,baseline_common,comuna,hrs_d_pm25_it1,115.778660599126,60.401740719208,307.459660551348,191.680999952221,971812,412,412,47.3171569673278,41.3551062562495,161.73387898984,114.416722022513,3930887,1654,1654,-68.4615036317982
santiago_2017,baseline_common,comuna,hrs_d_pm25_it2,180.848340725099,21.7042326733693,1014.08830569744,833.239964972345,971812,412,412,108.096105628182,14.6457179204331,846.169214884031,738.073109255849,3930887,1654,1654,-72.752235096917
santiago_2017,baseline_common,distrito,avg_pm10,2.04834053321265,3.06713911173153,68.8317650403678,66.7834245071551,1251147,537,537,1.75119049833837,2.67722831795234,67.1617677955993,65.4105772972609,3930887,1654,1654,-0.29715003487428
santiago_2017,baseline_common,distrito,avg_pm25,1.52284814594184,6.59464960605096,24.6150249394524,23.0921767935106,1251147,537,537,0.571958602920962,2.46825844121592,23.7445159563236,23.1725573534026,3930887,1654,1654,-0.950889543020878
santiago_2017,baseline_common,distrito,hrs_d_pm10_it1,95.4423785532143,22.3854546227581,521.801280624308,426.358902071094,1251147,537,537,73.8867341125633,23.5930255315988,387.058667121345,313.171933008782,3930887,1654,1654,-21.555644440651
santiago_2017,baseline_common,distrito,hrs_d_pm10_it2,132.718287084793,9.02105390208869,1603.92429610847,1471.20600902368,1251147,537,537,147.274459402565,10.8780344870413,1501.14458711735,1353.87012771478,3930887,1654,1654,14.556172317772
santiago_2017,baseline_common,distrito,hrs_d_pm25_it1,102.866913546643,58.1960011214573,279.626332689473,176.75941914283,1251147,537,537,47.3171569673278,41.3551062562495,161.73387898984,114.416722022513,3930887,1654,1654,-55.5497565793152
santiago_2017,baseline_common,distrito,hrs_d_pm25_it2,165.197635780392,20.9615882706674,953.294575989647,788.096940209255,1251147,537,537,108.096105628182,14.6457179204331,846.169214884031,738.073109255849,3930887,1654,1654,-57.10153015221
santiago_2017,baseline_common,fine,avg_pm10,2.13118428299552,3.21705308272537,68.3776598055583,66.2464755225627,1429271,606,606,1.75119049833837,2.67722831795234,67.1617677955993,65.4105772972609,3930887,1654,1654,-0.37999378465715
santiago_2017,baseline_common,fine,avg_pm25,1.44731375384266,6.2863910261235,24.4702811102839,23.0229673564412,1429271,606,606,0.571958602920962,2.46825844121592,23.7445159563236,23.1725573534026,3930887,1654,1654,-0.875355150921698
santiago_2017,baseline_common,fine,hrs_d_pm10_it1,93.1084905350727,22.4893757041463,507.119496264799,414.011005729726,1429271,606,606,73.8867341125633,23.5930255315988,387.058667121345,313.171933008782,3930887,1654,1654,-19.2217564225094
santiago_2017,baseline_common,fine,hrs_d_pm10_it2,137.274175552289,9.54713359234454,1575.13166675115,1437.85749119887,1429271,606,606,147.274459402565,10.8780344870413,1501.14458711735,1353.87012771478,3930887,1654,1654,10.000283850276
santiago_2017,baseline_common,fine,hrs_d_pm25_it1,94.6935923342322,54.7664574881834,267.597951457083,172.904359122851,1429271,606,606,47.3171569673278,41.3551062562495,161.73387898984,114.416722022513,3930887,1654,1654,-47.3764353669044
santiago_2017,baseline_common,fine,hrs_d_pm25_it2,159.09330288801,20.4765706890901,936.046169183998,776.952866295989,1429271,606,606,108.096105628182,14.6457179204331,846.169214884031,738.073109255849,3930887,1654,1654,-50.997197259828
sao_paulo_2010,A,fine,avg_pm10,0.808342663326084,3.14812128612967,26.485328708545,25.6769860452189,3211384.78869041,189,189,0.546509094901161,2.05660702869808,27.119845044605,26.5733359497038,9864606.72850904,602,602,-0.261833568424923
sao_paulo_2010,A,fine,avg_pm25,-0.0959952436945279,-0.677209349939079,14.0791255964361,14.1751208401307,2856619.31561217,153,153,-0.0717185626515722,-0.474551545887514,15.041194517727,15.1129130803785,9852094.74240696,601,601,0.0242766810429557
sao_paulo_2010,A,fine,hrs_d_pm10_it1,3.2444834841774,130.404454980131,5.73249931513329,2.48801583095589,3211384.78869041,189,189,1.5929416163901,94.4129485766802,3.28014834004871,1.68720672365861,9864606.72850904,602,602,-1.6515418677873
sao_paulo_2010,A,fine,hrs_d_pm10_it2,21.239699633287,41.8873939102317,71.9463625467293,50.7066629134424,3211384.78869041,189,189,18.0403406674458,54.5367328543358,51.1195878523301,33.0792471848843,9864606.72850904,602,602,-3.1993589658412
sao_paulo_2010,A,fine,hrs_d_pm25_it1,2.88345954692827,19.7361346090549,17.493511636892,14.6100520899637,2856619.31561217,153,153,2.35551704529401,23.7614335347098,12.2687112212816,9.91319417598758,9852094.74240696,601,601,-0.52794250163426
sao_paulo_2010,A,fine,hrs_d_pm25_it2,6.4211378974627,5.02051967801729,134.31901121082,127.897873313357,2856619.31561217,153,153,19.1830213826462,18.4161512105096,123.347138865017,104.16411748237,9852094.74240696,601,601,12.7618834851835
sao_paulo_2010,A,municipio,avg_pm10,0.164489931233497,0.630522656782939,26.2523599647638,26.0878700335303,3211384.78869041,189,11,0.124964706655796,0.465320319936557,26.9805953983977,26.8556306917419,9864606.72850904,602,33,-0.039525224577701
sao_paulo_2010,A,municipio,avg_pm25,0.088440513270065,0.628908378572035,14.1509838476223,14.0625433343522,2856619.31561217,153,9,0.00437610786882559,0.0290624642325321,15.0619701020062,15.0575939941374,9852094.74240696,601,32,-0.0840644054012394
sao_paulo_2010,A,municipio,hrs_d_pm10_it1,0.51800667859194,12.2855227890558,4.73440582974074,4.2163991511488,3211384.78869041,189,11,0.438424335676643,17.723903561625,2.91205738243898,2.47363304676234,9864606.72850904,602,33,-0.079582342915297
sao_paulo_2010,A,municipio,hrs_d_pm10_it2,4.81292933330384,7.90235280676424,65.7179464971045,60.9050171638007,3211384.78869041,189,11,5.34288936543138,12.8036713571567,47.072243520128,41.7293541546966,9864606.72850904,602,33,0.52996003212754
sao_paulo_2010,A,municipio,hrs_d_pm25_it1,0.836678925870036,5.22119140176005,16.861353401278,16.024674475408,2856619.31561217,153,9,0.848742657474894,7.76731584417572,11.7758463635939,10.927103706119,9852094.74240696,601,32,0.012063731604858
sao_paulo_2010,A,municipio,hrs_d_pm25_it2,9.97039159465979,7.85637129749819,136.878746827753,126.908355233094,2856619.31561217,153,9,8.0346874672792,7.21736038308056,119.359147391917,111.324459924638,9852094.74240696,601,32,-1.93570412738059
sao_paulo_2010,A_common,fine,avg_pm10,0.808342663326084,3.14812128612967,26.485328708545,25.6769860452189,3211384.78869041,189,189,0.546509094901161,2.05660702869808,27.119845044605,26.5733359497038,9864606.72850904,602,602,-0.261833568424923
sao_paulo_2010,A_common,fine,avg_pm25,-0.0959952436945279,-0.677209349939079,14.0791255964361,14.1751208401307,2856619.31561217,153,153,-0.0717185626515722,-0.474551545887514,15.041194517727,15.1129130803785,9852094.74240696,601,601,0.0242766810429557
sao_paulo_2010,A_common,fine,hrs_d_pm10_it1,3.2444834841774,130.404454980131,5.73249931513329,2.48801583095589,3211384.78869041,189,189,1.5929416163901,94.4129485766802,3.28014834004871,1.68720672365861,9864606.72850904,602,602,-1.6515418677873
sao_paulo_2010,A_common,fine,hrs_d_pm10_it2,21.239699633287,41.8873939102317,71.9463625467293,50.7066629134424,3211384.78869041,189,189,18.0403406674458,54.5367328543358,51.1195878523301,33.0792471848843,9864606.72850904,602,602,-3.1993589658412
sao_paulo_2010,A_common,fine,hrs_d_pm25_it1,2.88345954692827,19.7361346090549,17.493511636892,14.6100520899637,2856619.31561217,153,153,2.35551704529401,23.7614335347098,12.2687112212816,9.91319417598758,9852094.74240696,601,601,-0.52794250163426
sao_paulo_2010,A_common,fine,hrs_d_pm25_it2,6.4211378974627,5.02051967801729,134.31901121082,127.897873313357,2856619.31561217,153,153,19.1830213826462,18.4161512105096,123.347138865017,104.16411748237,9852094.74240696,601,601,12.7618834851835
sao_paulo_2010,A_common,municipio,avg_pm10,-0.0555004055184973,-0.202865985691647,27.3026618459182,27.3581622514367,746182.288595823,57,6,0.125810135643263,0.468548312347727,26.9768588594923,26.851048723849,9739700.75459104,589,30,0.18131054116176
sao_paulo_2010,A_common,municipio,avg_pm25,-0.673448778619191,-4.41298361099824,14.5871739198379,15.2606226984571,498064.977619388,31,4,0.00562866272853846,0.0374171002213153,15.0486509580075,15.043022295279,9727188.76848896,588,29,0.679077441347729
sao_paulo_2010,A_common,municipio,hrs_d_pm10_it1,0.0101928004413718,0.183801411943318,5.55574347581636,5.54555067537499,746182.288595823,57,6,0.401984372102449,16.5436021564083,2.83183228733859,2.42984791523615,9739700.75459104,589,30,0.391791571661077
sao_paulo_2010,A_common,municipio,hrs_d_pm10_it2,0.10038547998839,0.113117431941845,88.8448683285781,88.7444828485897,746182.288595823,57,6,5.1644804820283,12.4565363279566,46.624484660216,41.4600041781877,9739700.75459104,589,30,5.06409500203991
sao_paulo_2010,A_common,municipio,hrs_d_pm25_it1,-3.45526405578067,-14.2901805346465,20.7240249840141,24.1792890397948,498064.977619388,31,4,0.764348225039575,7.11439217474719,11.5080380057725,10.7436897807329,9727188.76848896,588,29,4.21961228082025
sao_paulo_2010,A_common,municipio,hrs_d_pm25_it2,-26.6380176683684,-13.20961796921,175.018212893774,201.656230562142,498064.977619388,31,4,7.78768846605736,7.09451979268285,117.558168972566,109.770480506509,9727188.76848896,588,29,34.4257061344258
sao_paulo_2010,B_common,fine,avg_pm10,0.808342663326084,3.14812128612967,26.485328708545,25.6769860452189,3211384.78869041,189,189,0.546509094901158,2.05660702869805,27.119845044605,26.5733359497038,9864606.72850904,602,602,-0.261833568424926
sao_paulo_2010,B_common,fine,avg_pm25,-0.0959952436945297,-0.67720934993909,14.0791255964361,14.1751208401307,2856619.31561217,153,153,-0.0717185626515722,-0.474551545887514,15.041194517727,15.1129130803785,9852094.74240696,601,601,0.0242766810429575
sao_paulo_2010,B_common,fine,hrs_d_pm10_it1,3.2444834841774,130.404454980131,5.73249931513329,2.48801583095589,3211384.78869041,189,189,1.5929416163901,94.4129485766802,3.28014834004871,1.68720672365861,9864606.72850904,602,602,-1.6515418677873
sao_paulo_2010,B_common,fine,hrs_d_pm10_it2,21.239699633287,41.8873939102317,71.9463625467293,50.7066629134424,3211384.78869041,189,189,18.0403406674458,54.5367328543358,51.1195878523301,33.0792471848843,9864606.72850904,602,602,-3.1993589658412
sao_paulo_2010,B_common,fine,hrs_d_pm25_it1,2.88345954692827,19.7361346090549,17.493511636892,14.6100520899637,2856619.31561217,153,153,2.35551704529401,23.7614335347098,12.2687112212816,9.91319417598758,9852094.74240696,601,601,-0.52794250163426
sao_paulo_2010,B_common,fine,hrs_d_pm25_it2,6.4211378974627,5.02051967801729,134.31901121082,127.897873313357,2856619.31561217,153,153,19.1830213826462,18.4161512105096,123.347138865017,104.16411748237,9852094.74240696,601,601,12.7618834851835
sao_paulo_2010,B_common,municipio,avg_pm10,-0.0577612061425512,-0.20956705361137,27.5043985642889,27.5621597704315,746182.288595823,57,6,0.0150136584022782,0.0547144647248476,27.4550306224345,27.4400169640322,9739700.75459104,589,30,0.0727748645448294
sao_paulo_2010,B_common,municipio,avg_pm25,-0.759358414686062,-4.84610004417879,14.9101161682461,15.6694745829322,498064.977619388,31,4,-0.0188063861343508,-0.122542813947091,15.3279818330997,15.346788219234,9727188.76848896,588,29,0.740552028551711
sao_paulo_2010,B_common,municipio,hrs_d_pm10_it1,0.0751701324414089,1.24255456580185,6.12481451106874,6.04964437862733,746182.288595823,57,6,0.490354431563096,22.193640089451,2.69979114220061,2.20943671063752,9739700.75459104,589,30,0.415184299121687
sao_paulo_2010,B_common,municipio,hrs_d_pm10_it2,0.344536708281737,0.362177947960451,95.4736604503352,95.1291237420534,746182.288595823,57,6,8.25261090582542,22.1099374912861,45.5779579769237,37.3253470710983,9739700.75459104,589,30,7.90807419754368
sao_paulo_2010,B_common,municipio,hrs_d_pm25_it1,-4.15399909842665,-15.102906522611,23.3506344779487,27.5046335763753,498064.977619388,31,4,1.03223087751319,9.42342392543112,11.986114367011,10.9538834894979,9727188.76848896,588,29,5.18622997593984
sao_paulo_2010,B_common,municipio,hrs_d_pm25_it2,-28.5211577782962,-13.5030047537314,182.699665278992,211.220823057288,498064.977619388,31,4,9.96757745287273,8.30311739142484,130.013783991719,120.046206538846,9727188.76848896,588,29,38.4887352311689
sao_paulo_2010,B_native,fine,avg_pm10,0.808342663326084,3.14812128612967,26.485328708545,25.6769860452189,3211384.78869041,189,189,0.546509094901158,2.05660702869805,27.119845044605,26.5733359497038,9864606.72850904,602,602,-0.261833568424926
sao_paulo_2010,B_native,fine,avg_pm25,-0.0959952436945297,-0.67720934993909,14.0791255964361,14.1751208401307,2856619.31561217,153,153,-0.0717185626515722,-0.474551545887514,15.041194517727,15.1129130803785,9852094.74240696,601,601,0.0242766810429575
sao_paulo_2010,B_native,fine,hrs_d_pm10_it1,3.2444834841774,130.404454980131,5.73249931513329,2.48801583095589,3211384.78869041,189,189,1.5929416163901,94.4129485766802,3.28014834004871,1.68720672365861,9864606.72850904,602,602,-1.6515418677873
sao_paulo_2010,B_native,fine,hrs_d_pm10_it2,21.239699633287,41.8873939102317,71.9463625467293,50.7066629134424,3211384.78869041,189,189,18.0403406674458,54.5367328543358,51.1195878523301,33.0792471848843,9864606.72850904,602,602,-3.1993589658412
sao_paulo_2010,B_native,fine,hrs_d_pm25_it1,2.88345954692827,19.7361346090549,17.493511636892,14.6100520899637,2856619.31561217,153,153,2.35551704529401,23.7614335347098,12.2687112212816,9.91319417598758,9852094.74240696,601,601,-0.52794250163426
sao_paulo_2010,B_native,fine,hrs_d_pm25_it2,6.4211378974627,5.02051967801729,134.31901121082,127.897873313357,2856619.31561217,153,153,19.1830213826462,18.4161512105096,123.347138865017,104.16411748237,9852094.74240696,601,601,12.7618834851835
sao_paulo_2010,B_native,municipio,avg_pm10,0.0248391319875267,0.0887525080903284,28.0118025677109,27.9869634357234,1134538.04332875,86,6,0.013959818875815,0.0508749005407205,27.4534608841211,27.4395010652453,9747674.35461035,590,30,-0.0108793131117117
sao_paulo_2010,B_native,municipio,avg_pm25,-0.766635939450884,-4.79240590220192,15.2302548727118,15.9968908121627,848104.879456181,56,4,-0.0190109485523529,-0.123876640530729,15.3276665774955,15.3466775260479,9735162.36850827,589,29,0.747624990898531
sao_paulo_2010,B_native,municipio,hrs_d_pm10_it1,0.847400959676139,13.7579582994819,7.00675208743796,6.15935112776182,1134538.04332875,86,6,0.492379456698301,22.2727234611883,2.70306310998527,2.21068365328697,9747674.35461035,590,30,-0.355021502977838
sao_paulo_2010,B_native,municipio,hrs_d_pm10_it2,4.3568315889045,4.16264911808466,109.021708817595,104.664877228691,1134538.04332875,86,6,8.26143793446015,22.128579153327,45.5952309322725,37.3337929978123,9747674.35461035,590,30,3.90460634555565
sao_paulo_2010,B_native,municipio,hrs_d_pm25_it1,-4.62495543398142,-15.7220969488427,24.7919566295322,29.4169120635137,848104.879456181,56,4,1.03455626504694,9.44322053750077,11.99010115504,10.9555448899931,9735162.36850827,589,29,5.65951169902836
sao_paulo_2010,B_native,municipio,hrs_d_pm25_it2,-30.2266903541476,-13.5327421629414,193.132995289769,223.359685643916,848104.879456181,56,4,9.97889466547942,8.311816343285,130.035621779538,120.056727114059,9735162.36850827,589,29,40.205585019627
sao_paulo_2010,C,fine,avg_pm10,1.78086300164549,7.0328467036922,27.1029420498146,25.3220790481691,3211384.78869041,189,189,1.20830197405132,4.61080421742679,27.4141853096411,26.2058833355898,9864606.72850903,602,602,-0.57256102759417
sao_paulo_2010,C,fine,avg_pm25,-0.0524823227475828,-0.373483299262756,13.9996380401126,14.0521203628601,2856619.31561217,153,153,-0.200472362966513,-1.32379883214374,14.9432457079938,15.1437180709604,9852094.74240695,601,601,-0.14799004021893
sao_paulo_2010,C,fine,hrs_d_pm10_it1,6.56221513811938,581.521424491254,7.69067143598671,1.12845629786733,3211384.78869041,189,189,3.75320462047227,454.558292980841,4.57888631596176,0.825681695489486,9864606.72850903,602,602,-2.80901051764711
sao_paulo_2010,C,fine,hrs_d_pm10_it2,44.8943365274458,107.913551927206,86.4964668675997,41.6021303401539,3211384.78869041,189,189,42.5460082136395,189.003064591344,65.0567586639727,22.5107504503332,9864606.72850903,602,602,-2.3483283138063
sao_paulo_2010,C,fine,hrs_d_pm25_it1,4.5470098108637,32.987625990823,18.3309960004994,13.7839861896357,2856619.31561217,153,153,5.69479654616301,64.8284862368389,14.4792011755695,8.78440462940647,9852094.74240695,601,601,1.14778673529931
sao_paulo_2010,C,fine,hrs_d_pm25_it2,12.904149937453,10.7715359928501,132.702755688931,119.798605751478,2856619.31561217,153,153,46.9273010971568,49.5733676074362,141.589623553777,94.6623224566199,9852094.74240695,601,601,34.0231511597038
sao_paulo_2010,C,municipio,avg_pm10,0.81594340631705,3.15404024024382,26.6857276882695,25.8697842819525,3211384.78869041,189,11,0.957712355588619,3.58214531543954,27.6934327480792,26.7357203924906,9864606.72850903,602,33,0.141768949271569
sao_paulo_2010,C,municipio,avg_pm25,-1.1040438765758,-7.939757914728,12.8012148030098,13.9052586795856,2856619.31561217,153,9,-0.0490892912610672,-0.327124146548752,14.9572291902613,15.0063184815224,9852094.74240695,601,32,1.05495458531473
sao_paulo_2010,C,municipio,hrs_d_pm10_it1,3.47807029499131,94.5267560737928,7.15752618605789,3.67945589106658,3211384.78869041,189,11,2.93560818797106,134.686603338551,5.11519258256156,2.1795843945905,9864606.72850903,602,33,-0.54246210702025
sao_paulo_2010,C,municipio,hrs_d_pm10_it2,24.6004528487534,45.2722936094834,78.9393230216582,54.3388701729048,3211384.78869041,189,11,31.7577831886245,84.9430561468268,69.1449277407703,37.3871445521458,9864606.72850903,602,33,7.1573303398711
sao_paulo_2010,C,municipio,hrs_d_pm25_it1,-5.24944825322028,-35.4475536623814,9.55960825662639,14.8090565098467,2856619.31561217,153,9,5.19726278229173,50.6926725732126,15.4497559306568,10.252493148365,9852094.74240695,601,32,10.446711035512
sao_paulo_2010,C,municipio,hrs_d_pm25_it2,-22.7999229711567,-19.8398490863763,92.1199177589478,114.919840730104,2856619.31561217,153,9,44.8550398184803,43.4653226334739,148.052340794997,103.197300976517,9852094.74240695,601,32,67.654962789637
sao_paulo_2010,baseline_common,fine,avg_pm10,0.808342663326084,3.14812128612967,26.485328708545,25.6769860452189,3211384.78869041,189,189,0.546509094901161,2.05660702869808,27.119845044605,26.5733359497038,9864606.72850904,602,602,-0.261833568424923
sao_paulo_2010,baseline_common,fine,avg_pm25,-0.0959952436945279,-0.677209349939079,14.0791255964361,14.1751208401307,2856619.31561217,153,153,-0.0717185626515722,-0.474551545887514,15.041194517727,15.1129130803785,9852094.74240696,601,601,0.0242766810429557
sao_paulo_2010,baseline_common,fine,hrs_d_pm10_it1,3.2444834841774,130.404454980131,5.73249931513329,2.48801583095589,3211384.78869041,189,189,1.5929416163901,94.4129485766802,3.28014834004871,1.68720672365861,9864606.72850904,602,602,-1.6515418677873
sao_paulo_2010,baseline_common,fine,hrs_d_pm10_it2,21.239699633287,41.8873939102317,71.9463625467293,50.7066629134424,3211384.78869041,189,189,18.0403406674458,54.5367328543358,51.1195878523301,33.0792471848843,9864606.72850904,602,602,-3.1993589658412
sao_paulo_2010,baseline_common,fine,hrs_d_pm25_it1,2.88345954692827,19.7361346090549,17.493511636892,14.6100520899637,2856619.31561217,153,153,2.35551704529401,23.7614335347098,12.2687112212816,9.91319417598758,9852094.74240696,601,601,-0.52794250163426
sao_paulo_2010,baseline_common,fine,hrs_d_pm25_it2,6.4211378974627,5.02051967801729,134.31901121082,127.897873313357,2856619.31561217,153,153,19.1830213826462,18.4161512105096,123.347138865017,104.16411748237,9852094.74240696,601,601,12.7618834851835
sao_paulo_2010,baseline_common,municipio,avg_pm10,-0.0577537623887459,-0.211078767116335,27.3034835509381,27.3612373133269,746182.288595823,57,57,0.552158596736529,2.07843890980355,27.1181834210465,26.5660248243099,9739700.75459104,589,589,0.609912359125275
sao_paulo_2010,baseline_common,municipio,avg_pm25,-1.0285644821128,-6.62928566114839,14.4869003007794,15.5154647828922,498064.977619388,31,31,-0.0737359491206462,-0.488274459240778,15.0275964521887,15.1013324013094,9727188.76848896,588,588,0.954828532992154
sao_paulo_2010,baseline_common,municipio,hrs_d_pm10_it1,0.295969454333057,5.51207853584828,5.6654403791066,5.36947092477354,746182.288595823,57,57,1.56622633910195,95.6385521171031,3.20387800198388,1.63765166288194,9739700.75459104,589,589,1.27025688476889
sao_paulo_2010,baseline_common,municipio,hrs_d_pm10_it2,0.937708754335873,1.0620230784564,89.2322828890894,88.2945741347536,746182.288595823,57,57,17.9750482950316,54.8933302410799,50.7204623846652,32.7454140896335,9739700.75459104,589,589,17.0373395406957
sao_paulo_2010,baseline_common,municipio,hrs_d_pm25_it1,-5.8008524046392,-22.3873120114627,20.1104870257893,25.9113394304285,498064.977619388,31,31,2.21638605351705,22.6756369864636,11.9906916434334,9.77430558991634,9727188.76848896,588,588,8.01723845815625
sao_paulo_2010,baseline_common,municipio,hrs_d_pm25_it2,-42.7420298870197,-20.0545062286016,170.387275815164,213.129305702183,498064.977619388,31,31,18.659258063797,18.1390162869465,121.527339599315,102.868081535518,9727188.76848896,588,588,61.4012879508167
