old_path,new_path,action
results/.DS_Store,data/verification/migration-baseline/local-state/results/.DS_Store,move
results/figures/.DS_Store,data/verification/migration-baseline/local-state/results/figures/.DS_Store,move
results/figures/cities_aerosols/Bogota_aerosols.pdf,results/figures/satellite/Bogota_aerosols.pdf,move
results/figures/cities_aerosols/Ciudad_Mexico_aerosols.pdf,results/figures/satellite/Ciudad_Mexico_aerosols.pdf,move
results/figures/cities_aerosols/Santiago_aerosols.pdf,results/figures/satellite/Santiago_aerosols.pdf,move
results/figures/cities_aerosols/Sao_Paulo_aerosols.pdf,results/figures/satellite/Sao_Paulo_aerosols.pdf,move
results/figures/exposure_by_group/.DS_Store,data/verification/migration-baseline/local-state/results/figures/exposure_by_group/.DS_Store,move
results/figures/exposure_by_group/ci/.DS_Store,data/verification/migration-baseline/local-state/results/figures/exposure_by_group/ci/.DS_Store,move
results/figures/exposure_by_group/ci/bogota_education_3km_hrs_d_it1_pm25_pm10_ci.pdf,results/figures/exposure/bogota_education_3km_hrs_d_it1_pm25_pm10_ci.pdf,move
results/figures/exposure_by_group/ci/bogota_education_3km_hrs_d_it2_pm25_pm10_ci.pdf,results/figures/exposure/bogota_education_3km_hrs_d_it2_pm25_pm10_ci.pdf,move
results/figures/exposure_by_group/ci/bogota_education_5km_hrs_d_it1_pm25_pm10_ci.pdf,results/figures/exposure/bogota_education_5km_hrs_d_it1_pm25_pm10_ci.pdf,move
results/figures/exposure_by_group/ci/bogota_education_5km_hrs_d_it2_pm25_pm10_ci.pdf,results/figures/exposure/bogota_education_5km_hrs_d_it2_pm25_pm10_ci.pdf,move
results/figures/exposure_by_group/ci/mexico_city_education_3km_hrs_d_it1_pm25_pm10_ci.pdf,results/figures/exposure/mexico_city_education_3km_hrs_d_it1_pm25_pm10_ci.pdf,move
results/figures/exposure_by_group/ci/mexico_city_education_3km_hrs_d_it2_pm25_pm10_ci.pdf,results/figures/exposure/mexico_city_education_3km_hrs_d_it2_pm25_pm10_ci.pdf,move
results/figures/exposure_by_group/ci/mexico_city_education_5km_hrs_d_it1_pm25_pm10_ci.pdf,results/figures/exposure/mexico_city_education_5km_hrs_d_it1_pm25_pm10_ci.pdf,move
results/figures/exposure_by_group/ci/mexico_city_education_5km_hrs_d_it2_pm25_pm10_ci.pdf,results/figures/exposure/mexico_city_education_5km_hrs_d_it2_pm25_pm10_ci.pdf,move
results/figures/exposure_by_group/ci/mexico_city_income_3km_hrs_d_it1_pm25_pm10_ci.pdf,results/figures/exposure/mexico_city_income_3km_hrs_d_it1_pm25_pm10_ci.pdf,move
results/figures/exposure_by_group/ci/mexico_city_income_3km_hrs_d_it2_pm25_pm10_ci.pdf,results/figures/exposure/mexico_city_income_3km_hrs_d_it2_pm25_pm10_ci.pdf,move
results/figures/exposure_by_group/ci/mexico_city_income_5km_hrs_d_it1_pm25_pm10_ci.pdf,results/figures/exposure/mexico_city_income_5km_hrs_d_it1_pm25_pm10_ci.pdf,move
results/figures/exposure_by_group/ci/mexico_city_income_5km_hrs_d_it2_pm25_pm10_ci.pdf,results/figures/exposure/mexico_city_income_5km_hrs_d_it2_pm25_pm10_ci.pdf,move
results/figures/exposure_by_group/ci/santiago_comuna_2024_education_3km_hrs_d_it1_pm25_pm10_ci.pdf,results/figures/exposure/santiago_comuna_2024_education_3km_hrs_d_it1_pm25_pm10_ci.pdf,move
results/figures/exposure_by_group/ci/santiago_comuna_2024_education_3km_hrs_d_it2_pm25_pm10_ci.pdf,results/figures/exposure/santiago_comuna_2024_education_3km_hrs_d_it2_pm25_pm10_ci.pdf,move
results/figures/exposure_by_group/ci/santiago_comuna_2024_education_5km_hrs_d_it1_pm25_pm10_ci.pdf,results/figures/exposure/santiago_comuna_2024_education_5km_hrs_d_it1_pm25_pm10_ci.pdf,move
results/figures/exposure_by_group/ci/santiago_comuna_2024_education_5km_hrs_d_it2_pm25_pm10_ci.pdf,results/figures/exposure/santiago_comuna_2024_education_5km_hrs_d_it2_pm25_pm10_ci.pdf,move
results/figures/exposure_by_group/ci/santiago_education_3km_hrs_d_it1_pm25_pm10_ci.pdf,results/figures/exposure/santiago_education_3km_hrs_d_it1_pm25_pm10_ci.pdf,move
results/figures/exposure_by_group/ci/santiago_education_3km_hrs_d_it2_pm25_pm10_ci.pdf,results/figures/exposure/santiago_education_3km_hrs_d_it2_pm25_pm10_ci.pdf,move
results/figures/exposure_by_group/ci/santiago_education_5km_hrs_d_it1_pm25_pm10_ci.pdf,results/figures/exposure/santiago_education_5km_hrs_d_it1_pm25_pm10_ci.pdf,move
results/figures/exposure_by_group/ci/santiago_education_5km_hrs_d_it2_pm25_pm10_ci.pdf,results/figures/exposure/santiago_education_5km_hrs_d_it2_pm25_pm10_ci.pdf,move
results/figures/exposure_by_group/ci/sao_paulo_education_3km_hrs_d_it1_pm25_pm10_ci.pdf,results/figures/exposure/sao_paulo_education_3km_hrs_d_it1_pm25_pm10_ci.pdf,move
results/figures/exposure_by_group/ci/sao_paulo_education_3km_hrs_d_it2_pm25_pm10_ci.pdf,results/figures/exposure/sao_paulo_education_3km_hrs_d_it2_pm25_pm10_ci.pdf,move
results/figures/exposure_by_group/ci/sao_paulo_education_5km_hrs_d_it1_pm25_pm10_ci.pdf,results/figures/exposure/sao_paulo_education_5km_hrs_d_it1_pm25_pm10_ci.pdf,move
results/figures/exposure_by_group/ci/sao_paulo_education_5km_hrs_d_it2_pm25_pm10_ci.pdf,results/figures/exposure/sao_paulo_education_5km_hrs_d_it2_pm25_pm10_ci.pdf,move
results/figures/exposure_by_group/ci/sao_paulo_income_3km_hrs_d_it1_pm25_pm10_ci.pdf,results/figures/exposure/sao_paulo_income_3km_hrs_d_it1_pm25_pm10_ci.pdf,move
results/figures/exposure_by_group/ci/sao_paulo_income_3km_hrs_d_it2_pm25_pm10_ci.pdf,results/figures/exposure/sao_paulo_income_3km_hrs_d_it2_pm25_pm10_ci.pdf,move
results/figures/exposure_by_group/ci/sao_paulo_income_5km_hrs_d_it1_pm25_pm10_ci.pdf,results/figures/exposure/sao_paulo_income_5km_hrs_d_it1_pm25_pm10_ci.pdf,move
results/figures/exposure_by_group/ci/sao_paulo_income_5km_hrs_d_it2_pm25_pm10_ci.pdf,results/figures/exposure/sao_paulo_income_5km_hrs_d_it2_pm25_pm10_ci.pdf,move
results/figures/exposure_by_group/levels/bogota_education_3km_levels.pdf,results/figures/exposure/bogota_education_3km_levels.pdf,move
results/figures/exposure_by_group/levels/bogota_education_5km_levels.pdf,results/figures/exposure/bogota_education_5km_levels.pdf,move
results/figures/exposure_by_group/levels/mexico_city_education_3km_levels.pdf,results/figures/exposure/mexico_city_education_3km_levels.pdf,move
results/figures/exposure_by_group/levels/mexico_city_education_5km_levels.pdf,results/figures/exposure/mexico_city_education_5km_levels.pdf,move
results/figures/exposure_by_group/levels/mexico_city_income_3km_levels.pdf,results/figures/exposure/mexico_city_income_3km_levels.pdf,move
results/figures/exposure_by_group/levels/mexico_city_income_5km_levels.pdf,results/figures/exposure/mexico_city_income_5km_levels.pdf,move
results/figures/exposure_by_group/levels/santiago_comuna_2024_education_3km_levels.pdf,results/figures/exposure/santiago_comuna_2024_education_3km_levels.pdf,move
results/figures/exposure_by_group/levels/santiago_comuna_2024_education_5km_levels.pdf,results/figures/exposure/santiago_comuna_2024_education_5km_levels.pdf,move
results/figures/exposure_by_group/levels/santiago_education_3km_levels.pdf,results/figures/exposure/santiago_education_3km_levels.pdf,move
results/figures/exposure_by_group/levels/santiago_education_5km_levels.pdf,results/figures/exposure/santiago_education_5km_levels.pdf,move
results/figures/exposure_by_group/levels/sao_paulo_education_3km_levels.pdf,results/figures/exposure/sao_paulo_education_3km_levels.pdf,move
results/figures/exposure_by_group/levels/sao_paulo_education_5km_levels.pdf,results/figures/exposure/sao_paulo_education_5km_levels.pdf,move
results/figures/exposure_by_group/levels/sao_paulo_income_3km_levels.pdf,results/figures/exposure/sao_paulo_income_3km_levels.pdf,move
results/figures/exposure_by_group/levels/sao_paulo_income_5km_levels.pdf,results/figures/exposure/sao_paulo_income_5km_levels.pdf,move
results/figures/hour_above_iterim_target/.DS_Store,data/verification/migration-baseline/local-state/results/figures/hour_above_iterim_target/.DS_Store,move
results/figures/hour_above_iterim_target/distribution_hours_above_IT1.pdf,results/figures/temporal/distribution_hours_above_IT1.pdf,move
results/figures/hour_average/bogota_bar_plot.pdf,results/figures/temporal/bogota_bar_plot.pdf,move
results/figures/hour_average/ciudad_mexico_bar_plot.pdf,results/figures/temporal/ciudad_mexico_bar_plot.pdf,move
results/figures/hour_average/santiago_bar_plot.pdf,results/figures/temporal/santiago_bar_plot.pdf,move
results/figures/hour_average/sao_paulo_bar_plot.pdf,results/figures/temporal/sao_paulo_bar_plot.pdf,move
results/figures/hour_pollution_by_station/.DS_Store,data/verification/migration-baseline/local-state/results/figures/hour_pollution_by_station/.DS_Store,move
results/figures/hour_pollution_by_station/distribution_all_values_santiago_pm10.pdf,results/figures/temporal/distribution_all_values_santiago_pm10.pdf,move
results/figures/hour_pollution_by_station/distribution_all_values_santiago_pm25.pdf,results/figures/temporal/distribution_all_values_santiago_pm25.pdf,move
results/figures/hour_pollution_by_station/distribution_values_above_it1_santiago_pm25.pdf,results/figures/temporal/distribution_values_above_it1_santiago_pm25.pdf,move
results/figures/hour_pollution_by_station/distribution_values_above_it2_santiago_pm25.pdf,results/figures/temporal/distribution_values_above_it2_santiago_pm25.pdf,move
results/figures/joint_plots/black_carbon_plot.pdf,results/figures/satellite/black_carbon_plot.pdf,move
results/figures/joint_plots/dust_plot.pdf,results/figures/satellite/dust_plot.pdf,move
results/figures/joint_plots/organic_carbon_plot.pdf,results/figures/satellite/organic_carbon_plot.pdf,move
results/figures/joint_plots/pm_25_plot.pdf,results/figures/satellite/pm_25_plot.pdf,move
results/figures/joint_plots/sea_salt_plot.pdf,results/figures/satellite/sea_salt_plot.pdf,move
results/figures/joint_plots/sulfate_plot.pdf,results/figures/satellite/sulfate_plot.pdf,move
results/figures/kernel_plots/exceedance_shares.pdf,results/figures/temporal/exceedance_shares.pdf,move
results/figures/maps_interactive/.DS_Store,data/verification/migration-baseline/local-state/results/figures/maps_interactive/.DS_Store,move
results/figures/maps_interactive/cdmx_all_stations_by_entity.html,results/figures/maps/cdmx_all_stations_by_entity.html,move
results/figures/maps_interactive/cdmx_all_stations_by_entity_files/.DS_Store,data/verification/migration-baseline/local-state/results/figures/maps_interactive/cdmx_all_stations_by_entity_files/.DS_Store,move
results/figures/maps_interactive/cdmx_all_stations_by_entity_files/Proj4Leaflet-1.0.1/proj4leaflet.js,results/figures/maps/cdmx_all_stations_by_entity_files/Proj4Leaflet-1.0.1/proj4leaflet.js,move
results/figures/maps_interactive/cdmx_all_stations_by_entity_files/htmltools-fill-0.5.8.1/fill.css,results/figures/maps/cdmx_all_stations_by_entity_files/htmltools-fill-0.5.8.1/fill.css,move
results/figures/maps_interactive/cdmx_all_stations_by_entity_files/htmlwidgets-1.6.4/htmlwidgets.js,results/figures/maps/cdmx_all_stations_by_entity_files/htmlwidgets-1.6.4/htmlwidgets.js,move
results/figures/maps_interactive/cdmx_all_stations_by_entity_files/jquery-3.6.0/jquery-3.6.0.js,results/figures/maps/cdmx_all_stations_by_entity_files/jquery-3.6.0/jquery-3.6.0.js,move
results/figures/maps_interactive/cdmx_all_stations_by_entity_files/jquery-3.6.0/jquery-3.6.0.min.js,results/figures/maps/cdmx_all_stations_by_entity_files/jquery-3.6.0/jquery-3.6.0.min.js,move
results/figures/maps_interactive/cdmx_all_stations_by_entity_files/jquery-3.6.0/jquery-3.6.0.min.map,results/figures/maps/cdmx_all_stations_by_entity_files/jquery-3.6.0/jquery-3.6.0.min.map,move
results/figures/maps_interactive/cdmx_all_stations_by_entity_files/leaflet-1.3.1/images/layers-2x.png,results/figures/maps/cdmx_all_stations_by_entity_files/leaflet-1.3.1/images/layers-2x.png,move
results/figures/maps_interactive/cdmx_all_stations_by_entity_files/leaflet-1.3.1/images/layers.png,results/figures/maps/cdmx_all_stations_by_entity_files/leaflet-1.3.1/images/layers.png,move
results/figures/maps_interactive/cdmx_all_stations_by_entity_files/leaflet-1.3.1/images/marker-icon-2x.png,results/figures/maps/cdmx_all_stations_by_entity_files/leaflet-1.3.1/images/marker-icon-2x.png,move
results/figures/maps_interactive/cdmx_all_stations_by_entity_files/leaflet-1.3.1/images/marker-icon.png,results/figures/maps/cdmx_all_stations_by_entity_files/leaflet-1.3.1/images/marker-icon.png,move
results/figures/maps_interactive/cdmx_all_stations_by_entity_files/leaflet-1.3.1/images/marker-shadow.png,results/figures/maps/cdmx_all_stations_by_entity_files/leaflet-1.3.1/images/marker-shadow.png,move
results/figures/maps_interactive/cdmx_all_stations_by_entity_files/leaflet-1.3.1/leaflet.css,results/figures/maps/cdmx_all_stations_by_entity_files/leaflet-1.3.1/leaflet.css,move
results/figures/maps_interactive/cdmx_all_stations_by_entity_files/leaflet-1.3.1/leaflet.js,results/figures/maps/cdmx_all_stations_by_entity_files/leaflet-1.3.1/leaflet.js,move
results/figures/maps_interactive/cdmx_all_stations_by_entity_files/leaflet-binding-2.2.3/leaflet.js,results/figures/maps/cdmx_all_stations_by_entity_files/leaflet-binding-2.2.3/leaflet.js,move
results/figures/maps_interactive/cdmx_all_stations_by_entity_files/leafletfix-1.0.0/leafletfix.css,results/figures/maps/cdmx_all_stations_by_entity_files/leafletfix-1.0.0/leafletfix.css,move
results/figures/maps_interactive/cdmx_all_stations_by_entity_files/proj4-2.6.2/proj4.min.js,results/figures/maps/cdmx_all_stations_by_entity_files/proj4-2.6.2/proj4.min.js,move
results/figures/maps_interactive/cdmx_all_stations_by_entity_files/rstudio_leaflet-1.3.1/images/1px.png,results/figures/maps/cdmx_all_stations_by_entity_files/rstudio_leaflet-1.3.1/images/1px.png,move
results/figures/maps_interactive/cdmx_all_stations_by_entity_files/rstudio_leaflet-1.3.1/rstudio_leaflet.css,results/figures/maps/cdmx_all_stations_by_entity_files/rstudio_leaflet-1.3.1/rstudio_leaflet.css,move
results/figures/maps_interactive/cdmx_pm10_pm25_stations_by_entity.html,results/figures/maps/cdmx_pm10_pm25_stations_by_entity.html,move
results/figures/maps_interactive/cdmx_pm10_pm25_stations_by_entity_files/.DS_Store,data/verification/migration-baseline/local-state/results/figures/maps_interactive/cdmx_pm10_pm25_stations_by_entity_files/.DS_Store,move
results/figures/maps_interactive/cdmx_pm10_pm25_stations_by_entity_files/Proj4Leaflet-1.0.1/proj4leaflet.js,results/figures/maps/cdmx_pm10_pm25_stations_by_entity_files/Proj4Leaflet-1.0.1/proj4leaflet.js,move
results/figures/maps_interactive/cdmx_pm10_pm25_stations_by_entity_files/htmltools-fill-0.5.8.1/fill.css,results/figures/maps/cdmx_pm10_pm25_stations_by_entity_files/htmltools-fill-0.5.8.1/fill.css,move
results/figures/maps_interactive/cdmx_pm10_pm25_stations_by_entity_files/htmlwidgets-1.6.4/htmlwidgets.js,results/figures/maps/cdmx_pm10_pm25_stations_by_entity_files/htmlwidgets-1.6.4/htmlwidgets.js,move
results/figures/maps_interactive/cdmx_pm10_pm25_stations_by_entity_files/jquery-3.6.0/jquery-3.6.0.js,results/figures/maps/cdmx_pm10_pm25_stations_by_entity_files/jquery-3.6.0/jquery-3.6.0.js,move
results/figures/maps_interactive/cdmx_pm10_pm25_stations_by_entity_files/jquery-3.6.0/jquery-3.6.0.min.js,results/figures/maps/cdmx_pm10_pm25_stations_by_entity_files/jquery-3.6.0/jquery-3.6.0.min.js,move
results/figures/maps_interactive/cdmx_pm10_pm25_stations_by_entity_files/jquery-3.6.0/jquery-3.6.0.min.map,results/figures/maps/cdmx_pm10_pm25_stations_by_entity_files/jquery-3.6.0/jquery-3.6.0.min.map,move
results/figures/maps_interactive/cdmx_pm10_pm25_stations_by_entity_files/leaflet-1.3.1/images/layers-2x.png,results/figures/maps/cdmx_pm10_pm25_stations_by_entity_files/leaflet-1.3.1/images/layers-2x.png,move
results/figures/maps_interactive/cdmx_pm10_pm25_stations_by_entity_files/leaflet-1.3.1/images/layers.png,results/figures/maps/cdmx_pm10_pm25_stations_by_entity_files/leaflet-1.3.1/images/layers.png,move
results/figures/maps_interactive/cdmx_pm10_pm25_stations_by_entity_files/leaflet-1.3.1/images/marker-icon-2x.png,results/figures/maps/cdmx_pm10_pm25_stations_by_entity_files/leaflet-1.3.1/images/marker-icon-2x.png,move
results/figures/maps_interactive/cdmx_pm10_pm25_stations_by_entity_files/leaflet-1.3.1/images/marker-icon.png,results/figures/maps/cdmx_pm10_pm25_stations_by_entity_files/leaflet-1.3.1/images/marker-icon.png,move
results/figures/maps_interactive/cdmx_pm10_pm25_stations_by_entity_files/leaflet-1.3.1/images/marker-shadow.png,results/figures/maps/cdmx_pm10_pm25_stations_by_entity_files/leaflet-1.3.1/images/marker-shadow.png,move
results/figures/maps_interactive/cdmx_pm10_pm25_stations_by_entity_files/leaflet-1.3.1/leaflet.css,results/figures/maps/cdmx_pm10_pm25_stations_by_entity_files/leaflet-1.3.1/leaflet.css,move
results/figures/maps_interactive/cdmx_pm10_pm25_stations_by_entity_files/leaflet-1.3.1/leaflet.js,results/figures/maps/cdmx_pm10_pm25_stations_by_entity_files/leaflet-1.3.1/leaflet.js,move
results/figures/maps_interactive/cdmx_pm10_pm25_stations_by_entity_files/leaflet-binding-2.2.3/leaflet.js,results/figures/maps/cdmx_pm10_pm25_stations_by_entity_files/leaflet-binding-2.2.3/leaflet.js,move
results/figures/maps_interactive/cdmx_pm10_pm25_stations_by_entity_files/leafletfix-1.0.0/leafletfix.css,results/figures/maps/cdmx_pm10_pm25_stations_by_entity_files/leafletfix-1.0.0/leafletfix.css,move
results/figures/maps_interactive/cdmx_pm10_pm25_stations_by_entity_files/proj4-2.6.2/proj4.min.js,results/figures/maps/cdmx_pm10_pm25_stations_by_entity_files/proj4-2.6.2/proj4.min.js,move
results/figures/maps_interactive/cdmx_pm10_pm25_stations_by_entity_files/rstudio_leaflet-1.3.1/images/1px.png,results/figures/maps/cdmx_pm10_pm25_stations_by_entity_files/rstudio_leaflet-1.3.1/images/1px.png,move
results/figures/maps_interactive/cdmx_pm10_pm25_stations_by_entity_files/rstudio_leaflet-1.3.1/rstudio_leaflet.css,results/figures/maps/cdmx_pm10_pm25_stations_by_entity_files/rstudio_leaflet-1.3.1/rstudio_leaflet.css,move
results/figures/station_monitoring/bogota_2018_avg_pm10_pm25_vs_education.png,results/figures/monitoring/bogota_2018_avg_pm10_pm25_vs_education.png,move
results/figures/station_monitoring/bogota_2018_hours_it1_pm10_pm25_vs_education.png,results/figures/monitoring/bogota_2018_hours_it1_pm10_pm25_vs_education.png,move
results/figures/station_monitoring/bogota_2018_hours_it2_pm10_pm25_vs_education.png,results/figures/monitoring/bogota_2018_hours_it2_pm10_pm25_vs_education.png,move
results/figures/station_monitoring/cdmx_2020_avg_pm10_pm25_vs_education.png,results/figures/monitoring/cdmx_2020_avg_pm10_pm25_vs_education.png,move
results/figures/station_monitoring/cdmx_2020_hours_it1_pm10_pm25_vs_education.png,results/figures/monitoring/cdmx_2020_hours_it1_pm10_pm25_vs_education.png,move
results/figures/station_monitoring/cdmx_2020_hours_it2_pm10_pm25_vs_education.png,results/figures/monitoring/cdmx_2020_hours_it2_pm10_pm25_vs_education.png,move
results/figures/station_monitoring/santiago_2017_avg_pm10_pm25_vs_education.png,results/figures/monitoring/santiago_2017_avg_pm10_pm25_vs_education.png,move
results/figures/station_monitoring/santiago_2017_hours_it1_pm10_pm25_vs_education.png,results/figures/monitoring/santiago_2017_hours_it1_pm10_pm25_vs_education.png,move
results/figures/station_monitoring/santiago_2017_hours_it2_pm10_pm25_vs_education.png,results/figures/monitoring/santiago_2017_hours_it2_pm10_pm25_vs_education.png,move
results/figures/station_monitoring/sao_paulo_2010_avg_pm10_pm25_vs_education.png,results/figures/monitoring/sao_paulo_2010_avg_pm10_pm25_vs_education.png,move
results/figures/station_monitoring/sao_paulo_2010_hours_it1_pm10_pm25_vs_education.png,results/figures/monitoring/sao_paulo_2010_hours_it1_pm10_pm25_vs_education.png,move
results/figures/station_monitoring/sao_paulo_2010_hours_it2_pm10_pm25_vs_education.png,results/figures/monitoring/sao_paulo_2010_hours_it2_pm10_pm25_vs_education.png,move
results/figures/station_monitoring/stations_dis_num_bogota_10km_pm25.pdf,results/figures/monitoring/stations_dis_num_bogota_10km_pm25.pdf,move
results/figures/station_monitoring/stations_dis_num_bogota_3km_v2_pm25.pdf,results/figures/monitoring/stations_dis_num_bogota_3km_v2_pm25.pdf,move
results/figures/station_monitoring/stations_dis_num_bogota_5km_pm25.pdf,results/figures/monitoring/stations_dis_num_bogota_5km_pm25.pdf,move
results/figures/station_monitoring/stations_dis_num_mexico_10km_pm25.pdf,results/figures/monitoring/stations_dis_num_mexico_10km_pm25.pdf,move
results/figures/station_monitoring/stations_dis_num_mexico_3km_v2_pm25.pdf,results/figures/monitoring/stations_dis_num_mexico_3km_v2_pm25.pdf,move
results/figures/station_monitoring/stations_dis_num_mexico_5km_pm25.pdf,results/figures/monitoring/stations_dis_num_mexico_5km_pm25.pdf,move
results/figures/station_monitoring/stations_dis_num_santiago_10km_pm25.pdf,results/figures/monitoring/stations_dis_num_santiago_10km_pm25.pdf,move
results/figures/station_monitoring/stations_dis_num_santiago_3km_v2_pm25.pdf,results/figures/monitoring/stations_dis_num_santiago_3km_v2_pm25.pdf,move
results/figures/station_monitoring/stations_dis_num_santiago_5km_pm25.pdf,results/figures/monitoring/stations_dis_num_santiago_5km_pm25.pdf,move
results/figures/station_monitoring/stations_dis_num_saopaulo_10km_pm25.pdf,results/figures/monitoring/stations_dis_num_saopaulo_10km_pm25.pdf,move
results/figures/station_monitoring/stations_dis_num_saopaulo_3km_v2_pm25.pdf,results/figures/monitoring/stations_dis_num_saopaulo_3km_v2_pm25.pdf,move
results/figures/station_monitoring/stations_dis_num_saopaulo_5km_pm25.pdf,results/figures/monitoring/stations_dis_num_saopaulo_5km_pm25.pdf,move
results/figures/time_series/.DS_Store,data/verification/migration-baseline/local-state/results/figures/time_series/.DS_Store,move
results/figures/time_series/bogota_moving_average_pm25.pdf,results/figures/satellite/bogota_moving_average_pm25.pdf,move
results/figures/time_series/bogota_time_series_pm25.pdf,results/figures/satellite/bogota_time_series_pm25.pdf,move
results/figures/time_series/ciudad_mexico_moving_average_pm25.pdf,results/figures/satellite/ciudad_mexico_moving_average_pm25.pdf,move
results/figures/time_series/ciudad_mexico_time_series_pm25.pdf,results/figures/satellite/ciudad_mexico_time_series_pm25.pdf,move
results/figures/time_series/santiago_moving_average_pm25.pdf,results/figures/satellite/santiago_moving_average_pm25.pdf,move
results/figures/time_series/santiago_time_series_pm25.pdf,results/figures/satellite/santiago_time_series_pm25.pdf,move
results/figures/time_series/sao_paulo_moving_average_pm25.pdf,results/figures/satellite/sao_paulo_moving_average_pm25.pdf,move
results/figures/time_series/sao_paulo_time_series_pm25.pdf,results/figures/satellite/sao_paulo_time_series_pm25.pdf,move
results/paper/.DS_Store,data/verification/migration-baseline/local-state/results/paper/.DS_Store,move
results/paper/README.md,data/verification/migration-baseline/legacy-export/README.md,move
results/paper/figures/.DS_Store,data/verification/migration-baseline/local-state/results/paper/figures/.DS_Store,move
results/paper/figures/city_distributions/all.pdf,results/figures/temporal/all.pdf,move
results/paper/figures/city_distributions/all_2019.pdf,results/figures/temporal/all_2019.pdf,move
results/paper/figures/city_distributions/all_2022.pdf,results/figures/temporal/all_2022.pdf,move
results/paper/figures/city_distributions/all_pm25.pdf,results/figures/temporal/all_pm25.pdf,move
results/paper/figures/city_distributions/all_pm25_2019.pdf,results/figures/temporal/all_pm25_2019.pdf,move
results/paper/figures/city_distributions/all_pm25_2022.pdf,results/figures/temporal/all_pm25_2022.pdf,move
results/paper/figures/exposure_by_quintile/plot_decile_hours_above_IT1_mexico_2023_3km_reg1.pdf,results/figures/exposure/plot_decile_hours_above_IT1_mexico_2023_3km_reg1.pdf,move
results/paper/figures/exposure_by_quintile/plot_decile_hours_above_IT1_saopaulo_2023_3km_reg1.pdf,results/figures/exposure/plot_decile_hours_above_IT1_saopaulo_2023_3km_reg1.pdf,move
results/paper/figures/exposure_by_quintile/plot_hours_above_IT1_bogota_2023_3km_reg1.pdf,results/figures/exposure/plot_hours_above_IT1_bogota_2023_3km_reg1.pdf,move
results/paper/figures/exposure_by_quintile/plot_hours_above_IT1_mexico_2023_3km_reg1.pdf,results/figures/exposure/plot_hours_above_IT1_mexico_2023_3km_reg1.pdf,move
results/paper/figures/exposure_by_quintile/plot_hours_above_IT1_santiago_2023_3km_reg1.pdf,results/figures/exposure/plot_hours_above_IT1_santiago_2023_3km_reg1.pdf,move
results/paper/figures/exposure_by_quintile/plot_hours_above_IT1_saopaulo_2023_3km_reg1.pdf,results/figures/exposure/plot_hours_above_IT1_saopaulo_2023_3km_reg1.pdf,move
results/paper/figures/exposure_by_quintile/plot_hours_above_IT2_bogota_2023_3km_reg1.pdf,results/figures/exposure/plot_hours_above_IT2_bogota_2023_3km_reg1.pdf,move
results/paper/figures/exposure_by_quintile/plot_hours_above_IT2_mexico_2023_3km_reg1.pdf,results/figures/exposure/plot_hours_above_IT2_mexico_2023_3km_reg1.pdf,move
results/paper/figures/exposure_by_quintile/plot_hours_above_IT2_santiago_2023_3km_reg1.pdf,results/figures/exposure/plot_hours_above_IT2_santiago_2023_3km_reg1.pdf,move
results/paper/figures/exposure_by_quintile/plot_hours_above_IT2_saopaulo_2023_3km_reg1.pdf,results/figures/exposure/plot_hours_above_IT2_saopaulo_2023_3km_reg1.pdf,move
results/paper/figures/exposure_by_quintile/plot_quintiles_bogota_pm10_pm25_mean_2023_3km.pdf,results/figures/exposure/plot_quintiles_bogota_pm10_pm25_mean_2023_3km.pdf,move
results/paper/figures/exposure_by_quintile/plot_quintiles_mexico_pm10_pm25_mean_2023_3km.pdf,results/figures/exposure/plot_quintiles_mexico_pm10_pm25_mean_2023_3km.pdf,move
results/paper/figures/exposure_by_quintile/plot_quintiles_santiago_pm10_pm25_mean_2023_3km.pdf,results/figures/exposure/plot_quintiles_santiago_pm10_pm25_mean_2023_3km.pdf,move
results/paper/figures/exposure_by_quintile/plot_quintiles_saopaulo_pm10_pm25_mean_2023_3km.pdf,results/figures/exposure/plot_quintiles_saopaulo_pm10_pm25_mean_2023_3km.pdf,move
results/paper/figures/exposure_densities/distribution_3km_bogota_pm10.pdf,results/figures/exposure/distribution_3km_bogota_pm10.pdf,move
results/paper/figures/exposure_densities/distribution_3km_bogota_pm10_v2.pdf,results/figures/exposure/distribution_3km_bogota_pm10_v2.pdf,move
results/paper/figures/exposure_densities/distribution_3km_bogota_pm25.pdf,results/figures/exposure/distribution_3km_bogota_pm25.pdf,move
results/paper/figures/exposure_densities/distribution_3km_bogota_pm25_v2.pdf,results/figures/exposure/distribution_3km_bogota_pm25_v2.pdf,move
results/paper/figures/exposure_densities/distribution_3km_mexico_pm10.pdf,results/figures/exposure/distribution_3km_mexico_pm10.pdf,move
results/paper/figures/exposure_densities/distribution_3km_mexico_pm10_v2.pdf,results/figures/exposure/distribution_3km_mexico_pm10_v2.pdf,move
results/paper/figures/exposure_densities/distribution_3km_mexico_pm25.pdf,results/figures/exposure/distribution_3km_mexico_pm25.pdf,move
results/paper/figures/exposure_densities/distribution_3km_mexico_pm25_v2.pdf,results/figures/exposure/distribution_3km_mexico_pm25_v2.pdf,move
results/paper/figures/exposure_densities/distribution_3km_santiago_pm10.pdf,results/figures/exposure/distribution_3km_santiago_pm10.pdf,move
results/paper/figures/exposure_densities/distribution_3km_santiago_pm10_v2.pdf,results/figures/exposure/distribution_3km_santiago_pm10_v2.pdf,move
results/paper/figures/exposure_densities/distribution_3km_santiago_pm25.pdf,results/figures/exposure/distribution_3km_santiago_pm25.pdf,move
results/paper/figures/exposure_densities/distribution_3km_santiago_pm25_v2.pdf,results/figures/exposure/distribution_3km_santiago_pm25_v2.pdf,move
results/paper/figures/exposure_densities/distribution_3km_saopaulo_pm10.pdf,results/figures/exposure/distribution_3km_saopaulo_pm10.pdf,move
results/paper/figures/exposure_densities/distribution_3km_saopaulo_pm10_v2.pdf,results/figures/exposure/distribution_3km_saopaulo_pm10_v2.pdf,move
results/paper/figures/exposure_densities/distribution_3km_saopaulo_pm25.pdf,results/figures/exposure/distribution_3km_saopaulo_pm25.pdf,move
results/paper/figures/exposure_densities/distribution_3km_saopaulo_pm25_v2.pdf,results/figures/exposure/distribution_3km_saopaulo_pm25_v2.pdf,move
results/paper/figures/exposure_imputed/plot_hours_above_IT1_bogota_2023_3km_imp.pdf,results/figures/imputation/plot_hours_above_IT1_bogota_2023_3km_imp.pdf,move
results/paper/figures/exposure_imputed/plot_hours_above_IT1_mexico_2023_3km_imp.pdf,results/figures/imputation/plot_hours_above_IT1_mexico_2023_3km_imp.pdf,move
results/paper/figures/exposure_imputed/plot_hours_above_IT1_santiago_2023_3km_imp.pdf,results/figures/imputation/plot_hours_above_IT1_santiago_2023_3km_imp.pdf,move
results/paper/figures/exposure_imputed/plot_hours_above_IT1_saopaulo_2023_3km_imp.pdf,results/figures/imputation/plot_hours_above_IT1_saopaulo_2023_3km_imp.pdf,move
results/paper/figures/exposure_imputed/plot_hours_above_IT2_bogota_2023_3km_imp.pdf,results/figures/imputation/plot_hours_above_IT2_bogota_2023_3km_imp.pdf,move
results/paper/figures/exposure_imputed/plot_hours_above_IT2_mexico_2023_3km_imp.pdf,results/figures/imputation/plot_hours_above_IT2_mexico_2023_3km_imp.pdf,move
results/paper/figures/exposure_imputed/plot_hours_above_IT2_santiago_2023_3km_imp.pdf,results/figures/imputation/plot_hours_above_IT2_santiago_2023_3km_imp.pdf,move
results/paper/figures/exposure_imputed/plot_hours_above_IT2_saopaulo_2023_3km_imp.pdf,results/figures/imputation/plot_hours_above_IT2_saopaulo_2023_3km_imp.pdf,move
results/paper/figures/exposure_imputed/plot_quintiles_bogota_all_mean_2023_3km_imp.pdf,results/figures/imputation/plot_quintiles_bogota_all_mean_2023_3km_imp.pdf,move
results/paper/figures/exposure_imputed/plot_quintiles_mexico_all_mean_2023_3km_imp.pdf,results/figures/imputation/plot_quintiles_mexico_all_mean_2023_3km_imp.pdf,move
results/paper/figures/exposure_imputed/plot_quintiles_santiago_all_mean_2023_3km_imp.pdf,results/figures/imputation/plot_quintiles_santiago_all_mean_2023_3km_imp.pdf,move
results/paper/figures/exposure_imputed/plot_quintiles_saopaulo_all_mean_2023_3km_imp.pdf,results/figures/imputation/plot_quintiles_saopaulo_all_mean_2023_3km_imp.pdf,move
results/paper/figures/hourly_profiles/bogota_ridge_plot.pdf,results/figures/temporal/bogota_ridge_plot.pdf,move
results/paper/figures/hourly_profiles/ciudad_mexico_ridge_plot.pdf,results/figures/temporal/ciudad_mexico_ridge_plot.pdf,move
results/paper/figures/hourly_profiles/distribution_hours_above_IT2.pdf,results/figures/temporal/distribution_hours_above_IT2.pdf,move
results/paper/figures/hourly_profiles/santiago_ridge_plot.pdf,results/figures/temporal/santiago_ridge_plot.pdf,move
results/paper/figures/hourly_profiles/sao_paulo_ridge_plot.pdf,results/figures/temporal/sao_paulo_ridge_plot.pdf,move
results/paper/figures/imputation_diagnostics/model2_bogota.pdf,results/figures/imputation/model2_bogota.pdf,move
results/paper/figures/imputation_diagnostics/model2_bogota_pm25.pdf,results/figures/imputation/model2_bogota_pm25.pdf,move
results/paper/figures/imputation_diagnostics/model2_bogota_scatter.pdf,results/figures/imputation/model2_bogota_scatter.pdf,move
results/paper/figures/imputation_diagnostics/model2_bogota_scatter_pm25.pdf,results/figures/imputation/model2_bogota_scatter_pm25.pdf,move
results/paper/figures/imputation_diagnostics/model2_mexico.pdf,results/figures/imputation/model2_mexico.pdf,move
results/paper/figures/imputation_diagnostics/model2_mexico_pm25.pdf,results/figures/imputation/model2_mexico_pm25.pdf,move
results/paper/figures/imputation_diagnostics/model2_mexico_scatter.pdf,results/figures/imputation/model2_mexico_scatter.pdf,move
results/paper/figures/imputation_diagnostics/model2_mexico_scatter_pm25.pdf,results/figures/imputation/model2_mexico_scatter_pm25.pdf,move
results/paper/figures/imputation_diagnostics/model2_santiago.pdf,results/figures/imputation/model2_santiago.pdf,move
results/paper/figures/imputation_diagnostics/model2_santiago_pm25.pdf,results/figures/imputation/model2_santiago_pm25.pdf,move
results/paper/figures/imputation_diagnostics/model2_santiago_scatter.pdf,results/figures/imputation/model2_santiago_scatter.pdf,move
results/paper/figures/imputation_diagnostics/model2_santiago_scatter_pm25.pdf,results/figures/imputation/model2_santiago_scatter_pm25.pdf,move
results/paper/figures/imputation_diagnostics/model2_saopaulo.pdf,results/figures/imputation/model2_saopaulo.pdf,move
results/paper/figures/imputation_diagnostics/model2_saopaulo_pm25.pdf,results/figures/imputation/model2_saopaulo_pm25.pdf,move
results/paper/figures/imputation_diagnostics/model2_saopaulo_scatter.pdf,results/figures/imputation/model2_saopaulo_scatter.pdf,move
results/paper/figures/imputation_diagnostics/model2_saopaulo_scatter_pm25.pdf,results/figures/imputation/model2_saopaulo_scatter_pm25.pdf,move
results/paper/figures/maps/bogota_population_density_map.pdf,results/figures/maps/bogota_population_density_map.pdf,move
results/paper/figures/maps/map_bogota_3km.pdf,results/figures/maps/map_bogota_3km.pdf,move
results/paper/figures/maps/map_mexico_3km.pdf,results/figures/maps/map_mexico_3km.pdf,move
results/paper/figures/maps/map_santiago_3km_dc.pdf,results/figures/maps/map_santiago_3km_dc.pdf,move
results/paper/figures/maps/map_saopaulo_3km.pdf,results/figures/maps/map_saopaulo_3km.pdf,move
results/paper/figures/maps/mexico_population_density_map.pdf,results/figures/maps/mexico_population_density_map.pdf,move
results/paper/figures/maps/santiago_population_density_map.pdf,results/figures/maps/santiago_population_density_map.pdf,move
results/paper/figures/maps/saopaulo_population_density_map.pdf,results/figures/maps/saopaulo_population_density_map.pdf,move
results/paper/figures/monitoring_coverage/stations_dis_num_bogota_10km.pdf,results/figures/monitoring/stations_dis_num_bogota_10km.pdf,move
results/paper/figures/monitoring_coverage/stations_dis_num_bogota_3km_v2.pdf,results/figures/monitoring/stations_dis_num_bogota_3km_v2.pdf,move
results/paper/figures/monitoring_coverage/stations_dis_num_bogota_5km.pdf,results/figures/monitoring/stations_dis_num_bogota_5km.pdf,move
results/paper/figures/monitoring_coverage/stations_dis_num_mexico_10km.pdf,results/figures/monitoring/stations_dis_num_mexico_10km.pdf,move
results/paper/figures/monitoring_coverage/stations_dis_num_mexico_3km_v2.pdf,results/figures/monitoring/stations_dis_num_mexico_3km_v2.pdf,move
results/paper/figures/monitoring_coverage/stations_dis_num_mexico_5km.pdf,results/figures/monitoring/stations_dis_num_mexico_5km.pdf,move
results/paper/figures/monitoring_coverage/stations_dis_num_santiago_10km.pdf,results/figures/monitoring/stations_dis_num_santiago_10km.pdf,move
results/paper/figures/monitoring_coverage/stations_dis_num_santiago_3km_v2.pdf,results/figures/monitoring/stations_dis_num_santiago_3km_v2.pdf,move
results/paper/figures/monitoring_coverage/stations_dis_num_santiago_5km.pdf,results/figures/monitoring/stations_dis_num_santiago_5km.pdf,move
results/paper/figures/monitoring_coverage/stations_dis_num_saopaulo_10km.pdf,results/figures/monitoring/stations_dis_num_saopaulo_10km.pdf,move
results/paper/figures/monitoring_coverage/stations_dis_num_saopaulo_3km_v2.pdf,results/figures/monitoring/stations_dis_num_saopaulo_3km_v2.pdf,move
results/paper/figures/monitoring_coverage/stations_dis_num_saopaulo_5km.pdf,results/figures/monitoring/stations_dis_num_saopaulo_5km.pdf,move
results/paper/figures/station_scatters/scatter_plot_bogota_2023.pdf,results/figures/monitoring/scatter_plot_bogota_2023.pdf,move
results/paper/figures/station_scatters/scatter_plot_bogota_2023_pm10mean.pdf,results/figures/monitoring/scatter_plot_bogota_2023_pm10mean.pdf,move
results/paper/figures/station_scatters/scatter_plot_bogota_2023_pm25mean.pdf,results/figures/monitoring/scatter_plot_bogota_2023_pm25mean.pdf,move
results/paper/figures/station_scatters/scatter_plot_bogota_IT2_2023.pdf,results/figures/monitoring/scatter_plot_bogota_IT2_2023.pdf,move
results/paper/figures/station_scatters/scatter_plot_bogota_IT2_pm25_2023.pdf,results/figures/monitoring/scatter_plot_bogota_IT2_pm25_2023.pdf,move
results/paper/figures/station_scatters/scatter_plot_bogota_pm25_2023.pdf,results/figures/monitoring/scatter_plot_bogota_pm25_2023.pdf,move
results/paper/figures/station_scatters/scatter_plot_mexico_2023.pdf,results/figures/monitoring/scatter_plot_mexico_2023.pdf,move
results/paper/figures/station_scatters/scatter_plot_mexico_2023_income.pdf,results/figures/monitoring/scatter_plot_mexico_2023_income.pdf,move
results/paper/figures/station_scatters/scatter_plot_mexico_2023_pm10mean.pdf,results/figures/monitoring/scatter_plot_mexico_2023_pm10mean.pdf,move
results/paper/figures/station_scatters/scatter_plot_mexico_2023_pm25mean.pdf,results/figures/monitoring/scatter_plot_mexico_2023_pm25mean.pdf,move
results/paper/figures/station_scatters/scatter_plot_mexico_IT2_2023.pdf,results/figures/monitoring/scatter_plot_mexico_IT2_2023.pdf,move
results/paper/figures/station_scatters/scatter_plot_mexico_IT2_pm25_2023.pdf,results/figures/monitoring/scatter_plot_mexico_IT2_pm25_2023.pdf,move
results/paper/figures/station_scatters/scatter_plot_mexico_pm25_2023.pdf,results/figures/monitoring/scatter_plot_mexico_pm25_2023.pdf,move
results/paper/figures/station_scatters/scatter_plot_mexico_pm25_2023_income.pdf,results/figures/monitoring/scatter_plot_mexico_pm25_2023_income.pdf,move
results/paper/figures/station_scatters/scatter_plot_santiago_2023.pdf,results/figures/monitoring/scatter_plot_santiago_2023.pdf,move
results/paper/figures/station_scatters/scatter_plot_santiago_2023_pm10mean.pdf,results/figures/monitoring/scatter_plot_santiago_2023_pm10mean.pdf,move
results/paper/figures/station_scatters/scatter_plot_santiago_2023_pm25mean.pdf,results/figures/monitoring/scatter_plot_santiago_2023_pm25mean.pdf,move
results/paper/figures/station_scatters/scatter_plot_santiago_IT2_2023.pdf,results/figures/monitoring/scatter_plot_santiago_IT2_2023.pdf,move
results/paper/figures/station_scatters/scatter_plot_santiago_pm25_2023.pdf,results/figures/monitoring/scatter_plot_santiago_pm25_2023.pdf,move
results/paper/figures/station_scatters/scatter_plot_santiago_pm25_IT2_2023.pdf,results/figures/monitoring/scatter_plot_santiago_pm25_IT2_2023.pdf,move
results/paper/figures/station_scatters/scatter_plot_saopaulo_2023.pdf,results/figures/monitoring/scatter_plot_saopaulo_2023.pdf,move
results/paper/figures/station_scatters/scatter_plot_saopaulo_2023_income.pdf,results/figures/monitoring/scatter_plot_saopaulo_2023_income.pdf,move
results/paper/figures/station_scatters/scatter_plot_saopaulo_2023_pm10mean.pdf,results/figures/monitoring/scatter_plot_saopaulo_2023_pm10mean.pdf,move
results/paper/figures/station_scatters/scatter_plot_saopaulo_2023_pm25mean.pdf,results/figures/monitoring/scatter_plot_saopaulo_2023_pm25mean.pdf,move
results/paper/figures/station_scatters/scatter_plot_saopaulo_IT2_2023.pdf,results/figures/monitoring/scatter_plot_saopaulo_IT2_2023.pdf,move
results/paper/figures/station_scatters/scatter_plot_saopaulo_IT2_pm25_2023.pdf,results/figures/monitoring/scatter_plot_saopaulo_IT2_pm25_2023.pdf,move
results/paper/figures/station_scatters/scatter_plot_saopaulo_pm25_2023.pdf,results/figures/monitoring/scatter_plot_saopaulo_pm25_2023.pdf,move
results/paper/figures/station_scatters/scatter_plot_saopaulo_pm25_2023_income.pdf,results/figures/monitoring/scatter_plot_saopaulo_pm25_2023_income.pdf,move
results/paper/tables/missing_by_education_quintile_2023.tex,results/tables/missing_by_education_quintile_2023.tex,move
results/paper/tables/stations_by_pollutant_2023.tex,results/tables/stations_by_pollutant_2023.tex,move
results/paper/tables/table_avg_hours_above_thresholds.tex,results/tables/table_avg_hours_above_thresholds.tex,move
results/paper/tables/table_census_coverage.tex,results/tables/census_summary_table.tex,deduplicate_identical
results/paper/tables/table_days_above_thresholds.tex,results/tables/table_days_above_thresholds.tex,move
results/paper/tables/table_descriptives_a.tex,results/tables/table_descriptives_a.tex,move
results/paper/tables/table_descriptives_b.tex,results/tables/table_descriptives_b.tex,move
results/paper/tables/table_hours_above_education_quintiles.tex,results/tables/table_hours_above_education_quintiles.tex,move
results/paper/tables/table_hours_above_income_groups.tex,results/tables/table_hours_above_income_groups.tex,move
results/paper/tables/table_means_education_quintiles.tex,results/tables/table_means_education_quintiles.tex,move
results/paper/tables/table_means_income_groups.tex,results/tables/table_means_income_groups.tex,move
results/paper/tex_path_mapping.csv,data/verification/migration-baseline/legacy-export/tex_path_mapping.csv,move
results/paper/update_tex_paths.sh,data/verification/migration-baseline/legacy-export/update_tex_paths.sh,move
results/tables/.DS_Store,data/verification/migration-baseline/local-state/results/tables/.DS_Store,move
results/tables/census_summary/census_summary_table.tex,results/tables/census_summary_table.tex,move
results/tables/exposure_by_groups/table_hours_above_education_quintiles.tex,results/tables/table_hours_above_education_quintiles.tex,deduplicate_identical
results/tables/exposure_by_groups/table_hours_above_income_groups.tex,results/tables/table_hours_above_income_groups.tex,deduplicate_identical
results/tables/exposure_by_groups/table_means_education_quintiles.tex,results/tables/table_means_education_quintiles.tex,deduplicate_identical
results/tables/exposure_by_groups/table_means_income_groups.tex,results/tables/table_means_income_groups.tex,deduplicate_identical
results/tables/missing_proportions/bogota_raw_missing_by_hour.tex,results/tables/bogota_raw_missing_by_hour.tex,move
results/tables/missing_proportions/bogota_raw_missing_by_month.tex,results/tables/bogota_raw_missing_by_month.tex,move
results/tables/missing_proportions/bogota_raw_missing_by_station.tex,results/tables/bogota_raw_missing_by_station.tex,move
results/tables/missing_proportions/cdmx_raw_missing_by_hour.tex,results/tables/cdmx_raw_missing_by_hour.tex,move
results/tables/missing_proportions/cdmx_raw_missing_by_month.tex,results/tables/cdmx_raw_missing_by_month.tex,move
results/tables/missing_proportions/cdmx_raw_missing_by_station.tex,results/tables/cdmx_raw_missing_by_station.tex,move
results/tables/missing_proportions/missing_by_education_quintile_2023.tex,results/tables/missing_by_education_quintile_2023.tex,deduplicate_identical
results/tables/missing_proportions/santiago_raw_missing_by_hour.tex,results/tables/santiago_raw_missing_by_hour.tex,move
results/tables/missing_proportions/santiago_raw_missing_by_month.tex,results/tables/santiago_raw_missing_by_month.tex,move
results/tables/missing_proportions/santiago_raw_missing_by_station.tex,results/tables/santiago_raw_missing_by_station.tex,move
results/tables/missing_proportions/sao_paulo_metro_raw_missing_by_hour.tex,results/tables/sao_paulo_metro_raw_missing_by_hour.tex,move
results/tables/missing_proportions/sao_paulo_metro_raw_missing_by_month.tex,results/tables/sao_paulo_metro_raw_missing_by_month.tex,move
results/tables/missing_proportions/sao_paulo_metro_raw_missing_by_station.tex,results/tables/sao_paulo_metro_raw_missing_by_station.tex,move
results/tables/states_to_get_stations/.DS_Store,data/verification/migration-baseline/local-state/results/tables/states_to_get_stations/.DS_Store,move
results/tables/states_to_get_stations/CDMX.tex,results/tables/station_source_regions_CDMX.tex,move
results/tables/states_to_get_stations/bogota.tex,results/tables/station_source_regions_bogota.tex,move
results/tables/states_to_get_stations/santiago.tex,results/tables/station_source_regions_santiago.tex,move
results/tables/states_to_get_stations/sao_paulo.tex,results/tables/station_source_regions_sao_paulo.tex,move
results/tables/station_counts/stations_by_pollutant_2023.csv,results/tables/stations_by_pollutant_2023.csv,move
results/tables/station_counts/stations_by_pollutant_2023.parquet,data/processed/legacy_result_intermediates/stations_by_pollutant_2023.parquet,move
results/tables/station_counts/stations_by_pollutant_2023.tex,results/tables/stations_by_pollutant_2023.tex,deduplicate_identical
results/tables/threshold_exceedances/table_avg_hours_above_thresholds.tex,results/tables/table_avg_hours_above_thresholds.tex,deduplicate_identical
results/tables/threshold_exceedances/table_days_above_thresholds.tex,results/tables/table_days_above_thresholds.tex,deduplicate_identical
results/tables/who_exceedances/who_exceedances_all_cities.tex,results/tables/who_exceedances_all_cities.tex,move
results/validation_old_version/.DS_Store,data/verification/migration-baseline/local-state/results/validation_old_version/.DS_Store,move
results/validation_old_version/CDMX/.DS_Store,data/verification/migration-baseline/local-state/results/validation_old_version/CDMX/.DS_Store,move
results/validation_old_version/CDMX/cdmx_pm10_stations_in_2022_by_presence.html,data/validation/CDMX/cdmx_pm10_stations_in_2022_by_presence.html,move
results/validation_old_version/CDMX/cdmx_pm10_stations_in_2022_by_presence_files/.DS_Store,data/verification/migration-baseline/local-state/results/validation_old_version/CDMX/cdmx_pm10_stations_in_2022_by_presence_files/.DS_Store,move
results/validation_old_version/CDMX/cdmx_pm10_stations_in_2022_by_presence_files/Proj4Leaflet-1.0.1/proj4leaflet.js,data/validation/CDMX/cdmx_pm10_stations_in_2022_by_presence_files/Proj4Leaflet-1.0.1/proj4leaflet.js,move
results/validation_old_version/CDMX/cdmx_pm10_stations_in_2022_by_presence_files/htmltools-fill-0.5.8.1/fill.css,data/validation/CDMX/cdmx_pm10_stations_in_2022_by_presence_files/htmltools-fill-0.5.8.1/fill.css,move
results/validation_old_version/CDMX/cdmx_pm10_stations_in_2022_by_presence_files/htmlwidgets-1.6.4/htmlwidgets.js,data/validation/CDMX/cdmx_pm10_stations_in_2022_by_presence_files/htmlwidgets-1.6.4/htmlwidgets.js,move
results/validation_old_version/CDMX/cdmx_pm10_stations_in_2022_by_presence_files/jquery-3.6.0/jquery-3.6.0.js,data/validation/CDMX/cdmx_pm10_stations_in_2022_by_presence_files/jquery-3.6.0/jquery-3.6.0.js,move
results/validation_old_version/CDMX/cdmx_pm10_stations_in_2022_by_presence_files/jquery-3.6.0/jquery-3.6.0.min.js,data/validation/CDMX/cdmx_pm10_stations_in_2022_by_presence_files/jquery-3.6.0/jquery-3.6.0.min.js,move
results/validation_old_version/CDMX/cdmx_pm10_stations_in_2022_by_presence_files/jquery-3.6.0/jquery-3.6.0.min.map,data/validation/CDMX/cdmx_pm10_stations_in_2022_by_presence_files/jquery-3.6.0/jquery-3.6.0.min.map,move
results/validation_old_version/CDMX/cdmx_pm10_stations_in_2022_by_presence_files/leaflet-1.3.1/images/layers-2x.png,data/validation/CDMX/cdmx_pm10_stations_in_2022_by_presence_files/leaflet-1.3.1/images/layers-2x.png,move
results/validation_old_version/CDMX/cdmx_pm10_stations_in_2022_by_presence_files/leaflet-1.3.1/images/layers.png,data/validation/CDMX/cdmx_pm10_stations_in_2022_by_presence_files/leaflet-1.3.1/images/layers.png,move
results/validation_old_version/CDMX/cdmx_pm10_stations_in_2022_by_presence_files/leaflet-1.3.1/images/marker-icon-2x.png,data/validation/CDMX/cdmx_pm10_stations_in_2022_by_presence_files/leaflet-1.3.1/images/marker-icon-2x.png,move
results/validation_old_version/CDMX/cdmx_pm10_stations_in_2022_by_presence_files/leaflet-1.3.1/images/marker-icon.png,data/validation/CDMX/cdmx_pm10_stations_in_2022_by_presence_files/leaflet-1.3.1/images/marker-icon.png,move
results/validation_old_version/CDMX/cdmx_pm10_stations_in_2022_by_presence_files/leaflet-1.3.1/images/marker-shadow.png,data/validation/CDMX/cdmx_pm10_stations_in_2022_by_presence_files/leaflet-1.3.1/images/marker-shadow.png,move
results/validation_old_version/CDMX/cdmx_pm10_stations_in_2022_by_presence_files/leaflet-1.3.1/leaflet.css,data/validation/CDMX/cdmx_pm10_stations_in_2022_by_presence_files/leaflet-1.3.1/leaflet.css,move
results/validation_old_version/CDMX/cdmx_pm10_stations_in_2022_by_presence_files/leaflet-1.3.1/leaflet.js,data/validation/CDMX/cdmx_pm10_stations_in_2022_by_presence_files/leaflet-1.3.1/leaflet.js,move
results/validation_old_version/CDMX/cdmx_pm10_stations_in_2022_by_presence_files/leaflet-binding-2.2.3/leaflet.js,data/validation/CDMX/cdmx_pm10_stations_in_2022_by_presence_files/leaflet-binding-2.2.3/leaflet.js,move
results/validation_old_version/CDMX/cdmx_pm10_stations_in_2022_by_presence_files/leafletfix-1.0.0/leafletfix.css,data/validation/CDMX/cdmx_pm10_stations_in_2022_by_presence_files/leafletfix-1.0.0/leafletfix.css,move
results/validation_old_version/CDMX/cdmx_pm10_stations_in_2022_by_presence_files/proj4-2.6.2/proj4.min.js,data/validation/CDMX/cdmx_pm10_stations_in_2022_by_presence_files/proj4-2.6.2/proj4.min.js,move
results/validation_old_version/CDMX/cdmx_pm10_stations_in_2022_by_presence_files/rstudio_leaflet-1.3.1/images/1px.png,data/validation/CDMX/cdmx_pm10_stations_in_2022_by_presence_files/rstudio_leaflet-1.3.1/images/1px.png,move
results/validation_old_version/CDMX/cdmx_pm10_stations_in_2022_by_presence_files/rstudio_leaflet-1.3.1/rstudio_leaflet.css,data/validation/CDMX/cdmx_pm10_stations_in_2022_by_presence_files/rstudio_leaflet-1.3.1/rstudio_leaflet.css,move
results/validation_old_version/CDMX/cdmx_pm10_stations_in_2023_by_presence.html,data/validation/CDMX/cdmx_pm10_stations_in_2023_by_presence.html,move
results/validation_old_version/CDMX/cdmx_pm10_stations_in_2023_by_presence_files/.DS_Store,data/verification/migration-baseline/local-state/results/validation_old_version/CDMX/cdmx_pm10_stations_in_2023_by_presence_files/.DS_Store,move
results/validation_old_version/CDMX/cdmx_pm10_stations_in_2023_by_presence_files/Proj4Leaflet-1.0.1/proj4leaflet.js,data/validation/CDMX/cdmx_pm10_stations_in_2023_by_presence_files/Proj4Leaflet-1.0.1/proj4leaflet.js,move
results/validation_old_version/CDMX/cdmx_pm10_stations_in_2023_by_presence_files/htmltools-fill-0.5.8.1/fill.css,data/validation/CDMX/cdmx_pm10_stations_in_2023_by_presence_files/htmltools-fill-0.5.8.1/fill.css,move
results/validation_old_version/CDMX/cdmx_pm10_stations_in_2023_by_presence_files/htmlwidgets-1.6.4/htmlwidgets.js,data/validation/CDMX/cdmx_pm10_stations_in_2023_by_presence_files/htmlwidgets-1.6.4/htmlwidgets.js,move
results/validation_old_version/CDMX/cdmx_pm10_stations_in_2023_by_presence_files/jquery-3.6.0/jquery-3.6.0.js,data/validation/CDMX/cdmx_pm10_stations_in_2023_by_presence_files/jquery-3.6.0/jquery-3.6.0.js,move
results/validation_old_version/CDMX/cdmx_pm10_stations_in_2023_by_presence_files/jquery-3.6.0/jquery-3.6.0.min.js,data/validation/CDMX/cdmx_pm10_stations_in_2023_by_presence_files/jquery-3.6.0/jquery-3.6.0.min.js,move
results/validation_old_version/CDMX/cdmx_pm10_stations_in_2023_by_presence_files/jquery-3.6.0/jquery-3.6.0.min.map,data/validation/CDMX/cdmx_pm10_stations_in_2023_by_presence_files/jquery-3.6.0/jquery-3.6.0.min.map,move
results/validation_old_version/CDMX/cdmx_pm10_stations_in_2023_by_presence_files/leaflet-1.3.1/images/layers-2x.png,data/validation/CDMX/cdmx_pm10_stations_in_2023_by_presence_files/leaflet-1.3.1/images/layers-2x.png,move
results/validation_old_version/CDMX/cdmx_pm10_stations_in_2023_by_presence_files/leaflet-1.3.1/images/layers.png,data/validation/CDMX/cdmx_pm10_stations_in_2023_by_presence_files/leaflet-1.3.1/images/layers.png,move
results/validation_old_version/CDMX/cdmx_pm10_stations_in_2023_by_presence_files/leaflet-1.3.1/images/marker-icon-2x.png,data/validation/CDMX/cdmx_pm10_stations_in_2023_by_presence_files/leaflet-1.3.1/images/marker-icon-2x.png,move
results/validation_old_version/CDMX/cdmx_pm10_stations_in_2023_by_presence_files/leaflet-1.3.1/images/marker-icon.png,data/validation/CDMX/cdmx_pm10_stations_in_2023_by_presence_files/leaflet-1.3.1/images/marker-icon.png,move
results/validation_old_version/CDMX/cdmx_pm10_stations_in_2023_by_presence_files/leaflet-1.3.1/images/marker-shadow.png,data/validation/CDMX/cdmx_pm10_stations_in_2023_by_presence_files/leaflet-1.3.1/images/marker-shadow.png,move
results/validation_old_version/CDMX/cdmx_pm10_stations_in_2023_by_presence_files/leaflet-1.3.1/leaflet.css,data/validation/CDMX/cdmx_pm10_stations_in_2023_by_presence_files/leaflet-1.3.1/leaflet.css,move
results/validation_old_version/CDMX/cdmx_pm10_stations_in_2023_by_presence_files/leaflet-1.3.1/leaflet.js,data/validation/CDMX/cdmx_pm10_stations_in_2023_by_presence_files/leaflet-1.3.1/leaflet.js,move
results/validation_old_version/CDMX/cdmx_pm10_stations_in_2023_by_presence_files/leaflet-binding-2.2.3/leaflet.js,data/validation/CDMX/cdmx_pm10_stations_in_2023_by_presence_files/leaflet-binding-2.2.3/leaflet.js,move
results/validation_old_version/CDMX/cdmx_pm10_stations_in_2023_by_presence_files/leafletfix-1.0.0/leafletfix.css,data/validation/CDMX/cdmx_pm10_stations_in_2023_by_presence_files/leafletfix-1.0.0/leafletfix.css,move
results/validation_old_version/CDMX/cdmx_pm10_stations_in_2023_by_presence_files/proj4-2.6.2/proj4.min.js,data/validation/CDMX/cdmx_pm10_stations_in_2023_by_presence_files/proj4-2.6.2/proj4.min.js,move
results/validation_old_version/CDMX/cdmx_pm10_stations_in_2023_by_presence_files/rstudio_leaflet-1.3.1/images/1px.png,data/validation/CDMX/cdmx_pm10_stations_in_2023_by_presence_files/rstudio_leaflet-1.3.1/images/1px.png,move
results/validation_old_version/CDMX/cdmx_pm10_stations_in_2023_by_presence_files/rstudio_leaflet-1.3.1/rstudio_leaflet.css,data/validation/CDMX/cdmx_pm10_stations_in_2023_by_presence_files/rstudio_leaflet-1.3.1/rstudio_leaflet.css,move
results/validation_old_version/CDMX/cdmx_pm25_stations_in_2022_by_presence.html,data/validation/CDMX/cdmx_pm25_stations_in_2022_by_presence.html,move
results/validation_old_version/CDMX/cdmx_pm25_stations_in_2022_by_presence_files/.DS_Store,data/verification/migration-baseline/local-state/results/validation_old_version/CDMX/cdmx_pm25_stations_in_2022_by_presence_files/.DS_Store,move
results/validation_old_version/CDMX/cdmx_pm25_stations_in_2022_by_presence_files/Proj4Leaflet-1.0.1/proj4leaflet.js,data/validation/CDMX/cdmx_pm25_stations_in_2022_by_presence_files/Proj4Leaflet-1.0.1/proj4leaflet.js,move
results/validation_old_version/CDMX/cdmx_pm25_stations_in_2022_by_presence_files/htmltools-fill-0.5.8.1/fill.css,data/validation/CDMX/cdmx_pm25_stations_in_2022_by_presence_files/htmltools-fill-0.5.8.1/fill.css,move
results/validation_old_version/CDMX/cdmx_pm25_stations_in_2022_by_presence_files/htmlwidgets-1.6.4/htmlwidgets.js,data/validation/CDMX/cdmx_pm25_stations_in_2022_by_presence_files/htmlwidgets-1.6.4/htmlwidgets.js,move
results/validation_old_version/CDMX/cdmx_pm25_stations_in_2022_by_presence_files/jquery-3.6.0/jquery-3.6.0.js,data/validation/CDMX/cdmx_pm25_stations_in_2022_by_presence_files/jquery-3.6.0/jquery-3.6.0.js,move
results/validation_old_version/CDMX/cdmx_pm25_stations_in_2022_by_presence_files/jquery-3.6.0/jquery-3.6.0.min.js,data/validation/CDMX/cdmx_pm25_stations_in_2022_by_presence_files/jquery-3.6.0/jquery-3.6.0.min.js,move
results/validation_old_version/CDMX/cdmx_pm25_stations_in_2022_by_presence_files/jquery-3.6.0/jquery-3.6.0.min.map,data/validation/CDMX/cdmx_pm25_stations_in_2022_by_presence_files/jquery-3.6.0/jquery-3.6.0.min.map,move
results/validation_old_version/CDMX/cdmx_pm25_stations_in_2022_by_presence_files/leaflet-1.3.1/images/layers-2x.png,data/validation/CDMX/cdmx_pm25_stations_in_2022_by_presence_files/leaflet-1.3.1/images/layers-2x.png,move
results/validation_old_version/CDMX/cdmx_pm25_stations_in_2022_by_presence_files/leaflet-1.3.1/images/layers.png,data/validation/CDMX/cdmx_pm25_stations_in_2022_by_presence_files/leaflet-1.3.1/images/layers.png,move
results/validation_old_version/CDMX/cdmx_pm25_stations_in_2022_by_presence_files/leaflet-1.3.1/images/marker-icon-2x.png,data/validation/CDMX/cdmx_pm25_stations_in_2022_by_presence_files/leaflet-1.3.1/images/marker-icon-2x.png,move
results/validation_old_version/CDMX/cdmx_pm25_stations_in_2022_by_presence_files/leaflet-1.3.1/images/marker-icon.png,data/validation/CDMX/cdmx_pm25_stations_in_2022_by_presence_files/leaflet-1.3.1/images/marker-icon.png,move
results/validation_old_version/CDMX/cdmx_pm25_stations_in_2022_by_presence_files/leaflet-1.3.1/images/marker-shadow.png,data/validation/CDMX/cdmx_pm25_stations_in_2022_by_presence_files/leaflet-1.3.1/images/marker-shadow.png,move
results/validation_old_version/CDMX/cdmx_pm25_stations_in_2022_by_presence_files/leaflet-1.3.1/leaflet.css,data/validation/CDMX/cdmx_pm25_stations_in_2022_by_presence_files/leaflet-1.3.1/leaflet.css,move
results/validation_old_version/CDMX/cdmx_pm25_stations_in_2022_by_presence_files/leaflet-1.3.1/leaflet.js,data/validation/CDMX/cdmx_pm25_stations_in_2022_by_presence_files/leaflet-1.3.1/leaflet.js,move
results/validation_old_version/CDMX/cdmx_pm25_stations_in_2022_by_presence_files/leaflet-binding-2.2.3/leaflet.js,data/validation/CDMX/cdmx_pm25_stations_in_2022_by_presence_files/leaflet-binding-2.2.3/leaflet.js,move
results/validation_old_version/CDMX/cdmx_pm25_stations_in_2022_by_presence_files/leafletfix-1.0.0/leafletfix.css,data/validation/CDMX/cdmx_pm25_stations_in_2022_by_presence_files/leafletfix-1.0.0/leafletfix.css,move
results/validation_old_version/CDMX/cdmx_pm25_stations_in_2022_by_presence_files/proj4-2.6.2/proj4.min.js,data/validation/CDMX/cdmx_pm25_stations_in_2022_by_presence_files/proj4-2.6.2/proj4.min.js,move
results/validation_old_version/CDMX/cdmx_pm25_stations_in_2022_by_presence_files/rstudio_leaflet-1.3.1/images/1px.png,data/validation/CDMX/cdmx_pm25_stations_in_2022_by_presence_files/rstudio_leaflet-1.3.1/images/1px.png,move
results/validation_old_version/CDMX/cdmx_pm25_stations_in_2022_by_presence_files/rstudio_leaflet-1.3.1/rstudio_leaflet.css,data/validation/CDMX/cdmx_pm25_stations_in_2022_by_presence_files/rstudio_leaflet-1.3.1/rstudio_leaflet.css,move
results/validation_old_version/CDMX/cdmx_pm25_stations_in_2023_by_presence.html,data/validation/CDMX/cdmx_pm25_stations_in_2023_by_presence.html,move
results/validation_old_version/CDMX/cdmx_pm25_stations_in_2023_by_presence_files/.DS_Store,data/verification/migration-baseline/local-state/results/validation_old_version/CDMX/cdmx_pm25_stations_in_2023_by_presence_files/.DS_Store,move
results/validation_old_version/CDMX/cdmx_pm25_stations_in_2023_by_presence_files/Proj4Leaflet-1.0.1/proj4leaflet.js,data/validation/CDMX/cdmx_pm25_stations_in_2023_by_presence_files/Proj4Leaflet-1.0.1/proj4leaflet.js,move
results/validation_old_version/CDMX/cdmx_pm25_stations_in_2023_by_presence_files/htmltools-fill-0.5.8.1/fill.css,data/validation/CDMX/cdmx_pm25_stations_in_2023_by_presence_files/htmltools-fill-0.5.8.1/fill.css,move
results/validation_old_version/CDMX/cdmx_pm25_stations_in_2023_by_presence_files/htmlwidgets-1.6.4/htmlwidgets.js,data/validation/CDMX/cdmx_pm25_stations_in_2023_by_presence_files/htmlwidgets-1.6.4/htmlwidgets.js,move
results/validation_old_version/CDMX/cdmx_pm25_stations_in_2023_by_presence_files/jquery-3.6.0/jquery-3.6.0.js,data/validation/CDMX/cdmx_pm25_stations_in_2023_by_presence_files/jquery-3.6.0/jquery-3.6.0.js,move
results/validation_old_version/CDMX/cdmx_pm25_stations_in_2023_by_presence_files/jquery-3.6.0/jquery-3.6.0.min.js,data/validation/CDMX/cdmx_pm25_stations_in_2023_by_presence_files/jquery-3.6.0/jquery-3.6.0.min.js,move
results/validation_old_version/CDMX/cdmx_pm25_stations_in_2023_by_presence_files/jquery-3.6.0/jquery-3.6.0.min.map,data/validation/CDMX/cdmx_pm25_stations_in_2023_by_presence_files/jquery-3.6.0/jquery-3.6.0.min.map,move
results/validation_old_version/CDMX/cdmx_pm25_stations_in_2023_by_presence_files/leaflet-1.3.1/images/layers-2x.png,data/validation/CDMX/cdmx_pm25_stations_in_2023_by_presence_files/leaflet-1.3.1/images/layers-2x.png,move
results/validation_old_version/CDMX/cdmx_pm25_stations_in_2023_by_presence_files/leaflet-1.3.1/images/layers.png,data/validation/CDMX/cdmx_pm25_stations_in_2023_by_presence_files/leaflet-1.3.1/images/layers.png,move
results/validation_old_version/CDMX/cdmx_pm25_stations_in_2023_by_presence_files/leaflet-1.3.1/images/marker-icon-2x.png,data/validation/CDMX/cdmx_pm25_stations_in_2023_by_presence_files/leaflet-1.3.1/images/marker-icon-2x.png,move
results/validation_old_version/CDMX/cdmx_pm25_stations_in_2023_by_presence_files/leaflet-1.3.1/images/marker-icon.png,data/validation/CDMX/cdmx_pm25_stations_in_2023_by_presence_files/leaflet-1.3.1/images/marker-icon.png,move
results/validation_old_version/CDMX/cdmx_pm25_stations_in_2023_by_presence_files/leaflet-1.3.1/images/marker-shadow.png,data/validation/CDMX/cdmx_pm25_stations_in_2023_by_presence_files/leaflet-1.3.1/images/marker-shadow.png,move
results/validation_old_version/CDMX/cdmx_pm25_stations_in_2023_by_presence_files/leaflet-1.3.1/leaflet.css,data/validation/CDMX/cdmx_pm25_stations_in_2023_by_presence_files/leaflet-1.3.1/leaflet.css,move
results/validation_old_version/CDMX/cdmx_pm25_stations_in_2023_by_presence_files/leaflet-1.3.1/leaflet.js,data/validation/CDMX/cdmx_pm25_stations_in_2023_by_presence_files/leaflet-1.3.1/leaflet.js,move
results/validation_old_version/CDMX/cdmx_pm25_stations_in_2023_by_presence_files/leaflet-binding-2.2.3/leaflet.js,data/validation/CDMX/cdmx_pm25_stations_in_2023_by_presence_files/leaflet-binding-2.2.3/leaflet.js,move
results/validation_old_version/CDMX/cdmx_pm25_stations_in_2023_by_presence_files/leafletfix-1.0.0/leafletfix.css,data/validation/CDMX/cdmx_pm25_stations_in_2023_by_presence_files/leafletfix-1.0.0/leafletfix.css,move
results/validation_old_version/CDMX/cdmx_pm25_stations_in_2023_by_presence_files/proj4-2.6.2/proj4.min.js,data/validation/CDMX/cdmx_pm25_stations_in_2023_by_presence_files/proj4-2.6.2/proj4.min.js,move
results/validation_old_version/CDMX/cdmx_pm25_stations_in_2023_by_presence_files/rstudio_leaflet-1.3.1/images/1px.png,data/validation/CDMX/cdmx_pm25_stations_in_2023_by_presence_files/rstudio_leaflet-1.3.1/images/1px.png,move
results/validation_old_version/CDMX/cdmx_pm25_stations_in_2023_by_presence_files/rstudio_leaflet-1.3.1/rstudio_leaflet.css,data/validation/CDMX/cdmx_pm25_stations_in_2023_by_presence_files/rstudio_leaflet-1.3.1/rstudio_leaflet.css,move
results/validation_old_version/bogota/.DS_Store,data/verification/migration-baseline/local-state/results/validation_old_version/bogota/.DS_Store,move
results/validation_old_version/bogota/bogota_report.qmd,scripts/validation_old_version/bogota_report.qmd,move_source_and_update_paths
results/validation_old_version/bogota/bogota_validation_report.html,data/validation/bogota/bogota_validation_report.html,move
results/validation_old_version/bogota/census_comparison/collapsed_diffs.parquet,data/validation/bogota/census_comparison/collapsed_diffs.parquet,move
results/validation_old_version/bogota/census_comparison/collapsed_summary.parquet,data/validation/bogota/census_comparison/collapsed_summary.parquet,move
results/validation_old_version/bogota/census_comparison/geo_coverage.parquet,data/validation/bogota/census_comparison/geo_coverage.parquet,move
results/validation_old_version/bogota/census_comparison/individual_summary.parquet,data/validation/bogota/census_comparison/individual_summary.parquet,move
results/validation_old_version/bogota/distance_comparison/geo_dist_summary.parquet,data/validation/bogota/distance_comparison/geo_dist_summary.parquet,move
results/validation_old_version/bogota/distance_comparison/station_dist_summary.parquet,data/validation/bogota/distance_comparison/station_dist_summary.parquet,move
results/validation_old_version/bogota/ground_station_comparison/diff_summary.parquet,data/validation/bogota/ground_station_comparison/diff_summary.parquet,move
results/validation_old_version/bogota/ground_station_comparison/diffs_long.parquet,data/validation/bogota/ground_station_comparison/diffs_long.parquet,move
results/validation_old_version/bogota/ground_station_comparison/ground_station_comparison/diff_summary.parquet,data/validation/bogota/ground_station_comparison/ground_station_comparison/diff_summary.parquet,move
results/validation_old_version/bogota/ground_station_comparison/ground_station_comparison/diffs_long.parquet,data/validation/bogota/ground_station_comparison/ground_station_comparison/diffs_long.parquet,move
results/validation_old_version/bogota/ground_station_comparison/ground_station_comparison/only_legacy.parquet,data/validation/bogota/ground_station_comparison/ground_station_comparison/only_legacy.parquet,move
results/validation_old_version/bogota/ground_station_comparison/ground_station_comparison/only_new.parquet,data/validation/bogota/ground_station_comparison/ground_station_comparison/only_new.parquet,move
results/validation_old_version/bogota/ground_station_comparison/ground_station_comparison/station_audit.parquet,data/validation/bogota/ground_station_comparison/ground_station_comparison/station_audit.parquet,move
results/validation_old_version/bogota/ground_station_comparison/only_legacy.parquet,data/validation/bogota/ground_station_comparison/only_legacy.parquet,move
results/validation_old_version/bogota/ground_station_comparison/only_new.parquet,data/validation/bogota/ground_station_comparison/only_new.parquet,move
results/validation_old_version/bogota/ground_station_comparison/station_audit.parquet,data/validation/bogota/ground_station_comparison/station_audit.parquet,move
results/validation_old_version/bogota/map_bogota_new_metro_old_stations_2005_3km.pdf,data/validation/bogota/map_bogota_new_metro_old_stations_2005_3km.pdf,move
results/validation_old_version/bogota/map_bogota_new_metro_old_stations_2005_5km.pdf,data/validation/bogota/map_bogota_new_metro_old_stations_2005_5km.pdf,move
results/validation_old_version/bogota/metro_area_comparison/legacy_metro.gpkg,data/validation/bogota/metro_area_comparison/legacy_metro.gpkg,move
results/validation_old_version/bogota/metro_area_comparison/legacy_stations.gpkg,data/validation/bogota/metro_area_comparison/legacy_stations.gpkg,move
results/validation_old_version/bogota/metro_area_comparison/metro_summary.parquet,data/validation/bogota/metro_area_comparison/metro_summary.parquet,move
results/validation_old_version/bogota/metro_area_comparison/new_metro.gpkg,data/validation/bogota/metro_area_comparison/new_metro.gpkg,move
results/validation_old_version/bogota/metro_area_comparison/new_stations.gpkg,data/validation/bogota/metro_area_comparison/new_stations.gpkg,move
results/validation_old_version/bogota/outlier_comparison/outlier_comparison.parquet,data/validation/bogota/outlier_comparison/outlier_comparison.parquet,move
results/validation_old_version/bogota/outlier_comparison/step_summary.parquet,data/validation/bogota/outlier_comparison/step_summary.parquet,move
results/tables/table_census_coverage.tex,results/tables/census_summary_table.tex,deduplicate_identical
results/validation_old_version/bogota/bogota_report.qmd,data/verification/migration-baseline/original-reports/bogota_report.qmd,preserve_original_source
