comparison_id,actual_path,baseline_path,keys,atol,rtol,justification
station_hourly_bogota,data/processed/station_hourly/bogota_pm25_2023.parquet,station_hourly/bogota_pm25_2023.parquet,datetime,1e-10,1e-8,Current-input candidate requires human baseline review
station_hourly_cdmx,data/processed/station_hourly/cdmx_pm25_2023.parquet,station_hourly/cdmx_pm25_2023.parquet,datetime,1e-10,1e-8,Current-input candidate requires human baseline review
station_hourly_santiago,data/processed/station_hourly/santiago_pm25_2023.parquet,station_hourly/santiago_pm25_2023.parquet,datetime,1e-10,1e-8,Current-input candidate requires human baseline review
station_hourly_sao_paulo,data/processed/station_hourly/sao_paulo_pm25_2023.parquet,station_hourly/sao_paulo_pm25_2023.parquet,datetime,1e-10,1e-8,Current-input candidate requires human baseline review
station_episodes_it2,data/processed/station_hourly/episodes_it2_2023.csv,station_hourly/episodes_it2_2023.csv,city;Date;Hour,0,0,Exact episode starts and durations; current-input candidate requires human baseline review
quality_bogota,data/processed/pollution_quality/bogota_quality_summary.csv,pollution_quality/bogota_quality_summary.csv,station;year;pollutant;source_validation;screen_reason;outlier_reason,0,0,Human review required for the revised observed-quality specification
quality_records_bogota,data/processed/pollution_quality/bogota_review_records.csv,pollution_quality/bogota_review_records.csv,station;datetime;year;pollutant;input_id,0,0,Human review required for the revised observed-quality specification
quality_cdmx,data/processed/pollution_quality/cdmx_quality_summary.csv,pollution_quality/cdmx_quality_summary.csv,station;year;pollutant;source_validation;screen_reason;outlier_reason,0,0,Human review required for the revised observed-quality specification
quality_records_cdmx,data/processed/pollution_quality/cdmx_review_records.csv,pollution_quality/cdmx_review_records.csv,station;datetime;year;pollutant;input_id,0,0,Human review required for the revised observed-quality specification
quality_santiago,data/processed/pollution_quality/santiago_quality_summary.csv,pollution_quality/santiago_quality_summary.csv,station;year;pollutant;source_validation;screen_reason;outlier_reason,0,0,Human review required for the revised observed-quality specification
quality_records_santiago,data/processed/pollution_quality/santiago_review_records.csv,pollution_quality/santiago_review_records.csv,station;datetime;year;pollutant;input_id,0,0,Human review required for the revised observed-quality specification
quality_sao_paulo,data/processed/pollution_quality/sao_paulo_quality_summary.csv,pollution_quality/sao_paulo_quality_summary.csv,station;year;pollutant;source_validation;screen_reason;outlier_reason,0,0,Human review required for the revised observed-quality specification
quality_records_sao_paulo,data/processed/pollution_quality/sao_paulo_review_records.csv,pollution_quality/sao_paulo_review_records.csv,station;datetime;year;pollutant;input_id,0,0,Human review required for the revised observed-quality specification
cdmx_source_manifest,data/interim/monitoring_stations/cdmx_metro_source_manifest.csv,sources/cdmx_metro_source_manifest.csv,source_id;source_file,0,0,Human review required for the revised observed-quality specification
cdmx_source_coverage,data/interim/monitoring_stations/cdmx_metro_source_coverage.csv,sources/cdmx_metro_source_coverage.csv,source_id;station;station_code;year;pollutant;unit,0,0,Human review required for the revised observed-quality specification
stations_by_pollutant_2023,data/processed/station_counts/stations_by_pollutant_2023.csv,descriptives/stations_by_pollutant_2023.csv,city,1e-10,1e-8,Human review required for the revised observed-quality specification
days_and_hours_2023,data/processed/threshold_exceedances/days_and_hours_2023.csv,descriptives/days_and_hours_2023.csv,city;year;series;pollutant;threshold,1e-10,1e-8,Human review required for the revised observed-quality specification
missing_by_education_quintile_2023,data/processed/missing_proportions/missing_by_education_quintile_2023.csv,descriptives/missing_by_education_quintile_2023.csv,city;year;pollutant;quintile;statistic,1e-10,1e-8,Human review required for the revised observed-quality specification
idw_regressions_exposure_ci_estimates_education_3km_2023,data/processed/idw_regressions/exposure_ci_estimates_education_3km_2023.csv,idw_regressions/exposure_ci_estimates_education_3km_2023.csv,city;city_id;year;buffer_km;socioeconomic_var;group_type;outcome;pollutant;group,1e-10,1e-8,Exposure plot and table coefficients; unreviewed current-input baseline required
idw_regressions_exposure_ci_estimates_education_5km_2023,data/processed/idw_regressions/exposure_ci_estimates_education_5km_2023.csv,idw_regressions/exposure_ci_estimates_education_5km_2023.csv,city;city_id;year;buffer_km;socioeconomic_var;group_type;outcome;pollutant;group,1e-10,1e-8,Exposure plot and table coefficients; unreviewed current-input baseline required
idw_regressions_exposure_ci_estimates_education_individual_3km_2023,data/processed/idw_regressions/exposure_ci_estimates_education_individual_3km_2023.csv,idw_regressions/exposure_ci_estimates_education_individual_3km_2023.csv,city;city_id;year;buffer_km;socioeconomic_var;group_type;outcome;pollutant;group,1e-10,1e-8,Exposure plot and table coefficients; unreviewed current-input baseline required
idw_regressions_exposure_ci_estimates_income_3km_2023,data/processed/idw_regressions/exposure_ci_estimates_income_3km_2023.csv,idw_regressions/exposure_ci_estimates_income_3km_2023.csv,city;city_id;year;buffer_km;socioeconomic_var;group_type;outcome;pollutant;group,1e-10,1e-8,Exposure plot and table coefficients; unreviewed current-input baseline required
idw_regressions_exposure_ci_estimates_income_5km_2023,data/processed/idw_regressions/exposure_ci_estimates_income_5km_2023.csv,idw_regressions/exposure_ci_estimates_income_5km_2023.csv,city;city_id;year;buffer_km;socioeconomic_var;group_type;outcome;pollutant;group,1e-10,1e-8,Exposure plot and table coefficients; unreviewed current-input baseline required
idw_regressions_imputed_exposure_ci_estimates_education_3km_2023,data/processed/idw_regressions_imputed/exposure_ci_estimates_education_3km_2023.csv,idw_regressions_imputed/exposure_ci_estimates_education_3km_2023.csv,city;city_id;year;buffer_km;socioeconomic_var;group_type;outcome;pollutant;group,1e-10,1e-8,Exposure plot and table coefficients; unreviewed current-input baseline required
paper_tables_missing_by_education_quintile_2023,results/tables/missing_by_education_quintile_2023.tex,manuscript_tables/missing_by_education_quintile_2023.tex,,0,0,Literal manuscript table content after reviewed regeneration
paper_tables_stations_by_pollutant_2023,results/tables/stations_by_pollutant_2023.tex,manuscript_tables/stations_by_pollutant_2023.tex,,0,0,Literal manuscript table content after reviewed regeneration
paper_tables_table_avg_hours_above_thresholds,results/tables/table_avg_hours_above_thresholds.tex,manuscript_tables/table_avg_hours_above_thresholds.tex,,0,0,Literal manuscript table content after reviewed regeneration
paper_tables_table_census_coverage,results/tables/census_summary_table.tex,manuscript_tables/census_summary_table.tex,,0,0,Literal manuscript table content after reviewed regeneration
paper_tables_table_days_above_thresholds,results/tables/table_days_above_thresholds.tex,manuscript_tables/table_days_above_thresholds.tex,,0,0,Literal manuscript table content after reviewed regeneration
paper_tables_table_descriptives_a,results/tables/table_descriptives_a.tex,manuscript_tables/table_descriptives_a.tex,,0,0,Literal manuscript table content after reviewed regeneration
paper_tables_table_descriptives_b,results/tables/table_descriptives_b.tex,manuscript_tables/table_descriptives_b.tex,,0,0,Literal manuscript table content after reviewed regeneration
paper_tables_table_hours_above_education_quintiles,results/tables/table_hours_above_education_quintiles.tex,manuscript_tables/table_hours_above_education_quintiles.tex,,0,0,Literal manuscript table content after reviewed regeneration
paper_tables_table_hours_above_income_groups,results/tables/table_hours_above_income_groups.tex,manuscript_tables/table_hours_above_income_groups.tex,,0,0,Literal manuscript table content after reviewed regeneration
paper_tables_table_means_education_quintiles,results/tables/table_means_education_quintiles.tex,manuscript_tables/table_means_education_quintiles.tex,,0,0,Literal manuscript table content after reviewed regeneration
paper_tables_table_means_income_groups,results/tables/table_means_income_groups.tex,manuscript_tables/table_means_income_groups.tex,,0,0,Literal manuscript table content after reviewed regeneration
observed_panel_bogota,data/processed/monitoring_stations_outliers/bogota_metro_clean/year=2023/data.parquet,observed_panels/bogota_2023.parquet,station;datetime;year,1e-10,1e-8,Observed concentrations and quality/statistical fields; revised baseline review required
imputed_predictions_bogota,data/processed/imputed_ols/bogota_imputed_predictions.parquet,imputation/bogota_predictions.parquet,station_id;datetime;pollutant,1e-10,1e-8,Imputation diagnostic plot data; observed quality holds remain distinct
observed_panel_cdmx,data/processed/monitoring_stations_outliers/cdmx_metro_clean/year=2023/data.parquet,observed_panels/cdmx_2023.parquet,station;datetime;year,1e-10,1e-8,Observed concentrations and quality/statistical fields; revised baseline review required
imputed_predictions_cdmx,data/processed/imputed_ols/cdmx_imputed_predictions.parquet,imputation/cdmx_predictions.parquet,station_id;datetime;pollutant,1e-10,1e-8,Imputation diagnostic plot data; observed quality holds remain distinct
observed_panel_santiago,data/processed/monitoring_stations_outliers/santiago_metro_clean/year=2023/data.parquet,observed_panels/santiago_2023.parquet,station;datetime;year,1e-10,1e-8,Observed concentrations and quality/statistical fields; revised baseline review required
imputed_predictions_santiago,data/processed/imputed_ols/santiago_imputed_predictions.parquet,imputation/santiago_predictions.parquet,station_id;datetime;pollutant,1e-10,1e-8,Imputation diagnostic plot data; observed quality holds remain distinct
observed_panel_sao_paulo,data/processed/monitoring_stations_outliers/sao_paulo_metro_clean/year=2023/data.parquet,observed_panels/sao_paulo_2023.parquet,station;datetime;year,1e-10,1e-8,Observed concentrations and quality/statistical fields; revised baseline review required
imputed_predictions_sao_paulo,data/processed/imputed_ols/sao_paulo_imputed_predictions.parquet,imputation/sao_paulo_predictions.parquet,station_id;datetime;pollutant,1e-10,1e-8,Imputation diagnostic plot data; observed quality holds remain distinct
station_context_bogota_2018,data/processed/station_socio_exposure/bogota_2018/bogota_2018_2023_3km_station_socio.parquet,station_context/bogota_2018_2023.parquet,station_id;year,1e-10,1e-8,Monitoring and scatter plot inputs; context definitions remain unchanged
idw_bogota_2018_3km,data/processed/idw_estimates/bogota_2018/bogota_2018_3km_idw_exposure.parquet,idw/bogota_2018_3km.parquet,geo_id;year,1e-10,1e-8,IDW annual numerical and distribution-plot data; review changed observed inputs
idw_bogota_2018_5km,data/processed/idw_estimates/bogota_2018/bogota_2018_5km_idw_exposure.parquet,idw/bogota_2018_5km.parquet,geo_id;year,1e-10,1e-8,IDW annual numerical and distribution-plot data; review changed observed inputs
idw_bogota_2018_20km,data/processed/idw_estimates/bogota_2018/bogota_2018_20km_idw_exposure.parquet,idw/bogota_2018_20km.parquet,geo_id;year,1e-10,1e-8,IDW annual numerical and distribution-plot data; review changed observed inputs
station_context_cdmx_2020,data/processed/station_socio_exposure/cdmx_2020/cdmx_2020_2023_station_socio.parquet,station_context/cdmx_2020_2023.parquet,station_id;year,1e-10,1e-8,Monitoring and scatter plot inputs; context definitions remain unchanged
idw_cdmx_2020_3km,data/processed/idw_estimates/cdmx_2020/cdmx_2020_3km_idw_exposure.parquet,idw/cdmx_2020_3km.parquet,geo_id;year,1e-10,1e-8,IDW annual numerical and distribution-plot data; review changed observed inputs
idw_cdmx_2020_5km,data/processed/idw_estimates/cdmx_2020/cdmx_2020_5km_idw_exposure.parquet,idw/cdmx_2020_5km.parquet,geo_id;year,1e-10,1e-8,IDW annual numerical and distribution-plot data; review changed observed inputs
idw_cdmx_2020_20km,data/processed/idw_estimates/cdmx_2020/cdmx_2020_20km_idw_exposure.parquet,idw/cdmx_2020_20km.parquet,geo_id;year,1e-10,1e-8,IDW annual numerical and distribution-plot data; review changed observed inputs
station_context_santiago_2017,data/processed/station_socio_exposure/santiago_2017/santiago_2017_2023_station_socio.parquet,station_context/santiago_2017_2023.parquet,station_id;year,1e-10,1e-8,Monitoring and scatter plot inputs; context definitions remain unchanged
idw_santiago_2017_3km,data/processed/idw_estimates/santiago_2017/santiago_2017_3km_idw_exposure.parquet,idw/santiago_2017_3km.parquet,geo_id;year,1e-10,1e-8,IDW annual numerical and distribution-plot data; review changed observed inputs
idw_santiago_2017_5km,data/processed/idw_estimates/santiago_2017/santiago_2017_5km_idw_exposure.parquet,idw/santiago_2017_5km.parquet,geo_id;year,1e-10,1e-8,IDW annual numerical and distribution-plot data; review changed observed inputs
idw_santiago_2017_20km,data/processed/idw_estimates/santiago_2017/santiago_2017_20km_idw_exposure.parquet,idw/santiago_2017_20km.parquet,geo_id;year,1e-10,1e-8,IDW annual numerical and distribution-plot data; review changed observed inputs
idw_santiago_2024_3km,data/processed/idw_estimates/santiago_2024/santiago_2024_3km_idw_exposure.parquet,idw/santiago_2024_3km.parquet,geo_id;year,1e-10,1e-8,IDW annual numerical and distribution-plot data; review changed observed inputs
idw_santiago_2024_5km,data/processed/idw_estimates/santiago_2024/santiago_2024_5km_idw_exposure.parquet,idw/santiago_2024_5km.parquet,geo_id;year,1e-10,1e-8,IDW annual numerical and distribution-plot data; review changed observed inputs
idw_santiago_2024_20km,data/processed/idw_estimates/santiago_2024/santiago_2024_20km_idw_exposure.parquet,idw/santiago_2024_20km.parquet,geo_id;year,1e-10,1e-8,IDW annual numerical and distribution-plot data; review changed observed inputs
station_context_sao_paulo_2010,data/processed/station_socio_exposure/sao_paulo_2010/sao_paulo_2010_2023_station_socio.parquet,station_context/sao_paulo_2010_2023.parquet,station_id;year,1e-10,1e-8,Monitoring and scatter plot inputs; context definitions remain unchanged
idw_sao_paulo_2010_3km,data/processed/idw_estimates/sao_paulo_2010/sao_paulo_2010_3km_idw_exposure.parquet,idw/sao_paulo_2010_3km.parquet,geo_id;year,1e-10,1e-8,IDW annual numerical and distribution-plot data; review changed observed inputs
idw_sao_paulo_2010_5km,data/processed/idw_estimates/sao_paulo_2010/sao_paulo_2010_5km_idw_exposure.parquet,idw/sao_paulo_2010_5km.parquet,geo_id;year,1e-10,1e-8,IDW annual numerical and distribution-plot data; review changed observed inputs
idw_sao_paulo_2010_20km,data/processed/idw_estimates/sao_paulo_2010/sao_paulo_2010_20km_idw_exposure.parquet,idw/sao_paulo_2010_20km.parquet,geo_id;year,1e-10,1e-8,IDW annual numerical and distribution-plot data; review changed observed inputs
quality_diagnostics_bogota,data/processed/monitoring_stations_outliers/bogota_metro_clean/_audit/station_month_diagnostics.parquet,pollution_quality/bogota_station_month_diagnostics.parquet,station;year;month;pollutant,0,0,Compact schema diagnostics require a reviewed revision-matched baseline
quality_inputs_bogota,data/processed/monitoring_stations_outliers/bogota_metro_clean/_audit/input_partitions.csv,pollution_quality/bogota_input_partitions.csv,year,0,0,Input identities require a reviewed revision-matched baseline
quality_diagnostics_cdmx,data/processed/monitoring_stations_outliers/cdmx_metro_clean/_audit/station_month_diagnostics.parquet,pollution_quality/cdmx_station_month_diagnostics.parquet,station;year;month;pollutant,0,0,Compact schema diagnostics require a reviewed revision-matched baseline
quality_inputs_cdmx,data/processed/monitoring_stations_outliers/cdmx_metro_clean/_audit/input_partitions.csv,pollution_quality/cdmx_input_partitions.csv,year,0,0,Input identities require a reviewed revision-matched baseline
quality_diagnostics_santiago,data/processed/monitoring_stations_outliers/santiago_metro_clean/_audit/station_month_diagnostics.parquet,pollution_quality/santiago_station_month_diagnostics.parquet,station;year;month;pollutant,0,0,Compact schema diagnostics require a reviewed revision-matched baseline
quality_inputs_santiago,data/processed/monitoring_stations_outliers/santiago_metro_clean/_audit/input_partitions.csv,pollution_quality/santiago_input_partitions.csv,year,0,0,Input identities require a reviewed revision-matched baseline
quality_diagnostics_sao_paulo,data/processed/monitoring_stations_outliers/sao_paulo_metro_clean/_audit/station_month_diagnostics.parquet,pollution_quality/sao_paulo_station_month_diagnostics.parquet,station;year;month;pollutant,0,0,Compact schema diagnostics require a reviewed revision-matched baseline
quality_inputs_sao_paulo,data/processed/monitoring_stations_outliers/sao_paulo_metro_clean/_audit/input_partitions.csv,pollution_quality/sao_paulo_input_partitions.csv,year,0,0,Input identities require a reviewed revision-matched baseline
quality_sources_cdmx_2023,data/processed/monitoring_stations_outliers/cdmx_metro_clean/_audit/source_contributions/year=2023/data.parquet,pollution_quality/cdmx_source_contributions_2023.parquet,station;datetime;year;pollutant;input_id,0,0,Actual source links require a reviewed revision-matched baseline
quality_sources_cdmx_2000,data/processed/monitoring_stations_outliers/cdmx_metro_clean/_audit/source_contributions/year=2000/data.parquet,pollution_quality/cdmx_source_contributions_2000.parquet,station;datetime;year;pollutant;input_id,0,0,Actual source links require a reviewed revision-matched baseline
quality_sources_cdmx_2001,data/processed/monitoring_stations_outliers/cdmx_metro_clean/_audit/source_contributions/year=2001/data.parquet,pollution_quality/cdmx_source_contributions_2001.parquet,station;datetime;year;pollutant;input_id,0,0,Actual source links require a reviewed revision-matched baseline
quality_sources_cdmx_2002,data/processed/monitoring_stations_outliers/cdmx_metro_clean/_audit/source_contributions/year=2002/data.parquet,pollution_quality/cdmx_source_contributions_2002.parquet,station;datetime;year;pollutant;input_id,0,0,Actual source links require a reviewed revision-matched baseline
quality_sources_cdmx_2003,data/processed/monitoring_stations_outliers/cdmx_metro_clean/_audit/source_contributions/year=2003/data.parquet,pollution_quality/cdmx_source_contributions_2003.parquet,station;datetime;year;pollutant;input_id,0,0,Actual source links require a reviewed revision-matched baseline
quality_sources_cdmx_2004,data/processed/monitoring_stations_outliers/cdmx_metro_clean/_audit/source_contributions/year=2004/data.parquet,pollution_quality/cdmx_source_contributions_2004.parquet,station;datetime;year;pollutant;input_id,0,0,Actual source links require a reviewed revision-matched baseline
quality_sources_cdmx_2005,data/processed/monitoring_stations_outliers/cdmx_metro_clean/_audit/source_contributions/year=2005/data.parquet,pollution_quality/cdmx_source_contributions_2005.parquet,station;datetime;year;pollutant;input_id,0,0,Actual source links require a reviewed revision-matched baseline
quality_sources_cdmx_2006,data/processed/monitoring_stations_outliers/cdmx_metro_clean/_audit/source_contributions/year=2006/data.parquet,pollution_quality/cdmx_source_contributions_2006.parquet,station;datetime;year;pollutant;input_id,0,0,Actual source links require a reviewed revision-matched baseline
quality_sources_cdmx_2007,data/processed/monitoring_stations_outliers/cdmx_metro_clean/_audit/source_contributions/year=2007/data.parquet,pollution_quality/cdmx_source_contributions_2007.parquet,station;datetime;year;pollutant;input_id,0,0,Actual source links require a reviewed revision-matched baseline
quality_sources_cdmx_2008,data/processed/monitoring_stations_outliers/cdmx_metro_clean/_audit/source_contributions/year=2008/data.parquet,pollution_quality/cdmx_source_contributions_2008.parquet,station;datetime;year;pollutant;input_id,0,0,Actual source links require a reviewed revision-matched baseline
quality_sources_cdmx_2009,data/processed/monitoring_stations_outliers/cdmx_metro_clean/_audit/source_contributions/year=2009/data.parquet,pollution_quality/cdmx_source_contributions_2009.parquet,station;datetime;year;pollutant;input_id,0,0,Actual source links require a reviewed revision-matched baseline
quality_sources_cdmx_2010,data/processed/monitoring_stations_outliers/cdmx_metro_clean/_audit/source_contributions/year=2010/data.parquet,pollution_quality/cdmx_source_contributions_2010.parquet,station;datetime;year;pollutant;input_id,0,0,Actual source links require a reviewed revision-matched baseline
quality_sources_cdmx_2011,data/processed/monitoring_stations_outliers/cdmx_metro_clean/_audit/source_contributions/year=2011/data.parquet,pollution_quality/cdmx_source_contributions_2011.parquet,station;datetime;year;pollutant;input_id,0,0,Actual source links require a reviewed revision-matched baseline
quality_sources_cdmx_2012,data/processed/monitoring_stations_outliers/cdmx_metro_clean/_audit/source_contributions/year=2012/data.parquet,pollution_quality/cdmx_source_contributions_2012.parquet,station;datetime;year;pollutant;input_id,0,0,Actual source links require a reviewed revision-matched baseline
quality_sources_cdmx_2013,data/processed/monitoring_stations_outliers/cdmx_metro_clean/_audit/source_contributions/year=2013/data.parquet,pollution_quality/cdmx_source_contributions_2013.parquet,station;datetime;year;pollutant;input_id,0,0,Actual source links require a reviewed revision-matched baseline
quality_sources_cdmx_2014,data/processed/monitoring_stations_outliers/cdmx_metro_clean/_audit/source_contributions/year=2014/data.parquet,pollution_quality/cdmx_source_contributions_2014.parquet,station;datetime;year;pollutant;input_id,0,0,Actual source links require a reviewed revision-matched baseline
quality_sources_cdmx_2015,data/processed/monitoring_stations_outliers/cdmx_metro_clean/_audit/source_contributions/year=2015/data.parquet,pollution_quality/cdmx_source_contributions_2015.parquet,station;datetime;year;pollutant;input_id,0,0,Actual source links require a reviewed revision-matched baseline
quality_sources_cdmx_2016,data/processed/monitoring_stations_outliers/cdmx_metro_clean/_audit/source_contributions/year=2016/data.parquet,pollution_quality/cdmx_source_contributions_2016.parquet,station;datetime;year;pollutant;input_id,0,0,Actual source links require a reviewed revision-matched baseline
quality_sources_cdmx_2017,data/processed/monitoring_stations_outliers/cdmx_metro_clean/_audit/source_contributions/year=2017/data.parquet,pollution_quality/cdmx_source_contributions_2017.parquet,station;datetime;year;pollutant;input_id,0,0,Actual source links require a reviewed revision-matched baseline
quality_sources_cdmx_2018,data/processed/monitoring_stations_outliers/cdmx_metro_clean/_audit/source_contributions/year=2018/data.parquet,pollution_quality/cdmx_source_contributions_2018.parquet,station;datetime;year;pollutant;input_id,0,0,Actual source links require a reviewed revision-matched baseline
quality_sources_cdmx_2019,data/processed/monitoring_stations_outliers/cdmx_metro_clean/_audit/source_contributions/year=2019/data.parquet,pollution_quality/cdmx_source_contributions_2019.parquet,station;datetime;year;pollutant;input_id,0,0,Actual source links require a reviewed revision-matched baseline
quality_sources_cdmx_2020,data/processed/monitoring_stations_outliers/cdmx_metro_clean/_audit/source_contributions/year=2020/data.parquet,pollution_quality/cdmx_source_contributions_2020.parquet,station;datetime;year;pollutant;input_id,0,0,Actual source links require a reviewed revision-matched baseline
quality_sources_cdmx_2021,data/processed/monitoring_stations_outliers/cdmx_metro_clean/_audit/source_contributions/year=2021/data.parquet,pollution_quality/cdmx_source_contributions_2021.parquet,station;datetime;year;pollutant;input_id,0,0,Actual source links require a reviewed revision-matched baseline
quality_sources_cdmx_2022,data/processed/monitoring_stations_outliers/cdmx_metro_clean/_audit/source_contributions/year=2022/data.parquet,pollution_quality/cdmx_source_contributions_2022.parquet,station;datetime;year;pollutant;input_id,0,0,Actual source links require a reviewed revision-matched baseline
